TOL Source ID,Source,PLACE ID,Source Display,Pages,BDRC ID,VIAF ID,OCLC ID,url other,Source Lang Tag,Source Display Lang Tag
1,,522,"<p>
Zla ba&#39;i &#39;od zer. 2006. <em>Khams stod dge rgyas nag tshang dgon sde&#39;i byung rabs kyi lo rgyus mes po&#39;i rjes dran</em>. Dge rgyal: dge rgyal nag tshang sde pa&#39;i mes po&#39;i rjes dran tshogs pa spel.</p>",,MW00EGS1016717,,,,,
2,,977,"<p>
&ldquo;g.yu thog rnam rgyal gling.&rdquo; In <em>Dzam lhaʼi me long</em>, 2007, p. 131&ndash;33. Khreng Tu&rsquo;u: Si khron dpe skrun tshogs pa si khron mi rigs dpe skrun khang.</p>",131-133,MW00KG07610,,,,,
3,,1075,"<p>
lha rnam rgyal rgya mtsho. 1999. <em>lha rgya ri gdung rabs</em>. 1 vols. New Delhi: Paljor Publications, pp. 16-21.</p>",16-21,MW00KG09731,,,,,
3,,424,"<p>
lha rnam rgyal rgya mtsho. 1999.&nbsp;<em>lha rgya ri gdung rabs</em>. 1 vols. New Delhi: Paljor Publications, pp. 20-21.</p>",20-21,MW00KG09731,,,,,
3,,1077,"<p>
lha rnam rgyal rgya mtsho. 1999.<em> lha rgya ri gdung rabs</em>. New Delhi: Paljor Publications, pp. 20-21.</p>",20-21,MW00KG09731,,,,,
4,,1488,"<p>
Ldan ma &#39;jam dbyangs tshul khrims. 1995-1997. <em>Khams stod kyi lo rgyus thor bsdus su bkod pa gangs phrug bsu ba&#39;i shing rta</em>, vol. 1, p. 45. Lanzhou: Kan su&#39;u mi rigs dpe skrun khang.</p>",45,MW18134,,,,,
4,,1489,"<p>
Ldan ma &#39;jam dbyangs tshul khrims. 1995-1997. <em>Khams stod kyi lo rgyus thor bsdus su bkod pa gangs phrug bsu ba&#39;i shing rta</em>, vol. 1, p. 45. Lanzhou: Kan su&#39;u mi rigs dpe skrun khang.</p>",45,MW18134,,,,,
4,,1516,"<p>
Ldan ma &#39;jam dbyangs tshul khrims. 1995-1997. <em>Khams stod kyi lo rgyus thor bsdus su bkod pa gangs phrug bsu ba&#39;i shing rta</em>, vol. 1, p. 47. Gansu: kan su&#39;u mi rigs dpe skrun khang.</p>",47,MW18134,,,,,
4,,1002,"<p>
ldan ma ʼjam dbyangs tshul khrims. 1995&ndash;1997.&nbsp;<em>Khams stod lo rgyus thor bsdus, vol. 1</em>. Kan suʼu mi rigs dpe skrun khang,&nbsp;p. 47a.</p>",47,MW18134,,,,,
4,,1498,"<p>&#39;Jam dbyangs tshul khrims. 1995-1997.&nbsp;<em>Khams stod lo rgyus thor bsdus</em>. Lanzhou: Kan su&#39;u mi rigs dpe skrun khan, vol. 1, p. 45.</p>",45,MW18134,,,,,
5,,219,"<p>
chab spel tshe brtan phun tshogs, mi &#39;gyur rdo rje. 1991.&nbsp;<em>bod kyi gal che&#39;i lo rgyus yig cha bdams bsgrigs</em>. \ 1 vols. lha sa: bod ljongs mi dmangs dpe skrun khang, p. 367.</p>",367,MW19220,,,,,
6,,390,"<p>
brug rje mkhan po 69 dge &#39;dun rin chen. 1976.<em> lho &#39;brug chos &#39;byung</em>. Bhutan: Nges don zung &#39;jug grub pa&#39;i dga&#39; tshal, p. 147.</p>",147,MW19809,,,,,
7,,1520,"<p>
2000.<em> lha sa grong khyer lha sa srid gros lo rgyus rig gnas dpyad yig rgyu cha rtsom &#39;bri u yon lhan khang</em>, p. 42.</p>",42,MW19856,,,,,
7,,1515,"<p>
Grong khyer lha sa srid gros lo rgyus rig gnas dpyad yig rgyu cha rtsom &#39;bri u yon lhan khang. 2000. <em>Snye mo rdzong</em>. Lhasa: Grong khyer lha sa srid gros lo rgyus rig gnas dpyad yig rgyu cha rtsom &#39;bri u yon lhan khang, pp. 44-45.</p>",44-45,MW19856,,,,,
8,,1224,"<p>
<em>dKar mdzes khul gyi dgon sde so soʼi lo rgyus gsal bar bshad pa</em>, Vol. 1. 1995. Reb gong pa ʼjigs med bsam grub, ed. Pe cin: Krung goʼi bod kyi shes rig dpe skrun khang, p. 299.</p>",299,MW19997,,,,,
8,,449,"<p>
<em>dKar mdzes khul gyi dgon sde so soʼi lo rgyus gsal bar bshad pa</em>, Vol. 1. 1995. Reb gong pa ʼjigs med bsam grub, ed. Pe cin: Krung goʼi bod kyi shes rig dpe skrun khang, p. 302.</p>",302,MW19997,,,,,
8,,518,"<p>
<em>dkar mdzes khul gyi dgon sde so soʼi lo rgyus gsal bar bshad pa</em>, Vol. 1. 1995. Reb gong pa ʼjigs med bsam grub, ed. Pe cin: Krung goʼi bod kyi shes rig dpe skrun khang, p. 309.</p>",309,MW19997,,,,,
8,,1183,"<p>
<em>dkar mdzes khul gyi dgon sde so soʼi lo rgyus gsal bar bshad pa</em>, Vol. 1. 1995. Reb gong pa ʼjigs med bsam grub, ed. Pe cin: Krung goʼi bod kyi shes rig dpe skrun khang, p. 445.</p>",445,MW19997,,,,,
8,,1337,"<p>
<em>dkar mdzes khul gyi dgon sde so soʼi lo rgyus gsal bar bshad pa</em>, Vol. 1. 1995. Reb gong pa ʼjigs med bsam grub, ed. Pe cin: Krung goʼi bod kyi shes rig dpe skrun khang, p. 449.</p>",449,MW19997,,,,,
8,,280,"<p>
<em>dkar mdzes khul gyi dgon sde so soʼi lo rgyus gsal bar bshad pa</em>, Vol. 1. 1995. Reb gong pa ʼjigs med bsam grub, ed. Pe cin: Krung goʼi bod kyi shes rig dpe skrun khang, p. 451.</p>",451,MW19997,,,,,
8,,1238,"<p>
<em>dkar mdzes khul gyi dgon sde so soʼi lo rgyus gsal bar bshad pa</em>, Vol. 1. 1995. Reb gong pa ʼjigs med bsam grub, ed. Pe cin: Krung goʼi bod kyi shes rig dpe skrun khang, p. 455.</p>",455,MW19997,,,,,
8,,1104,"<p>
<em>dkar mdzes khul gyi dgon sde so soʼi lo rgyus gsal bar bshad pa</em>, Vol. 1. 1995. Reb gong pa ʼjigs med bsam grub, ed. Pe cin: Krung goʼi bod kyi shes rig dpe skrun khang, p. 486.</p>",486,MW19997,,,,,
8,,955,"<p>
<em>dkar mdzes khul gyi dgon sde so soʼi lo rgyus gsal bar bshad pa</em>, Vol. 1. 1995. Reb gong pa ʼjigs med bsam grub, ed. Pe cin: Krung goʼi bod kyi shes rig dpe skrun khang, p. 526.</p>",526,MW19997,,,,,
8,,432,"<p>
<em>dkar mdzes khul gyi dgon sde so soʼi lo rgyus gsal bar bshad pa</em>, Vol. 1. 1995. Reb gong pa ʼjigs med bsam grub, ed. Pe cin: Krung goʼi bod kyi shes rig dpe skrun khang, p. 545.</p>",545,MW19997,,,,,
8,,1216,"<p>
<em>dkar mdzes khul gyi dgon sde so soʼi lo rgyus gsal bar bshad pa</em>, Vol. 1. 1995. Reb gong pa ʼjigs med bsam grub, ed. Pe cin: Krung goʼi bod kyi shes rig dpe skrun khang, p. 594.</p>",594,MW19997,,,,,
8,,145,"<p>
<em>dkar mdzes khul gyi dgon sde so soʼi lo rgyus gsal bar bshad pa</em>, Vol. 1. 1995. Reb gong pa ʼjigs med bsam grub, ed. Pe cin: Krung goʼi bod kyi shes rig dpe skrun khang, p. 604.</p>",604,MW19997,,,,,
8,,571,"<p>
<em>dkar mdzes khul gyi dgon sde so soʼi lo rgyus gsal bar bshad pa</em>, Vol. 1. 1995. Reb gong pa ʼjigs med bsam grub, ed. Pe cin: Krung goʼi bod kyi shes rig dpe skrun khang, p. 610.</p>",610,MW19997,,,,,
8,,1199,"<p>
<em>dkar mdzes khul gyi dgon sde so soʼi lo rgyus gsal bar bshad pa</em>, Vol. 1. 1995. Reb gong pa ʼjigs med bsam grub, ed. Pe cin: Krung goʼi bod kyi shes rig dpe skrun khang, p. 634.</p>",634,MW19997,,,,,
8,,450,"<p>
<em>Dkar mdzes khul gyi dgon sde so soʼi lo rgyus gsal bar bshad pa</em>, Vol. 1. 1995. Reb gong pa ʼjigs med bsam grub, ed. Pe cin: Krung goʼi bod kyi shes rig dpe skrun khang, pp. 324-332.</p>",324-332,MW19997,,,,,
8,,282,"<p>
<em>dkar mdzes khul gyi dgon sde so soʼi lo rgyus gsal bar bshad pa</em>, Vol. 1. 1995. Reb gong pa ʼjigs med bsam grub, ed. Pe cin: Krung goʼi bod kyi shes rig dpe skrun khang, pp. 466-471.</p>",466-471,MW19997,,,,,
8,,1056,"<p>
<em>dkar mdzes khul gyi dgon sde so soʼi lo rgyus gsal bar bshad pa</em>, Vol. 1. 1995. Reb gong pa ʼjigs med bsam grub, ed. Pe cin: Krung goʼi bod kyi shes rig dpe skrun khang, pp. 512-517.</p>",512-517,MW19997,,,,,
8,,547,"<p>
<em>dKar mdzes khul gyi dgon sde so soʼi lo rgyus gsal bar bshad pa</em>, Vol. 1. 1995. Reb gong pa ʼjigs med bsam grub, ed.&nbsp;Pe cin: Krung goʼi bod kyi shes rig dpe skrun khang, pp. 177-181.</p>",177-181,MW19997,,,,,
8,,1250,"<p>
1995. <em>dkar mdzes khul gyi dgon sde so so&#39;i lo rgyus gsal bar bshad pa,</em> Vol. 2. Reb gong pa &#39;jigs med bsam grub, ed. Pe cin: Krung go&#39;i bod kyi shes rig dpe skrun khang, p. 274.</p>",274,MW19997,,,,,
8,,1431,"<p>
Anon. <em>Dkar mdzes khul gyi dgon sde so so&#39;i lo rgyus gsal bar bshad pa</em>, vol. 2, pp. 477-490.</p>",,MW19997,,,,,
8,,1433,"<p>
Anon. 1995. <em>Dkar mdzes khul gyi dgon sde so so&#39;i lo rgyus gsal bar bshad pa</em>, vol. 2, pp. 591-595. Beijing: Krung go&#39;i bod kyi shes rig dpe skrun khang</p>",591-595,MW19997,,,,,
8,,1435,"<p>
Anon. 1995. <em>Dkar mdzes khul gyi dgon sde so so&#39;i lo rgyus gsal bar bshad pa</em>, vol. 2, pp. 595-598. Beijing: Krung go&#39;i bod kyi shes rig dpe skrun khang.</p>",595-598,MW19997,,,,,
8,,1434,"<p>
Anon. 1995. <em>Dkar mdzes khul gyi dgon sde so so&#39;i lo rgyus gsal bar bshad pa</em>, vol. 3, pp. 20-21. Beijing: Krung go&#39;i bod kyi shes rig dpe skrun khang</p>",20-21,MW19997,,,,,
8,,1429,"<p>
Anon. 1995.&nbsp; <em>Dkar mdzes khul gyi dgon sde so so&#39;i lo rgyus gsal bar bshad pa</em>. Beijing: Krung go&#39;i bod kyi shes rig dpe skrun khang,&nbsp;vol. 3, pp. 91-92</p>",91-92,MW19997,,,,,
8,,1630,"<p>
Anon.&nbsp;<em>Dkar mdzes khul gyi dgon sde so soʼi lo rgyus gsal bar bshad pa</em>, Vol. 1. 1995. Reb gong pa ʼjigs med bsam grub, ed. Pe cin: Krung goʼi bod kyi shes rig dpe skrun khang, pp. 163-168.</p>",163-168,MW19997,,,,,
8,,1632,"<p>
Anon.&nbsp;<em>Dkar mdzes khul gyi dgon sde so soʼi lo rgyus gsal bar bshad pa</em>, Vol. 1. 1995. Reb gong pa ʼjigs med bsam grub, ed. Pe cin: Krung goʼi bod kyi shes rig dpe skrun khang, pp. 543-545.</p>",543-545,MW19997,,,,,
8,,447,"<p>
Anon.<em> Dkar mdzes khul gyi dgon sde so soʼi lo rgyus gsal bar bshad pa</em>, Vol. 1. 1995. Reb gong pa ʼjigs med bsam grub, ed. Pe cin: Krung goʼi bod kyi shes rig dpe skrun khang, pp. 173-177.</p>",173-177,MW19997,,,,,
8,,1316,"<p>
dkar mdzes khul gyi dgon sde so so&#39;i lo rgyus gsal bar bshad pa/ Volume 3, p. 423.</p>",423,MW19997,,,,,
8,,1562,"<p>
Krung go&#39;i bod kyi shes rig zhib &#39;jug ste gnas. 1995. <em>Drwa ma dgon gyi lo rgyus</em>. In <em>Khams phyogs dkar mdzes khul gyi dgon sde so so&#39;i lo rgyus gsal bar bshad pathub bstan gsal ba&#39;i me long</em>. Vol. 1, pp. 454-455. Beijing: Krung go&#39;i bod kyi shes rig dpe skrun khang, 1995.</p>",,MW19997,,,,,
8,,1567,"<p>
Krung go&#39;i bod kyi shes rig zhib &#39;jug ste gnas. Mgon gzigs rab brtan dgon gi lo rgyus. In Khams phyogs dkar mdzes khul gyi dgon sde so so&#39;i lo rgyus gsal bar bshad pathub bstan gsal ba&#39;i me long. Vol. 3, p. 485. Beijing: Krung go&#39;i bod kyi shes rig dpe skrun khang, 1995.</p>",,MW19997,,,,,
8,,1556,"<p> Krung go&#39;i bod kyi shes rig zhib &#39;jug ste gnas.&nbsp;Brag Mkhar dgon pa&#39;i lo rgyus. In&nbsp;Khams <em>phyogs dkar mdzes khul gyi dgon sde so so&#39;i lo rgyus gsal bar bshad pa thub bstan gsal ba&#39;i me long</em>. Vol. 3, pp. 9-11. Beijing: Krung go&#39;i bod kyi shes rig dpe skrun khang, 1995.</p>",9-11,MW19997,,,,,
8,,1322,"<p>&#39;jigs med bsam grub . <em>dkar mdzes khul gyi dgon sde so so&#39;i lo rgyus gsal bar bshad pa/</em>. TBRC W19997. 3 vols. pe cin: krung go&#39;i bod kyi shes rig dpe skrun khang, 1995, pp. 414-418.</p>",414-418,MW19997,,,,,
8,,1491,"<p>&#39;Jigs med bsam grub, ed. 1995. <em>&#39;Gu zi dgon gyi lo rgyus</em>. In <em>Dkar mdzes khul gyi dgon sde so so&#39;i lo rgyus gsal bar bshad pa</em>, p. 464. Beijing: Krung go&#39;i bod kyi shes rig dpe skrun khang.</p>",464,MW19997,,,,,
8,,1415,"<p>&#39;Jigs med bsam grub, ed. 1995. <em>Ban rgan dgon pa (dkar mdzes rdzong)</em>. In <em>Dkar mdzes khul gyi dgon sde so so&#39;i lo rgyus gsal bar bshad pa</em>, vol. 1, pp. 182-191. Beijing: Krung go&#39;i bod kyi shes rig dpe skrun khang.</p>",182-191,MW19997,,,,,
8,,1339,"<p>&#39;Jigs med bsam grub, ed. 1995. <em>Lha &#39;brang dgon gyi lo rgyus</em>. In <em>Dkar mdzes khul gyi dgon sde so so&#39;i lo rgyus gsal bar bshad pa</em>, vol. 1, pp. 548-550. Beijing: Krung go&#39;i bod kyi shes rig dpe skrun khang.</p>",548-550,MW19997,,,,,
8,,1318,"<p>&#39;jigs med bsam grub. &nbsp;1995.&nbsp;<em>dkar mdzes khul gyi dgon sde so so&#39;i lo rgyus gsal bar bshad pa</em>. TBRC W19997. 3 vols. pe cin: krung go&#39;i bod kyi shes rig dpe skrun khang, vol. 1, p. 141.</p>",141,MW19997,,,,,
8,,826,"<p>&#39;jigs med bsam grub. 1995. <em>dkar mdzes khul gyi dgon sde so so&#39;i lo rgyus gsal bar bshad pa</em>. pe cin: krung go&#39;i bod kyi shes rig dpe skrun khang, vol. 3, pp. 171-174.</p>",171-174,MW19997,,,,,
8,,1404,"<p>&#39;Jigs med bsam grub. 1995. <em>Sga len dgon pa (sde dge rdzong)</em>. In <em>Dkar mdzes khul gyi dgon sde so so&#39;i lo rgyus gsal bar bshad pa</em>, vol. 1, pp. 456-458. Beijing: Krung go&#39;i bod kyi shes rig dpe skrun khang.</p>",456-458,MW19997,,,,,
8,,421,"<p>&#39;jigs med bsam grub. 1995.&nbsp;<em>dkar mdzes khul gyi dgon sde so so&#39;i lo rgyus gsal bar bshad pa</em>. 3 vols. pe cin: krung go&#39;i bod kyi shes rig dpe skrun khang, v. 1, pp. 122-131.</p>",122-131,MW19997,,,,,
8,,1450,"<p>&#39;Jigs med bsam grub. 1995.&nbsp;<em>Dkar mdzes khul gyi dgon sde so so&#39;i lo rgyus gsal bar bshad pa</em>. Beijing: Krung go&#39;i bod kyi shes rig dpe skrun khang, vol. 1, p. 577.</p>",577,MW19997,,,,,
8,,1341,"<p><em>dkar mdzes khul gyi dgon sde so so&#39;i lo rgyus gsal bar bshad pa</em>, Vol. 2. 1995. reb gong pa &#39;jigs med bsam grub, ed. pe cin: krung go&#39;i bod kyi shes rig dpe skrun khang, pp. 549-550</p>",549-550,MW19997,,,,,
8,,1242,"<p><em>dKar mdzes khul gyi dgon sde so soʼi lo rgyus gsal bar bshad pa</em>, Vol. 1. 1995. Reb gong pa ʼjigs med bsam grub, ed. Pe cin: Krung goʼi bod kyi shes rig dpe skrun khang, p. 198.&nbsp;</p>",198,MW19997,,,,,
8,,1277,"<p><em>dkar mdzes khul gyi dgon sde so soʼi lo rgyus gsal bar bshad pa</em>, Vol. 1. 1995. Reb gong pa ʼjigs med bsam grub, ed. Pe cin: Krung goʼi bod kyi shes rig dpe skrun khang, p. 252.&nbsp;</p>",252,MW19997,,,,,
8,,266,"<p>1995. <em>Dar rgyas dgon gyi lo rgyus</em>. In <em>Khams phyogs dkar mdzes khul gyi dgon sde so so&#39;i lo rgyus gsal bar bshad pa</em>, vol. 1, pp. 40&ndash;51. Beijing: Krung go&#39;i bod kyi shes rig dpe skrun khang.</p>",40-51,MW19997,,,,,
8,,1743,"<p>1995. <em>Khams phyogs dkar mdzes khul gyi dgon sde so so&#39;i lo rgyus gsal bar bshad pa thub bstan gsal ba&#39;i me long</em>, vol. 3, pp. 293-297.</p>",293-297,MW19997,,,,,
8,,43,"<p>1995. dkar mdzes khul gyi dgon sde so soʼi lo rgyus gsal bar bshad pa</em>, vol. 1. Reb gong pa ʼjigs med bsam grub, ed. Pe cin: Krung goʼi bod kyi shes rig dpe skrun khang, pp. 140-147.</p>",140-147,MW19997,,,,,
8,,1747,"<p>1995. nyag TAik+ka drug bstod dgon. In Dkar mdzes khul gyi dgon sde so so&#39;i lo rgyus gsal bar bshad pa, vol. 1, pp. 314-322. Beijing: Krung go&#39;i bod kyi shes rig dpe skrung khang.</p>",314-322,MW19997,,,,,
8,,351,"<p>
Reb gong pa ʼjigs med bsam grub (Ed.). (1995). Yang steng dgon (ʼdab pa rdzong). In <em>dKar mdzes khul gyi dgon sde so soʼi lo rgyus gsal bar bshad pa</em> (Vol. 3, pp. 524&ndash;532). Krung goʼi bod kyi shes rig dpe skrun khang</p>",,MW19997,,,,,
9,,1018,"<p>
Zhang zhung chos dbang grags pa. 2006. <em>Zhang zhung chos dbang grags paʼi bstod tshogs. Sangs rgyas mkhar gyis legs sgrig byas</em>. 1 vols. Lan Chou: Kan Su&rsquo;u Mi Rigs Dpe Skrun Khang, p. 3.</p>",3,MW1CZ2423,,,,,
10,,1335,"<p>
rdzogs chen dgon dang rdzogs chen pa rim byon/. 2003.1 vols. sde dge rdzong /: rdzogs chen shrI seng lnga rig nang bstan slob grwa/, p. 6. </p>",6,MW1CZ2507,,,,,
11,,952,"<p>
Tā la&#39;i bla ma 02 dge ʼdun rgya mtsho. &ldquo;rDo rje ʼchang kun dgaʼ rgyal mtshan dpal bzang poʼi zhal snga nas kyi rnam par thar pa la gsol ba ʼdebs pa.&rdquo; In<em> gSung ʼbum dge ʼdun rgya mtsho</em>, pp. 233&ndash;36. Dharamsala: Library Of Tibetan Works &amp; Archives, 2006.</p>",233-236,MW1CZ2857,,,,,
12,,1259,"<p>
1995. <em>dpal ldan bla ma dam pa ku mā ra ma ti&#39;zhal snga nas kyi rnam par thar pa mdo tsam du bya ba ngo mtshar bkod pa&#39;i sprin gyi rnga sgra</em>, 3rd ed. New Delhi: Nagwang Topgyel, p. 385</p>",385,MW1GS140233,,,,,
13,,416,"<p>
1995. <em>kan lho&#39;i bod brgyud nang bstan dgon sde so so&#39;i lo rgyus mdor bsdus</em>. Lan kru&#39;u: Kan lho&#39;i lo rgyus dpyad gzhi&#39;i yig rigs cus, p. 121.&nbsp;",121,MW1GS49973,,,,,
13,,409,"<p>1995. <em>kan lho&#39;i bod brgyud nang bstan dgon sde so so&#39;i lo rgyus mdor bsdus</em>. Lan kru&#39;u: Kan lho&#39;i lo rgyus dpyad gzhi&#39;i yig rigs cus,&nbsp;v. 2, p. 235.</p>",235,MW1GS49973,,,,,
14,,396,"<p>
chu skyes dge &#39;dun dpal bzang. 2007. <em>reb gong yul skor zin tho</em>. lan kru&#39;u: kan su&#39;u mi rigs dpe skrun khang, p. 232.</p>",232,MW1GS91829,,,,,
15,,1227,"<p>
Blo gros mtha&#39; yas. 2007-2008.&nbsp;<em>Rin chen gter mdzod chen mo</em>. New Delhi: Shechen Publications, Vol. 13, p. 362.</p>",362,MW1KG14,,,,,
16,,915,"<p>
Chos lo thar. 2000. <em>Lha sa man rtsis khang gi gdan rab dri med shel gyi me long</em>. 1 Vols. Dharamasala, H.P.: bod gzhung sman rtsis khang. </p>",,MW1KG22207,,,,,
16,,1530,"<p>
Chos lo thar. 2000. <em>Lha sa man rtsis khang gi gdan rab dri med shel gyi me long</em>. 1 Vols. Dharamasala, H.P.: bod gzhung sman rtsis khang.</p>",,MW1KG22207,,,,,
17,,411,"<p>
Tshul khrims bzang po. 2016.<em> sTong ʼkhor chos ʼbyung lhaʼi rgyud mang</em>. Par gzhi dang po, Tongkhor Shabdrung Ladrang.</p>",,MW1KG26067,,,,,
18,,445,"<p>
Dhongthog Rinpoche. 1974. <em>Ma bcos dngos &#39;brel brjod pa dus kyi sbrang char.</em> New Delhi, T. D. Dhongthog Rinpoche, p. 61.&nbsp;</p>",61,MW1KG26091,,,,,
19,,1361,"<p>
Lha lung &#39;chi med rdo rje and Zla g.yang. 2009. <em>Khams sde dge rgyal po&#39;i srid don lo rgyus</em>. Beijing: krung go&#39;i bod rig pa dpe skrun khang, p. 158.</p>",,MW1KG5539,,,,,
19,,1558,"<p>
Lha lung &#39;chi med rdo rje.&nbsp;2009.<em> Khams sde dge rgyal poʼi srid don lo rgyus</em>. Pe cin: Krung goʼi bod rig pa dpe skrun khang.</p>",,MW1KG5539,,,,,
19,,1491,"<p>&#39;Chi med rdo rje and Zla dbyangs. 2009. <em>Khams sde dge rgyal po&#39;i srid don lo gyus</em>. Beijing: Krung go&#39;i bod rig pa dpe skrun khang, p. 123</p>",123,MW1KG5539,,,,,
20,,1529,"<p>
Acharya Samten Gyatso Lapcha. 2008. &#39;bras ljongs dgon sde&#39;i lo rgyus. Gangtok, Namgyal Institute of Tibetology, p. 88. TBRC W1KG879</p>",88,MW1KG879,,,,,
20,,1528,"<p>
Acharya Samten Gyatso Lapcha. 2008. <em>&#39;bras ljongs dgon sde&#39;i lo rgy</em>us. Gangtok: Namgyal Institute of Tibetology, p. 143. TBRC W1KG879.</p>",143,MW1KG879,,,,,
20,,1353,"<p>
Acharya Samten Gyatso Lapcha. 2008. <em>&#39;bras ljongs dgon sde&#39;i lo rgyus.&nbsp;</em>Gangtok, Namgyal Institute of Tibetology, p. 9.&nbsp;</p>",9,MW1KG879,,,,,
20,,1144,"<p>
Acharya Samten Gyatso Lapcha. 2008. <em>&#39;bras ljongs dgon sde&#39;i lo rgyus.</em>&nbsp;Gangtok, Namgyal Institute of Tibetology, p. 44.</p>",44,MW1KG879,,,,,
20,,1526,"<p>
Acharya Samten Gyatso Lapcha. 2008.&nbsp;<em>&#39;bras ljongs dgon sde&#39;i lo rgyus</em>. Gangtok, Namgyal Institute of Tibetology, p. 114. TBRC W1KG879.</p>",114,MW1KG879,,,,,
21,,1229,"<p>
Smith, Gene. N.D. &quot;har gdong khams tshan (&#39;bras spungs sgo mang).&quot; In&nbsp;D<em>bus gtsang khul du shing par ji bzhugs kyi dkar chag phan bde&#39;i pad tshal &#39;byed pa&#39;i nyin byed</em>, pp.&nbsp;145-146.</p>",145-146,MW1KG9262,,,,,
21,,1469,"<p>
Smith, Gene. N.D. <em>Sgar pa ri khrod</em>. In <em>Dbus gtsang khul du shing par ji bzhugs kyi dkar chag phan bde&#39;i pad tshal &#39;byed pa&#39;i nyin byed</em>, pp. 147-148.</p>",147-148,MW1KG9262,,,,,
22,,1172,"<p>
thub bstan chos dar. 2008. <em>mdo mkhyen brtse ye shes rdo rje&#39;i gdung rgyud rim byon gyi rnam thar gsal ba&#39;i me long</em>. 1 vols. pe cin: krung go&#39;i bod rig pa dpe skrun khang.</p>",,MW1KG987,,,,,
22,,1436,"<p>
Thub bstan chos dar. 2008. <i>Mdo mkhyen brtse ye shes rdo rje&#39;i gdung rgyud rim byon gyi rnam thar gsal ba&#39;i me long</i>. Pe cin: Krung go&#39;i bod rig pa dpe skrun khang, pp. 85, 246.</p>","85, 246",MW1KG987,,,,,
22,,420,"<p>
Thub bstan chos dar. 2008.&nbsp;<em>Mdo mkhyen brtse ye shes rdo rje&#39;i gdung rgyud rim byon gyi rnam thar gsal ba&#39;i me long</em>. Beijing, Krung go&rsquo;i bod rig pa dpe skrun khang, p. 14.</p>",14,MW1KG987,,,,,
22,,1432,"<p>
mi nyag pa thub bstan chos dar. 2008. <em>mdo mkhyen brtse ye shes rdo rje&#39;i gdung rgyud rim byon gyi rnam thar gsal ba&#39;i me long</em>. pe cin: krung go&#39;i bod rig pa dpe skrun khang, p. 98.</p>
<p>
&nbsp;</p>",,MW1KG987,,,,,
23,,274,"<p>
2009. <em>krung go&#39;i bod brgyud dgon pa&#39;i dkar chag las kan su&#39;u glegs bam</em>. 1 vols. lan kru&#39;u/: kan su&#39;u mi rigs dpe skrun khang, p. 442-443.&nbsp;",442-443,MW1PD105777,,,,,
23,,1228,"<p>
2009. <em>krung go&#39;i bod brgyud dgon pa&#39;i dkar chag las kan su&#39;u glegs bam</em>. lan kru&#39;u: kan su&#39;u mi rigs dpe skrun khang, p. 718.</p>",718,MW1PD105777,,,,,
23,,983,"<p>
2009. <em>krung go&#39;i bod brgyud dgon pa&#39;i dkar chag las kan su&#39;u glegs bam</em>.&nbsp;lan kru&#39;u:&nbsp;kan su&#39;u mi rigs dpe skrun khang, p. 756.</p>",756,MW1PD105777,,,,,
23,,1274,"<p>
<em>krung go&#39;i bod brgyud dgon pa&#39;i dkar chag las kan su&#39;u glegs bam</em>. 2009. 1 vols. lan kru&#39;u/: kan su&#39;u mi rigs dpe skrun khang, pp. 753-754.</p>",753-754,MW1PD105777,,,,,
24,,339,"<p>
bsod gnam rgya mtsho, nor bu sgrol dkar.<em> bstan rtsis ka phreng lag deb</em>. 2000.&nbsp;1 vols. pe cin: mi rigs dpe skrun khang, p. 88.&nbsp;</p>",88,MW20115,,,,,
24,,136,"<p>
Nor bu sgrol dkar, and bsod gnam rgya mtsho. 2000. <em>Bstan rtsis ka phreng lag deb</em>. Pe cin: Mi rigs dpe skrun khang, p. 601.</p>",,MW20115,,,,,
25,,488,"<p>
Don grub dbang rgyal. 1992. <em>Mgo log lo rgyus deb ther</em>. Zi ling: mTsho sngon mi rigs dpe skrun khang, p. 148.</p>",148,MW20140,,,,,
25,,696,"<p>
Don grub dbang rgyal. 1992. <em>Mgo log lo rgyus deb ther</em>. Zi ling: mtsho sngon mi rigs dpe skrun khang, p. 154.</p>",154,MW20140,,,,,
25,,1244,"<p>
Don grub dbang rgyal. 1992. <em>Mgo log lo rgyus deb ther</em>. Zi ling: mtsho sngon mi rigs dpe skrun khang, p. 155.&nbsp;</p>",155,MW20140,,,,,
25,,489,"<p>
Don grub dbang rgyal. 1992. <em>Mgo log lo rgyus deb ther</em>. Zi ling: mtsho sngon mi rigs dpe skrun khang, p. 193.</p>",193,MW20140,,,,,
25,,621,"Don grub dbang rgyal. 1992. Mgo log lo rgyus deb ther. Zi ling: mtsho sngon mi rigs dpe skrun khang, p. 162.",152,MW20140,,,,,
25,,490,"<p>
Nor sde and Don grub dbang rgyal. 1992. <em>Go log lo rgyus deb ther</em>. Zi ling: mTsho sngon mi rigs dpe skrun khang, p. 196.&nbsp;</p>",,MW20140,,,,,
26,,370,"<p>
1997. <em>grong khyer lha saʼi lo rgyus rig gnas</em>, vol. 5, &quot;Mal gro gung dkar rdzong&quot;. Lha sa: Lha sa grong khyer khul, p. 39.</p>",39,MW20169,,,,,
26,,539,"<p>
Grong khyer lha saʼi khul. 1994. <em>Dga&#39; ldan dgon pa dang brag yer paʼi lo rgyus</em>, p. 59.</p>",59,MW20212,,,,,
27,,1042,"<p>
1999. <em>Mtsho lho khul gyi dgon sde khag gi lo rgyus snying bsdus</em>. Zi ling: mtsho sngon mi rigs dpe skrun khang, p. 156.</p>",156,MW20214,,,,,
27,,442,"<p>
1999. <em>Mtsho lho khul gyi dgon sde khag gi lo rgyus snying bsdus</em>. Zi ling: mtsho sngon mi rigs dpe skrun khang, p. 231.</p>",231,MW20214,,,,,
27,,982,"<p>
1999. <em>Mtsho lho khul gyi dgon sde khag gi lo rgyus snying bsdus</em>. Zi ling: mtsho sngon mi rigs dpe skrun khang, p. 446.&nbsp;</p>",446,MW20214,,,,,
27,,1041,"<p>
1999. <em>Mtsho lho khul gyi dgon sde khag gi lo rgyus snying bsdus</em>. Zi ling: mtsho sngon mi rigs dpe skrun khang, p. 561.</p>",561,MW20214,,,,,
27,,464,"<p>
1999. <em>Mtsho lho khul gyi dgon sde khag gi lo rgyus snying bsdus</em>. Zi ling: mtsho sngon mi rigs dpe skrun khang, p. 675.</p>",675,MW20214,,,,,
27,,296,"<p>
1999. <em>Mtsho lho khul gyi dgon sde khag gi lo rgyus snying bsdus</em>. Zi ling: mtsho sngon mi rigs dpe skrun khang, p. 87.</p>",87,MW20214,,,,,
28,,1317,"<p>
1999. Chu shur rdzong. Grong khyer lha saʼi gzhung, pp. 39-40.</p>",39-40,MW20234,,,,,
29,,445,"<p>
Blo gros phun tshogs. 1992. &ldquo;Khams bye bshad grwaʼi lo rgyus mdo tsam brjod pa.&rdquo; In <em>Krung goʼi bod kyi shes rig</em>, vol. 18, pp. 122&ndash;34. Beijing: Krung goʼi bod kyi shes rig dus deb khang.&nbsp;</p>",122-134,MW20242,,,,,
30,,1480,"<p>
Tshe dbang rin chen gyis par brgyab pa. 1995. <em>Se ra theg chen gling</em>. Beijing: Mi rigs dpe skrun khang, p. 117.</p>",117,MW20473,,,,,
31,,150,"<p>
1988. <em>spo boʼi lo rgyus</em>. lha sa: bod ljongs mi dmangs dpe skrun khang, pp. 117, 125.</p>","117, 125",MW20520,,,,,
31,,1330,"<p>
1988. <em>spo boʼi lo rgyus</em>. lha sa: bod ljongs mi dmangs dpe skrun khang, pp. 125</p>",125,MW20520,,,,,
31,,687,"<p>
1988.<em> spo boʼi lo rgyus.</em>&nbsp;lha sa: bod ljongs mi dmangs dpe skrun khang, p. 66, 125</p>","66, 125",MW20520,,,,,
32,,1486,"<p>
Yon tan rgya mtsho. 2000. <em>Rnga yul sgo mang dgon gyi gdan rabs</em>. Beijing: Mi rigs dpe skrun khang, p. 89.</p>",89,MW21017,,,,,
32,,1009,"<p>
ldong yon tan rgya mtsho. 2000. <em>rnga yul sgo mang dgon gyi gdan rabs.&nbsp;</em>Par gzhi dang po, Vol. 1. Mi rigs dpe skrun khang, 141-142.</p>",141-142,MW21017,,,,,
33,,1234,"<p>
1996. <em>Stod mnga&#39; ris skor gsum gyi lo rgyus</em>. Lha sa: Bod ljongs mi dmangs dpe skrun khang, p. 256-266.</p>",256-266,MW21366,,,,,
34,,1518,"<p>
Si tu chos kyi rgya mtsho. 1999. <em>Dbus gtsang gi gnas yig</em>. Lhasa: Bod ljongs bod yig dpe rnying dpe skrun khang, p. 260.</p>",260,MW21611,,,,,
35,,1487,"<p>
Dar rgyas and Skal bzang thar. 2000. <em>Da tshang dgon pa&#39;i lo rgyus</em>. Ngawa: gangs ljongs gtsug lag rtsom sgrig khang.</p>",,MW21636,,,,,
36,,1409,"<p>
bShes gnyen tshul khrims, ed. 2001.<em> Lha saʼi dgon tho rin chen spungs rgyan</em>. Par gzhi dang po. 1 vols. Lha sa: Bod ljongs mi dmangs dpe skrun khang, p. 57.</p>",57,MW23664,,,,,
37,,1247,"<p>
Chos &#39;phel. &nbsp;2002. <em>gangs can bod kyi gnas bshad lam yig gsar ma</em>. 4 vols. pe cin: mi rigs dpe skrun khang, vol. 2., p. 118-119.</p>",119-119,MW23847,,,,,
37,,151,"<p>
chos &#39;phel. 2002. <em>gangs can bod kyi gnas bshad lam yig gsar ma. 4 vols</em>. pe cin: mi rigs dpe skrun khang, vol. 2, pp. 113-115. v. 2, pp. 101-103.</p>",101-103,MW23847,,,,,
37,,1518,"<p>
Chos &#39;phel. 2002. <em>Gangs can bod kyi gnas bshad lam yig gsar ma</em>, vol. 1, pp. 98&ndash;100. Beijing: mi rigs dpe skrun khang.</p>",98-100,MW23847,,,,,
37,,546,"<p>
chos &#39;phel. 2002. <em>gangs can bod kyi gnas bshad lam yig gsar ma</em>, vol. 3. Pe cin: mig rigs dpe skrun khang, p.135.</p>",135,MW23847,,,,,
37,,1521,"<p>
chos &#39;phel. 2002. <em>gangs can bod kyi gnas bshad lam yig gsar ma</em>, volume 2. pe cin: mi rigs dpe skrun khang, pp. 146-148.</p>",146-148,MW23847,,,,,
37,,291,"<p>
Chos &#39;phel. 2002. <em>gangs can bod kyi gnas bshad lam yig gsar ma</em>. 4 vols. pe cin: mi rigs dpe skrun khang, v. 2, pp. 193-194.</p>",193-194,MW23847,,,,,
37,,224,"<p>
Chos &#39;phel. 2002. <em>gangs can bod kyi gnas bshad lam yig gsar ma</em>. 4 vols. pe cin: mi rigs dpe skrun khang, v. 2, pp. 194-195</p>",194-195,MW23847,,,,,
37,,1281,"<p>
Chos &#39;phel. 2002. <em>gangs can bod kyi gnas bshad lam yig gsar ma</em>. 4 vols. pe cin: mi rigs dpe skrun khang, v. 2, pp. 195-196</p>",195-196,MW23847,,,,,
37,,1501,"<p>
Chos &#39;phel. 2002. <em>Gangs can bod kyi gnas bshad lam yig gsar ma</em>. Beijing: Mi rigs dpe skrun khang, vol. 1, pp. 6-8.</p>",6-8,MW23847,,,,,
37,,112,"<p>
chos &#39;phel. 2002. gangs can bod kyi gnas bshad lam yig gsar ma. 4 vols. pe cin: mi rigs dpe skrun khang, vol. 2, pp. 113-115.&nbsp;</p>",113-115,MW23847,,,,,
37,,246,"<p>
Chos &#39;phel. 2002. gangs can bod kyi gnas bshad lam yig gsar ma. 4 vols. pe cin: mi rigs dpe skrun khang, vol. 2, pp. 202-203.</p>",202-203,MW23847,,,,,
37,,1390,"Chos 'phel. 2002. gangs can bod kyi gnas bshad lam yig gsar ma. 4 vols. pe cin: mi rigs dpe skrun khang, vol. 2, pp. 249-251.",249-251,MW23847,,,,,
38,,1087,"<p>
shar yul phun tshogs tshe ring. 2002. <em>bod kyi bon dgon khag gi lo rgyus dang da ltaʼi gnas bab</em>. Pe cin: mi rigs dpe skrun khang, 81-182.</p>",81-182,MW25095,,,,,
39,,154,"<p>
rta tshag tshe dbang rgyal. 1994. <em>lho rong chos &#39;byung</em>. Lha sa: Bod ljongs bod yig dpe rnying dpe skrun khang, p. 202.</p>",202,MW27302,,,,,
40,,1441,"<p>
Bstan &#39;dzin lung rtogs nyi ma. 2004. <em>Snga &#39;gyur rdzogs chen chos &#39;byung chen mo</em>. Beijing: krung go&#39;i bod rig pa dpe skrun khang, p. 314.</p>",314,MW27401,,,,,
40,,445,"<p>
Bstan &#39;dzin lung rtogs nyi ma. 2004. <em>Snga &#39;gyur rdzogs chen chos &#39;byung chen mo</em>. Beijing: Krung go&#39;i bod rig pa dpe skrun khang. BDRC W27401, p. 310.&nbsp;</p>",310,MW27401,,,,,
40,,1095,"<p>
bstan &#39;dzin lung rtogs nyi ma. 2004. <em>snga &#39;gyur rdzogs chen chos &#39;byung chen mo</em>. Pe cin: krung go&#39;i bod rig pa dpe skrun khang, p. 313.</p>",313,MW27401,,,,,
40,,527,"<p>Bstan &#39;dzin kun bzang lung rtogs bstan pa&#39;i nyi ma. 2004. <em>Snga &#39;gyur rdzogs chen chos &#39;byung chen mo</em>. Pe cin: Krung go&#39;i bod rig pa dpe skrun khang, p. 316.</p>",316,MW27401,,,,,
41,,1303,"<p>
chos kyi rgya mtsho. &quot;gangs ri thod dkar/.&quot; In&nbsp;<em>dbus gtsang gnas yig</em>, pp. 154 - 156. 2001.&nbsp;khreng tu&#39;u: si khron mi rigs dpe skrun khang.&nbsp;</p>",154-156,MW27524,,,,,
41,,309,"<p>
Chos kyi rgya mtsho. 2001. <em>Dbus gtsang gnas yig</em>. 1 vols. khreng tu&#39;u: si khron mi rigs dpe skrun khang, p. 485.</p>",485,MW27524,,,,,
41,,1205,"<p>
chos kyi rgya mtsho.&nbsp; 2001.&nbsp;<em>dbus gtsang gnas yig</em>. 1 vols. khreng tu&#39;u: si khron mi rigs dpe skrun khang, p. 16.&nbsp;</p>",16,MW27524,,,,,
41,,1438,"<p>
kaH thog si tu 03 chos kyi rgya mtsho. 2001. <em>Dbus gtsang gnas yig</em>. Chengdu: si khron mi rigs dpe skrun khang, vol. 1, p. 63.</p>",63,MW27524,,,,,
41,,574,"<p>
Kaḥthog si tu 03 chos kyi rgya mtsho.&nbsp;2001.&nbsp;<em>dBus gtsang gnas yig</em>. 1 vols. Khreng Tu&rsquo;u: Si khron mi rigs dpe skrun khang, p. 402.</p>",402,MW27524,,,,,
42,,14,"<p>
Tshe ring bla ma ʼjam dpal bzang po. 1985. <em>Gyal dbang dpal yul baʼi gdan rabs ngo mtshar ʼchi med yongs ʼduʼi ljon paʼi phreng ba</em>.&nbsp; Bylakuppe, Dist. Mysore, Karnataka: Nyingmapa Monastery.</p>",,MW27596,,,,,
43,,1147,"<p>
dkon mchog bstan pa rab rgyas. <em>mdo smad chos &#39;byung</em>. 1982. 1 vols. lanzhou: kan su&#39;u mi dmangs dpe skrun khang, p. 577.&nbsp;</p>",577,MW28064,,,,,
44,,1004,"<p>
Ye shes ʼod zer sgrol ma, &amp; lce nag tshang nyi zla he ru ka. 2004. <em>Reb kong sngags mang gi lo rgyus phyogs bsgrigs</em>. (Par gzhi dang po, Vol. 1). Mi rigs dpe skrun khang, pp. 26-28.</p>",26-28,MW28803,,,,,
45,,1050,"<p>
Bod pa sprul sku mdo sngags bstan pa&#39;i nyi ma. <em>gsung &#39;bum mdo sngags bstan pa&#39;i nyi ma</em>. Vol 1. Khreng tu&#39;u: Si khron mi rigs dpe skrun khang, p. 5.</p>",5,MW29059,,,,,
46,,1633,"<p>
Karma rgyal mtshan. 2005. <em>Khyung ltag gnas yig rgya rong mkhaʼ ʼgro chen moʼi dgongs nyams</em>. In <em>Mdo khams gnas yig phyogs bsgrigs dad bskul lha dbang rnga sgra</em>, pp. 151-156.&nbsp; Beijing: Mi rigs dpe skrun khang.</p>",151-156,MW29295,,,,,
47,,1276,"<p>
ʼJam mgon a mes zhabs. 2000. <em>Gsung ʼbum ngag dbang kun dgaʼ bsod nams</em>, vol. 3. Kathmandu: Sa skya rgyal yongs gsung rab slob gnyer khang, p. 283.</p>",283,MW29307,,,,,
48,,1309,"<p>
&#39;Jigs med. 2009.&nbsp;<em>Mdo smad lo rgyus chen mo</em>, vol 5. Dharamsala Kangra HP India: The Library Of Tibetan Works &amp; Archive, p. 726.</p>",726,MW2CZ7959,,,,,
48,,804,"<p>
jigs med. 2009. <em>mdo smad lo rgyus chen mo, vol 5</em>. Dharamsala Kangra HP India: The Library Of Tibetan Works &amp; Archives, pp. 740-741.</p>",740-741,MW2CZ7959,,,,,
48,,499,"<p>
jigs med. 2009. <em>mdo smad lo rgyus chen mo</em>, vol 5. Dharamsala Kangra HP India: The Library Of Tibetan Works &amp; Archives, p. 363.</p>",363,MW2CZ7959,,,,,
48,,360,"<p>
jigs med. 2009. <em>Mdo smad lo rgyus chen mo</em>, vol 5. Dharamsala Kangra HP India: The Library Of Tibetan Works &amp; Archives, p. 510.</p>",510,MW2CZ7959,,,,,
48,,1148,"<p>
jigs med. 2009. <em>Mdo smad lo rgyus chen mo</em>, vol 5. Dharamsala Kangra HP India: The Library Of Tibetan Works &amp; Archives, pp. 491-492.</p>",491-492,MW2CZ7959,,,,,
48,,1054,"<p>
jigs med. 2009. <em>Mdo smad lo rgyus chen mo</em>, vol 5. Dharamsala Kangra HP India: The Library Of Tibetan Works &amp; Archives, pp. 521-522.</p>",521-522,MW2CZ7959,,,,,
48,,1093,"<p>
jigs med. 2009. <em>Mdo smad lo rgyus chen mo</em>, vol 5. Dharamsala Kangra HP India: The Library Of Tibetan Works &amp; Archives, pp. 662-663.</p>",662-663,MW2CZ7959,,,,,
48,,407,"<p>
jigs med. 2009.<em>Mdo smad lo rgyus chen mo</em>, vol 5. Dharamsala Kangra HP India: The Library Of Tibetan Works &amp; Archives, p. 780.</p>",780,MW2CZ7959,,,,,
48,,474,"<p>
jigs med. 2009.<em>Mdo smad lo rgyus chen mo</em>, vol 5. Dharamsala Kangra HP India: The Library Of Tibetan Works &amp; Archives, pp. 342-343.</p>",342-343,MW2CZ7959,,,,,
48,,1113,"<p>&#39;jigs med. 2009. <em>mdo smad lo rgyus chen mo</em>, vol 5. Dharamsala Kangra HP india: The Library Of Tibetan Works &amp; Archives, p. 795.</p>",795,MW2CZ7959,,,,,
48,,988,"<p>&#39;jgs med. <em>mdo smad lo rgyus chen mo</em>, vol 5. 2009. Dharamsala Kangra HP India: The Library Of Tibetan Works &amp; Archives, pp. 816-817.</p>",816-817,MW2CZ7959,,,,,
49,,266,"<p>
Dge bshes thub bstan ngag dbang. 1996.<em> Dar rgyas dgon paʼi lo rgyus nye mkho kun ʼdus </em>(Par gzhi dang po, Vol. 1&ndash;1). Dge bshes thub bstan ngag dbang.</p>",,MW2DB15921,,,,,
50,,1182,"<p>
gzhan phan chos kyi snang ba. 2006.&nbsp;<em>gsung &#39;bum gzhan phan chos kyi snang ba</em>. khreng tu&#39;u: si khron mi rigs dpe skrun khang, volume 1, pp. 60 - 73</p>",60-73,MW2DB4578,,,,,
51,,1017,"<p>
kaH thog si tu 03 chos kyi rgya mtsho. 2007.<em> rje btsun bla ma shākya shrī dznyā naʼi rnam thar</em>. Par thengs dang po. 1 vols. Pe cin: Krung goʼi bod rig pa dpe skrun khang.</p>",,MW2DB5977,,,,,
52,,1231,"<p>
2009. <em>dpal-ldan ʼbras-spungs dgon gyi dkar chag dri med dwangs gsal shel gyi me long zhes bya ba bzhugs so.</em>&nbsp;Xining : Krung-goʼi Bod-rig-pa dpe-skrun Khang, p. 293.</p>",293,MW2GS1123,,,,,
53,,205,"<p>
2005. <em>jo nang ba&#39;i gdan rabs mdor bsdus drang srong rgan po&#39;i zhal lung</em>. 1 vols. pe cin: mi rigs dpe skrun khang, p. 19.</p>",19,MW30408,,,,,
53,,976,"<p>
2005. jo nang ba&#39;i gdan rabs mdor bsdus drang srong rgan po&#39;i zhal lung. 1 vols. pe cin: mi rigs dpe skrun khang, p. 18. </p>",18,MW30408,,,,,
54,,1464,"<p>
Blo gros phun tshogs. 2004. <em>Rdzong gsar mkhyen brtse&#39;i rten khrod las rten gyi nang gzhug phyogs bsdus ril bu khag sogs kyi dkar chag rin chen mchog gi mdzod</em>. Rdzongs sar.</p>",,MW3JT13625,,,,,
55,,1541,"<p>
Grub rigs khyu mchog. N.d. <em>Pad+ma khyung rdzong gi lo rgyus mdor bsdus</em>. In Gsung &#39;bum/ grub rigs khyu mchog, vol. 1, pp. 495-500.</p>",495-500,MW3PD236,,,,,
56,,1598,"<p>
Blo gter dbang po. 2015. <em>Shrī e waṃ pa&#39;i gdan rabs nor bu&#39;i phreng ba&#39;i zhal skong bdud rtsi&#39;i thigs phreng</em>. In <em>Bod kyi lo rgyus rnam thar phyogs bsgrigs</em>, vol. 10, pp. 417&ndash;473. Xining: Mtsho sngon mi rigs dpe skrun khang, pp. 467. See also <em>Lam &#39;bras tshogs bshad</em>, vol. 4, pp. 644&ndash;646.</p>","467, 644-646",MW4PD3075,,,,,
57,,1273,"<p>
Sangs rgyas gya mtsho. 1989. <em>dga&#39; ldan chos &#39;byung baiḍūrya ser po</em>. Zi ling: krung go bod kyi shes rig dpe skrun khang, p. 308.</p>",308,MW8224,,,,,
57,,1439,"<p>
Sangs rgyas rgya mtsho. 1998. <em>Thang sag dga&#39; ldan chos &#39;khor</em>. In <em>Dga&#39; ldan chos &#39;byung baiDU r+ya ser po</em>, pp. 403-404. Beijing:&nbsp; Krung go bod kyi shes rig dpe skrun khang.</p>",403-404,MW8224,,,,,
57,,1143,"<p>
Sangs rgyas rgya mtsho. 1998. Gga&#39; ldan chos &#39;byung baiDU r+ya ser po. 1 vols. Pe cin: krung go bod kyi shes rig dpe skrun khang, p. 242.</p>",242,MW8224,,,,,
58,,1473,"<p><em>Sbag sa chos sgar tgyi lo rgyus, Ngag rgyun lo rgyus deb phreng</em> Series 37. Dharamsala: Library of Tibetan Works and Archives, 2015.&nbsp;</p>",,MW8LS22905,,,,,
59,,1141,"<p>
zho ra padma dbang chen. 2007. <em>reb gong zho &#39;ong dpyis sde baʼi lo rgyus.</em> Lan gru: Kan suʼu mi rigs dpe skrun khang.</p>",,MW8LS42248,,,,,
60,,1000,"<p>
Kaḥthog si tu 03 chos kyi rgya mtsho. 1972.<em> dBus gtsang gi gnas yig</em>. 1 vols. Palampur, Himachal Pradesh: Sungrab Nyamso Gyunphel Parkhang, p. 402.</p>",,MW9668,,,,,
60,,1356,"<p> Katok Situ. 1972.<em> Dbus gtsang gnas yig</em>. Palampur: Sungrab Nyamso Gyunphel Parkhang, p. 216.&nbsp;</p>",216,MW9668,,,,,
61,,1678,"<p>
Tā laʼi bla ma 14 bstan ʼdzin rgya mtsho. 1970. <em>rgya gar hi ma cal mngaʼ sde dha ram sa la theg chen chos gling gtsug lag khang rten dang brten par bcas paʼi lo rgyus dkar chag dad gsum ʼdren paʼi shing rta</em>. Dharamsala (H.P): The Office Of Private Secretary To His Holiness Dalai Lama.</p>",,MWA8LS43877,,,,,
62,,1711,Brag dkar sprel rdzong gi gnas bshad,,MW1KG25661,,,,,
63,,1685,"<p>
Bkra shis tshe ring, editor. 2008.&nbsp;<em>&#39;Bras ljongs nang dgon sde khag gcig gi chags rabs yig cha</em>. Gangtok: Namgyal Institute of Tibetology, and Amnye Machen Institute, Dharamsala.</p>",,MW1KG819,,,,,
64,,992,"<p>
2007. <em>dpal ldan stag lung paʼi gsung rnams nor bzhi bang mdzod</em>, vol. 53. Khun men: Nor bzhi bstan rgyas tshogs pa.</p>",,MW1PD1661,,,,,
65,,369,"<p>
Lha mkhar yongs ʼdzin bstan pa rgyal mtshan. 1985. <em>rGyal thang yul lung dgon gnas dang bcas paʼi byung ba mdo tsam brjod pa</em> (Vol. 1&ndash;1). Delhi: Ngag Dbang Thabs Mtkas.&nbsp;</p>",,MW1PD9229,,,,,
65,,1375,"<p>
Tshul khrims rin chen (1697-1774). 1971. <em>The Autobiography of Tshul-khrims-rin-chen of Sde-dge and Other Selected Writings</em>. Delhi: N. Lungtok and N. Gyaltsan.</p>",,MW23862,,,,,
66,,1163,<p>&#39;bri gung chung tshang 06 chos kyi blo gros. <em>la phyi&#39;i gnas yig</em>.</p>,,MWA1CZ887,,,,,
67,,1400,"<p>
1994. <em>Gazetteer of Taktse Dzong, Lhasa Prefecture, TAR</em>, p. 72.</p>",72,MWA20233,,,,,
68,,1470,"<p>
Bstan &#39;dzin rgya mtsho, Ta&#39; la&#39;i bla ma.&nbsp; 1989.&nbsp; &#39;<em>Jam mgon rgyal ba&#39;i rgyal tshab yongs &#39;dzin gling sprul rdo rje &#39;chang thub bstan lung rtogs rnam rgyal &#39;phrin las dpal bzang po&#39;i zhal snga nas kyi thun mong ba&#39;i mdzad pa rnam thar mdo tsam brjod pa nor bu&#39;i do shal (=Nor bu&#39;i do shal)</em>. Dharamsala: Tibetan Cultural Printing Press.&nbsp;</p>",,MWA22379,,,,,
69,,873,"<p>
Akester, Matthew. 2016. <em>Jamyang Khyentse Wangpo&#39;s Guide to Central Tibet</em>. Chicago, IL: Serindia Publications, 104-105.</p>",104-105,,,1087869026,http://www.worldcat.org/oclc/1087869026,,
69,,1359,"<p>
Akester, Matthew. 2016. <em>Jamyang Khyentse Wangpo&#39;s Guide to Central Tibet</em>. Chicago, IL: Serindia Publications, p. 102.</p>",102,,,1087869026,http://www.worldcat.org/oclc/1087869026,,
69,,342,"<p>
Akester, Matthew. 2016. <em>Jamyang Khyentse Wangpo&#39;s Guide to Central Tibet</em>. Chicago, IL: Serindia Publications, p. 110.</p>",110,,,1087869026,http://www.worldcat.org/oclc/1087869026,,
69,,908,"<p>
Akester, Matthew. 2016. <em>Jamyang Khyentse Wangpo&#39;s Guide to Central Tibet</em>. Chicago, IL: Serindia Publications, p. 110.</p>",110,,,1087869026,http://www.worldcat.org/oclc/1087869026,,
69,,842,"<p>
Akester, Matthew. 2016. <em>Jamyang Khyentse Wangpo&#39;s Guide to Central Tibet</em>. Chicago, IL: Serindia Publications, p. 114.</p>",114,,,1087869026,http://www.worldcat.org/oclc/1087869026,,
69,,907,"<p>
Akester, Matthew. 2016. <em>Jamyang Khyentse Wangpo&#39;s Guide to Central Tibet</em>. Chicago, IL: Serindia Publications, p. 116.</p>",116,,,1087869026,http://www.worldcat.org/oclc/1087869026,,
69,,349,"<p>
Akester, Matthew. 2016. <em>Jamyang Khyentse Wangpo&#39;s Guide to Central Tibet</em>. Chicago, IL: Serindia Publications, p. 118.</p>",118,,,1087869026,http://www.worldcat.org/oclc/1087869026,,
69,,322,"<p>
Akester, Matthew. 2016. <em>Jamyang Khyentse Wangpo&#39;s Guide to Central Tibet</em>. Chicago, IL: Serindia Publications, p. 119.</p>",119,,,1087869026,http://www.worldcat.org/oclc/1087869026,,
69,,1560,"<p>
Akester, Matthew. 2016. <em>Jamyang Khyentse Wangpo&#39;s Guide to Central Tibet</em>. Chicago, IL: Serindia Publications, p. 126.</p>",126,,,1087869026,http://www.worldcat.org/oclc/1087869026,,
69,,1230,"<p>
Akester, Matthew. 2016. <em>Jamyang Khyentse Wangpo&#39;s Guide to Central Tibet</em>. Chicago, IL: Serindia Publications, p. 190, f.1.</p>",190,,,1087869026,http://www.worldcat.org/oclc/1087869026,,
69,,1214,"<p>
Akester, Matthew. 2016. <em>Jamyang Khyentse Wangpo&#39;s Guide to Central Tibet</em>. Chicago, IL: Serindia Publications, p. 341, 353-357.&nbsp;</p>","341, 353-357",,,1087869026,http://www.worldcat.org/oclc/1087869026,,
69,,1275,"<p>
Akester, Matthew. 2016. <em>Jamyang Khyentse Wangpo&#39;s Guide to Central Tibet</em>. Chicago, IL: Serindia Publications, p. 344.</p>",344,,,1087869026,http://www.worldcat.org/oclc/1087869026,,
69,,840,"<p>
Akester, Matthew. 2016. <em>Jamyang Khyentse Wangpo&#39;s Guide to Central Tibet</em>. Chicago, IL: Serindia Publications, p. 387.</p>",387,,,1087869026,http://www.worldcat.org/oclc/1087869026,,
69,,1345,"<p>
Akester, Matthew. 2016. <em>Jamyang Khyentse Wangpo&#39;s Guide to Central Tibet</em>. Chicago, IL: Serindia Publications, p. 417-418.</p>",417-418,,,1087869026,http://www.worldcat.org/oclc/1087869026,,
69,,824,"<p>
Akester, Matthew. 2016. <em>Jamyang Khyentse Wangpo&#39;s Guide to Central Tibet</em>. Chicago, IL: Serindia Publications, p. 492.</p>",492,,,1087869026,http://www.worldcat.org/oclc/1087869026,,
69,,1450,"<p>
Akester, Matthew. 2016. <em>Jamyang Khyentse Wangpo&#39;s Guide to Central Tibet</em>. Chicago, IL: Serindia Publications, p. 551.</p>",551,,,1087869026,http://www.worldcat.org/oclc/1087869026,,
69,,618,"<p>
Akester, Matthew. 2016. <em>Jamyang Khyentse Wangpo&#39;s Guide to Central Tibet</em>. Chicago, IL: Serindia Publications, p. 566.</p>",566,,,1087869026,http://www.worldcat.org/oclc/1087869026,,
69,,935,"<p>
Akester, Matthew. 2016. <em>Jamyang Khyentse Wangpo&#39;s Guide to Central Tibet</em>. Chicago, IL: Serindia Publications, p. 587.&nbsp;</p>",587,,,1087869026,http://www.worldcat.org/oclc/1087869026,,
69,,560,"<p>
Akester, Matthew. 2016. <em>Jamyang Khyentse Wangpo&#39;s Guide to Central Tibet</em>. Chicago, IL: Serindia Publications, p. 633.</p>",633,,,1087869026,http://www.worldcat.org/oclc/1087869026,,
69,,443,"<p>
Akester, Matthew. 2016. <em>Jamyang Khyentse Wangpo&#39;s Guide to Central Tibet</em>. Chicago, IL: Serindia Publications, pp. 101-104.</p>",101-104,,,1087869026,http://www.worldcat.org/oclc/1087869026,,
69,,871,"<p>
Akester, Matthew. 2016. <em>Jamyang Khyentse Wangpo&#39;s Guide to Central Tibet</em>. Chicago, IL: Serindia Publications, pp. 106-107.</p>",106-107,,,1087869026,http://www.worldcat.org/oclc/1087869026,,
69,,893,"<p>
Akester, Matthew. 2016. <em>Jamyang Khyentse Wangpo&#39;s Guide to Central Tibet</em>. Chicago, IL: Serindia Publications, pp. 112-113.</p>",112-113,,,1087869026,http://www.worldcat.org/oclc/1087869026,,
69,,37,"<p>
Akester, Matthew. 2016. <em>Jamyang Khyentse Wangpo&#39;s Guide to Central Tibet</em>. Chicago, IL: Serindia Publications, pp. 115-118.</p>",115-118,,,1087869026,http://www.worldcat.org/oclc/1087869026,,
69,,862,"<p>
Akester, Matthew. 2016. <em>Jamyang Khyentse Wangpo&#39;s Guide to Central Tibet</em>. Chicago, IL: Serindia Publications, pp. 132-139.</p>",132-139,,,1087869026,http://www.worldcat.org/oclc/1087869026,,
69,,45,"<p>
Akester, Matthew. 2016. <em>Jamyang Khyentse Wangpo&#39;s Guide to Central Tibet</em>. Chicago, IL: Serindia Publications, pp. 168-173.</p>",168-173,,,1087869026,http://www.worldcat.org/oclc/1087869026,,
69,,420,"<p>
Akester, Matthew. 2016. <em>Jamyang Khyentse Wangpo&#39;s Guide to Central Tibet</em>. Chicago, IL: Serindia Publications, pp. 175-176.</p>",175-176,,,1087869026,http://www.worldcat.org/oclc/1087869026,,
69,,92,"<p>
Akester, Matthew. 2016. <em>Jamyang Khyentse Wangpo&#39;s Guide to Central Tibet</em>. Chicago, IL: Serindia Publications, pp. 219-225.</p>",219-225,,,1087869026,http://www.worldcat.org/oclc/1087869026,,
69,,305,"<p>
Akester, Matthew. 2016. <em>Jamyang Khyentse Wangpo&#39;s Guide to Central Tibet</em>. Chicago, IL: Serindia Publications, pp. 223-227.</p>",223-227,,,1087869026,http://www.worldcat.org/oclc/1087869026,,
69,,91,"<p>
Akester, Matthew. 2016. <em>Jamyang Khyentse Wangpo&#39;s Guide to Central Tibet</em>. Chicago, IL: Serindia Publications, pp. 226-229.</p>",226-229,,,1087869026,http://www.worldcat.org/oclc/1087869026,,
69,,1236,"<p>
Akester, Matthew. 2016. <em>Jamyang Khyentse Wangpo&#39;s Guide to Central Tibet</em>. Chicago, IL: Serindia Publications, pp. 238-239.</p>",238-239,,,1087869026,http://www.worldcat.org/oclc/1087869026,,
69,,1136,"<p>
Akester, Matthew. 2016. <em>Jamyang Khyentse Wangpo&#39;s Guide to Central Tibet</em>. Chicago, IL: Serindia Publications, pp. 246, 248, 262, 280, 518.</p>","246, 248, 262, 280, 518",,,1087869026,http://www.worldcat.org/oclc/1087869026,,
69,,327,"<p>
Akester, Matthew. 2016. <em>Jamyang Khyentse Wangpo&#39;s Guide to Central Tibet</em>. Chicago, IL: Serindia Publications, pp. 27-34.</p>",27-34,,,1087869026,http://www.worldcat.org/oclc/1087869026,,
69,,1373,"<p>
Akester, Matthew. 2016. <em>Jamyang Khyentse Wangpo&#39;s Guide to Central Tibet</em>. Chicago, IL: Serindia Publications, pp. 275-277.</p>",275-277,,,1087869026,http://www.worldcat.org/oclc/1087869026,,
69,,165,"<p>
Akester, Matthew. 2016. <em>Jamyang Khyentse Wangpo&#39;s Guide to Central Tibet</em>. Chicago, IL: Serindia Publications, pp. 305-328.</p>",305-328,,,1087869026,http://www.worldcat.org/oclc/1087869026,,
69,,951,"<p>
Akester, Matthew. 2016. <em>Jamyang Khyentse Wangpo&#39;s Guide to Central Tibet</em>. Chicago, IL: Serindia Publications, pp. 329-335.</p>",329-335,,,1087869026,http://www.worldcat.org/oclc/1087869026,,
69,,1465,"<p>
Akester, Matthew. 2016. <em>Jamyang Khyentse Wangpo&#39;s Guide to Central Tibet</em>. Chicago, IL: Serindia Publications, pp. 333-334.</p>",333-334,,,1087869026,http://www.worldcat.org/oclc/1087869026,,
69,,73,"<p>
Akester, Matthew. 2016. <em>Jamyang Khyentse Wangpo&#39;s Guide to Central Tibet</em>. Chicago, IL: Serindia Publications, pp. 357-358.</p>",357-358,,,1087869026,http://www.worldcat.org/oclc/1087869026,,
69,,80,"<p>
Akester, Matthew. 2016. <em>Jamyang Khyentse Wangpo&#39;s Guide to Central Tibet</em>. Chicago, IL: Serindia Publications, pp. 37-44.</p>",37-44,,,1087869026,http://www.worldcat.org/oclc/1087869026,,
69,,485,"<p>
Akester, Matthew. 2016. <em>Jamyang Khyentse Wangpo&#39;s Guide to Central Tibet</em>. Chicago, IL: Serindia Publications, pp. 405-408.</p>",405-408,,,1087869026,http://www.worldcat.org/oclc/1087869026,,
69,,1196,"<p>
Akester, Matthew. 2016. <em>Jamyang Khyentse Wangpo&#39;s Guide to Central Tibet</em>. Chicago, IL: Serindia Publications, pp. 410-411.</p>",410-411,,,1087869026,http://www.worldcat.org/oclc/1087869026,,
69,,1082,"<p>
Akester, Matthew. 2016. <em>Jamyang Khyentse Wangpo&#39;s Guide to Central Tibet</em>. Chicago, IL: Serindia Publications, pp. 419-420.</p>",419-420,,,1087869026,http://www.worldcat.org/oclc/1087869026,,
69,,1184,"<p>
Akester, Matthew. 2016. <em>Jamyang Khyentse Wangpo&#39;s Guide to Central Tibet</em>. Chicago, IL: Serindia Publications, pp. 425-428.</p>",425-428,,,1087869026,http://www.worldcat.org/oclc/1087869026,,
69,,253,"<p>
Akester, Matthew. 2016. <em>Jamyang Khyentse Wangpo&#39;s Guide to Central Tibet</em>. Chicago, IL: Serindia Publications, pp. 438-489.</p>",438-489,,,1087869026,http://www.worldcat.org/oclc/1087869026,,
69,,102,"<p>
Akester, Matthew. 2016. <em>Jamyang Khyentse Wangpo&#39;s Guide to Central Tibet</em>. Chicago, IL: Serindia Publications, pp. 491-495.</p>",491-495,,,1087869026,http://www.worldcat.org/oclc/1087869026,,
69,,93,"<p>
Akester, Matthew. 2016. <em>Jamyang Khyentse Wangpo&#39;s Guide to Central Tibet</em>. Chicago, IL: Serindia Publications, pp. 495-497.</p>",495-497,,,1087869026,http://www.worldcat.org/oclc/1087869026,,
69,,199,"<p>
Akester, Matthew. 2016. <em>Jamyang Khyentse Wangpo&#39;s Guide to Central Tibet</em>. Chicago, IL: Serindia Publications, pp. 50-52.</p>",50-52,,,1087869026,http://www.worldcat.org/oclc/1087869026,,
69,,446,"<p>
Akester, Matthew. 2016. <em>Jamyang Khyentse Wangpo&#39;s Guide to Central Tibet</em>. Chicago, IL: Serindia Publications, pp. 507-508.</p>",507-508,,,1087869026,http://www.worldcat.org/oclc/1087869026,,
69,,105,"<p>
Akester, Matthew. 2016. <em>Jamyang Khyentse Wangpo&#39;s Guide to Central Tibet</em>. Chicago, IL: Serindia Publications, pp. 519, 522.&nbsp;</p>","519, 522",,,1087869026,http://www.worldcat.org/oclc/1087869026,,
69,,229,"<p>
Akester, Matthew. 2016. <em>Jamyang Khyentse Wangpo&#39;s Guide to Central Tibet</em>. Chicago, IL: Serindia Publications, pp. 523-524.</p>",523-524,,,1087869026,http://www.worldcat.org/oclc/1087869026,,
69,,1336,"<p>
Akester, Matthew. 2016. <em>Jamyang Khyentse Wangpo&#39;s Guide to Central Tibet</em>. Chicago, IL: Serindia Publications, pp. 524-525.</p>",524-525,,,1087869026,http://www.worldcat.org/oclc/1087869026,,
69,,275,"<p>
Akester, Matthew. 2016. <em>Jamyang Khyentse Wangpo&#39;s Guide to Central Tibet</em>. Chicago, IL: Serindia Publications, pp. 526-527.</p>",526-527,,,1087869026,http://www.worldcat.org/oclc/1087869026,,
69,,839,"<p>
Akester, Matthew. 2016. <em>Jamyang Khyentse Wangpo&#39;s Guide to Central Tibet</em>. Chicago, IL: Serindia Publications, pp. 529-530.</p>",529-530,,,1087869026,http://www.worldcat.org/oclc/1087869026,,
69,,216,"<p>
Akester, Matthew. 2016. <em>Jamyang Khyentse Wangpo&#39;s Guide to Central Tibet</em>. Chicago, IL: Serindia Publications, pp. 53-54.</p>",53-54,,,1087869026,http://www.worldcat.org/oclc/1087869026,,
69,,183,"<p>
Akester, Matthew. 2016. <em>Jamyang Khyentse Wangpo&#39;s Guide to Central Tibet</em>. Chicago, IL: Serindia Publications, pp. 532-533.</p>",532-533,,,1087869026,http://www.worldcat.org/oclc/1087869026,,
69,,197,"<p>
Akester, Matthew. 2016. <em>Jamyang Khyentse Wangpo&#39;s Guide to Central Tibet</em>. Chicago, IL: Serindia Publications, pp. 549-550.</p>",549-550,,,1087869026,http://www.worldcat.org/oclc/1087869026,,
69,,270,"<p>
Akester, Matthew. 2016. <em>Jamyang Khyentse Wangpo&#39;s Guide to Central Tibet</em>. Chicago, IL: Serindia Publications, pp. 557-559.</p>",557-559,,,1087869026,http://www.worldcat.org/oclc/1087869026,,
69,,128,"<p>
Akester, Matthew. 2016. <em>Jamyang Khyentse Wangpo&#39;s Guide to Central Tibet</em>. Chicago, IL: Serindia Publications, pp. 56-61.</p>",56-61,,,1087869026,http://www.worldcat.org/oclc/1087869026,,
69,,62,"<p>
Akester, Matthew. 2016. <em>Jamyang Khyentse Wangpo&#39;s Guide to Central Tibet</em>. Chicago, IL: Serindia Publications, pp. 566-569.</p>",566-569,,,1087869026,http://www.worldcat.org/oclc/1087869026,,
69,,453,"<p>
Akester, Matthew. 2016. <em>Jamyang Khyentse Wangpo&#39;s Guide to Central Tibet</em>. Chicago, IL: Serindia Publications, pp. 566, 598-599.</p>","566, 598-599",,,1087869026,http://www.worldcat.org/oclc/1087869026,,
69,,33,"<p>
Akester, Matthew. 2016. <em>Jamyang Khyentse Wangpo&#39;s Guide to Central Tibet</em>. Chicago, IL: Serindia Publications, pp. 566, 602.</p>","566, 602",,,1087869026,http://www.worldcat.org/oclc/1087869026,,
69,,1329,"<p>
Akester, Matthew. 2016. <em>Jamyang Khyentse Wangpo&#39;s Guide to Central Tibet</em>. Chicago, IL: Serindia Publications, pp. 570-571.</p>",570-571,,,1087869026,http://www.worldcat.org/oclc/1087869026,,
69,,32,"<p>
Akester, Matthew. 2016. <em>Jamyang Khyentse Wangpo&#39;s Guide to Central Tibet</em>. Chicago, IL: Serindia Publications, pp. 572-576.</p>",572-576,,,1087869026,http://www.worldcat.org/oclc/1087869026,,
69,,119,"<p>
Akester, Matthew. 2016. <em>Jamyang Khyentse Wangpo&#39;s Guide to Central Tibet</em>. Chicago, IL: Serindia Publications, pp. 621, 627.&nbsp;</p>","621, 627",,,1087869026,http://www.worldcat.org/oclc/1087869026,,
69,,612,"<p>
Akester, Matthew. 2016. <em>Jamyang Khyentse Wangpo&#39;s Guide to Central Tibet</em>. Chicago, IL: Serindia Publications, pp. 631-634.</p>",631-634,,,1087869026,http://www.worldcat.org/oclc/1087869026,,
69,,1100,"<p>
Akester, Matthew. 2016. <em>Jamyang Khyentse Wangpo&#39;s Guide to Central Tibet</em>. Chicago, IL: Serindia Publications, pp. 641-642.</p>",641-642,,,1087869026,http://www.worldcat.org/oclc/1087869026,,
69,,899,"<p>
Akester, Matthew. 2016. <em>Jamyang Khyentse Wangpo&#39;s Guide to Central Tibet</em>. Chicago, IL: Serindia Publications, pp. 81-86.</p>",81-86,,,1087869026,http://www.worldcat.org/oclc/1087869026,,
69,,900,"<p>
Akester, Matthew. 2016. <em>Jamyang Khyentse Wangpo&#39;s Guide to Central Tibet</em>. Chicago, IL: Serindia Publications, pp. 90-91.</p>",90-91,,,1087869026,http://www.worldcat.org/oclc/1087869026,,
69,,723,"<p>
Akester, Matthew. 2016. <em>Jamyang Khyentse Wangpo&#39;s Guide to Central Tibet</em>. Chicago, IL: Serindia Publications, pp. 92-93.</p>",92-93,,,1087869026,http://www.worldcat.org/oclc/1087869026,,
69,,905,"<p>
Akester, Matthew. 2016. <em>Jamyang Khyentse Wangpo&#39;s Guide to Central Tibet</em>. Chicago, IL: Serindia Publications, pp. 95-100.</p>",95-100,,,1087869026,http://www.worldcat.org/oclc/1087869026,,
69,,85,"<p>
Akester, Matthew. 2016. <em>Jamyang Khyentse Wangpo&#39;s Guide to Central Tibet</em>. Chicago, IL: Serindia Publications, pp.&nbsp;235-237.</p>",235-237,,,1087869026,http://www.worldcat.org/oclc/1087869026,,
69,,960,"<p>
Akester, Matthew. 2016. <em>Jamyang Khyentse Wangpo&#39;s Guide to Central Tibet</em>. Chicago, IL: Serindia Publications,&nbsp; pp. 385-387.</p>",385-387,,,1087869026,http://www.worldcat.org/oclc/1087869026,,
69,,1220,"<p>
Akester, Matthew. 2016. <em>Jamyang Khyentse Wangpo&#39;s Guide to Central Tibet</em>. Chicago, IL: Serindia Publications,&nbsp;p. 583.</p>",583,,,1087869026,http://www.worldcat.org/oclc/1087869026,,
69,,936,"<p>
Akester, Matthew. 2016. <em>Jamyang Khyentse Wangpo&#39;s Guide to Central Tibet</em>. Chicago, IL: Serindia Publications,&nbsp;p. 587.</p>",587,,,1087869026,http://www.worldcat.org/oclc/1087869026,,
69,,226,"<p>
Akester, Matthew. 2016. Jamyang Khyentse Wangpo&#39;s Guide to Central Tibet. Chicago, IL: Serindia Publications, p. 50.</p>",50,,,1087869026,http://www.worldcat.org/oclc/1087869026,,
69,,38,"<p>
Akester, Matthew. 2016. Jamyang Khyentse Wangpo&#39;s Guide to Central Tibet. Chicago, IL: Serindia Publications, pp. 109-113.</p>",109-113,,,1087869026,http://www.worldcat.org/oclc/1087869026,,
69,,1303,"<p>
Akester, Matthew. 2016. Jamyang Khyentse Wangpo&#39;s Guide to Central Tibet. Chicago, IL: Serindia Publications, pp. 235-237.</p>",235-237,,,1087869026,http://www.worldcat.org/oclc/1087869026,,
69,,10,"<p>
Akester, Matthew. 2016. Jamyang Khyentse Wangpo&#39;s Guide to Central Tibet. Chicago, IL: Serindia Publications, pp. 288-294.</p>",288-294,,,1087869026,http://www.worldcat.org/oclc/1087869026,,
69,,11,"<p>
Akester, Matthew. 2016. Jamyang Khyentse Wangpo&#39;s Guide to Central Tibet. Chicago, IL: Serindia Publications, pp. 353-357.</p>",353-357,,,1087869026,http://www.worldcat.org/oclc/1087869026,,
69,,877,"<p>
Akester, Matthew. 2016. Jamyang Khyentse Wangpo&#39;s Guide to Central Tibet. Chicago, IL: Serindia Publications, pp. 65-80.</p>",65-80,,,1087869026,http://www.worldcat.org/oclc/1087869026,,
69,,514,"<p>
Akester, Matthew. 2016. Jamyang Khyentse Wangpo&#39;s Guide to Central Tibet. Chicago, IL: Serindia Publications, pp. 660-662.</p>",660-662,,,1087869026,http://www.worldcat.org/oclc/1087869026,,
69,,724,"<p>
Akester, Matthew. 2016. Jamyang Khyentse Wangpo&#39;s Guide to Central Tibet. Chicago, IL: Serindia Publications.</p>",,,,1087869026,,,
69,,63,"<p>
Akester, Matthew. 2016.&nbsp;<em>Jamyang Khyentse Wangpo&#39;s Guide to Central Tibet</em>. Chicago, IL: Serindia Publications, p. 394-401.</p>",394-401,,,1087869026,http://www.worldcat.org/oclc/1087869026,,
69,,603,"<p>
Akester, Matthew. 2016.&nbsp;<em>Jamyang Khyentse Wangpo&#39;s Guide to Central Tibet</em>. Chicago, IL: Serindia Publications, pp.&nbsp;577-591.</p>",577-591,,,1087869026,http://www.worldcat.org/oclc/1087869026,,
69,,536,"<p>
Akester, Matthew. 2016.<em> Jamyang Khyentse Wangpo&#39;s Guide to Central Tibet</em>. Chicago, IL: Serindia Publications, p. 105-106.</p>",105-106,,,1087869026,http://www.worldcat.org/oclc/1087869026,,
69,,355,"<p>
Akester, Matthew. 2016.<em> Jamyang Khyentse Wangpo&#39;s Guide to Central Tibet</em>. Chicago, IL: Serindia Publications, p. 110.</p>",110,,,1087869026,http://www.worldcat.org/oclc/1087869026,,
69,,348,"<p>
Akester, Matthew. 2016.<em> Jamyang Khyentse Wangpo&#39;s Guide to Central Tibet</em>. Chicago, IL: Serindia Publications, p. 117.</p>",117,,,1087869026,http://www.worldcat.org/oclc/1087869026,,
69,,822,"<p>
Akester, Matthew. 2016.<em> Jamyang Khyentse Wangpo&#39;s Guide to Central Tibet</em>. Chicago, IL: Serindia Publications, p. 182-186.</p>",182-186,,,1087869026,http://www.worldcat.org/oclc/1087869026,,
69,,101,"<p>
Akester, Matthew. 2016.<em> Jamyang Khyentse Wangpo&#39;s Guide to Central Tibet</em>. Chicago, IL: Serindia Publications, p. 497.</p>",497,,,1087869026,http://www.worldcat.org/oclc/1087869026,,
69,,185,"<p>
Akester, Matthew. 2016.<em> Jamyang Khyentse Wangpo&#39;s Guide to Central Tibet</em>. Chicago, IL: Serindia Publications, p. 518.</p>",518,,,1087869026,http://www.worldcat.org/oclc/1087869026,,
69,,995,"<p>
Akester, Matthew. 2016.<em> Jamyang Khyentse Wangpo&#39;s Guide to Central Tibet</em>. Chicago, IL: Serindia Publications, p. 622.&nbsp;</p>",622,,,1087869026,http://www.worldcat.org/oclc/1087869026,,
69,,994,"<p>
Akester, Matthew. 2016.<em> Jamyang Khyentse Wangpo&#39;s Guide to Central Tibet</em>. Chicago, IL: Serindia Publications, p. 622.</p>",622,,,1087869026,http://www.worldcat.org/oclc/1087869026,,
69,,894,"<p>
Akester, Matthew. 2016.<em> Jamyang Khyentse Wangpo&#39;s Guide to Central Tibet</em>. Chicago, IL: Serindia Publications, p. 80.</p>",80,,,1087869026,http://www.worldcat.org/oclc/1087869026,,
69,,895,"<p>
Akester, Matthew. 2016.<em> Jamyang Khyentse Wangpo&#39;s Guide to Central Tibet</em>. Chicago, IL: Serindia Publications, p. 80.</p>",80,,,1087869026,http://www.worldcat.org/oclc/1087869026,,
69,,1289,"<p>
Akester, Matthew. 2016.<em> Jamyang Khyentse Wangpo&#39;s Guide to Central Tibet</em>. Chicago, IL: Serindia Publications, pp. 182, 291.</p>","182, 291",,,1087869026,http://www.worldcat.org/oclc/1087869026,,
69,,553,"<p>
Akester, Matthew. 2016.<em> Jamyang Khyentse Wangpo&#39;s Guide to Central Tibet</em>. Chicago, IL: Serindia Publications, pp. 447-450.</p>",447-450,,,1087869026,http://www.worldcat.org/oclc/1087869026,,
69,,35,"<p>
Akester, Matthew. 2016.<em> Jamyang Khyentse Wangpo&#39;s Guide to Central Tibet</em>. Chicago, IL: Serindia Publications, pp. 500-504.</p>",500-504,,,1087869026,http://www.worldcat.org/oclc/1087869026,,
69,,657,"<p>
Akester, Matthew. 2016.<em> Jamyang Khyentse Wangpo&#39;s Guide to Central Tibet</em>. Chicago, IL: Serindia Publications, pp. 505-506.</p>",505-506,,,1087869026,http://www.worldcat.org/oclc/1087869026,,
69,,90,"<p>
Akester, Matthew. 2016.<em> Jamyang Khyentse Wangpo&#39;s Guide to Central Tibet</em>. Chicago, IL: Serindia Publications, pp. 613-622.</p>",613-622,,,1087869026,http://www.worldcat.org/oclc/1087869026,,
69,,110,"<p>
Akester, Matthew. 2016.<em> Jamyang Khyentse Wangpo&#39;s Guide to Central Tibet</em>. Chicago, IL: Serindia Publications, pp. 623-628.</p>",623-628,,,1087869026,http://www.worldcat.org/oclc/1087869026,,
69,,321,"<p>
Akester, Matthew. 2016.<em>&nbsp;Jamyang Khyentse Wangpo&#39;s Guide to Central Tibet</em>. Chicago, IL: Serindia Publications, p. 127.</p>",127,,,1087869026,http://www.worldcat.org/oclc/1087869026,,
69,,897,"<p>
Akester, Matthew. 2016.<em>&nbsp;Jamyang Khyentse Wangpo&#39;s Guide to Central Tibet</em>. Chicago, IL: Serindia Publications, p. 80.</p>",80,,,1087869026,http://www.worldcat.org/oclc/1087869026,,
69,,896,"<p>
Akester, Matthew. 2016.<em>&nbsp;Jamyang Khyentse Wangpo&#39;s Guide to Central Tibet</em>. Chicago, IL: Serindia Publications, p. 80.</p>",80,,,1087869026,http://www.worldcat.org/oclc/1087869026,,
69,,1356,"<p>Akester, Matthew, and Mkhyen-brtseʼi-dbang-po. 2016.&nbsp;<em>Jamyang Khyentsé Wangpo&#39;s Guide to Central Tibet</em>. Chicago: Serindia Publications, pp. 300, 303-304.</p>",303-304,,,1087869026,,,
69,,909,"<p>Akester, Matthew. 2016. <em>Jamyang Khyentse Wangpo&#39;s Guide to Central Tibet</em>. Chicago, IL: Serindia Publications, pp. 112-113.</p>",112-113,,,1087869026,http://www.worldcat.org/oclc/1087869026,,
69,,210,"<p>
&ldquo;Dzamthang Tsangwa Monastery.&rdquo; Jonang Foundation. Accessed December 8, 2020.</p>",,,,,https://jonangfoundation.org/sites/dzamthang-tsangwa-monastery,,
70,,564,"<p>
Gyurme Dorje. 2004. <em>Tibet Handbook</em>. Bath: Footprint, 226-227.</p>",226-227,,,191754549,https://search.worldcat.org/title/57410229,,
70,,599,"<p>
Gyurme Dorje. 2004. <em>Tibet Handbook</em>. Bath: Footprint, p. 142.</p>",142,,,191754549,http://www.worldcat.org/oclc/877441763,,
70,,1196,"<p>
Gyurme Dorje. 2004. <em>Tibet Handbook</em>. Bath: Footprint, p. 193.</p>",193,,,191754549,http://www.worldcat.org/oclc/877441763,,
70,,225,"<p>
Gyurme Dorje. 2004. <em>Tibet Handbook</em>. Bath: Footprint, p. 203.</p>",203,,,191754549,http://www.worldcat.org/oclc/877441763,,
70,,1351,"<p>
Gyurme Dorje. 2004. <em>Tibet Handbook</em>. Bath: Footprint, p. 203.</p>",203,,,191754549,http://www.worldcat.org/oclc/877441763,,
70,,195,"<p>
Gyurme Dorje. 2004. <em>Tibet Handbook</em>. Bath: Footprint, p. 210-211.</p>",210-211,,,191754549,http://www.worldcat.org/oclc/877441763,,
70,,295,"<p>
Gyurme Dorje. 2004. <em>Tibet Handbook</em>. Bath: Footprint, p. 295.</p>",295,,,191754549,http://www.worldcat.org/oclc/877441763,,
70,,90,"<p>
Gyurme Dorje. 2004. <em>Tibet Handbook</em>. Bath: Footprint, p. 304-305.</p>",304-305,,,191754549,http://www.worldcat.org/oclc/877441763,,
70,,561,"<p>
Gyurme Dorje. 2004. <em>Tibet Handbook</em>. Bath: Footprint, p. 314.</p>",314,,,191754549,http://www.worldcat.org/oclc/877441763,,
70,,228,"<p>
Gyurme Dorje. 2004. <em>Tibet Handbook</em>. Bath: Footprint, p. 370.</p>",370,,,191754549,http://www.worldcat.org/oclc/877441763,,
70,,241,"<p>
Gyurme Dorje. 2004. <em>Tibet Handbook</em>. Bath: Footprint, p. 410.</p>",410,,,191754549,http://www.worldcat.org/oclc/877441763,,
70,,1330,"<p>
Gyurme Dorje. 2004. <em>Tibet Handbook</em>. Bath: Footprint, p. 431.</p>",431,,,191754549,http://www.worldcat.org/oclc/877441763,,
70,,1010,"<p>
Gyurme Dorje. 2004. <em>Tibet Handbook</em>. Bath: Footprint, p. 464.</p>",464,,,191754549,http://www.worldcat.org/oclc/877441763,,
70,,1164,"<p>
Gyurme Dorje. 2004. <em>Tibet Handbook</em>. Bath: Footprint, p. 486.</p>",486,,,191754549,http://www.worldcat.org/oclc/877441763,,
70,,1114,"<p>
Gyurme Dorje. 2004. <em>Tibet Handbook</em>. Bath: Footprint, p. 490.</p>",490,,,191754549,http://www.worldcat.org/oclc/877441763,,
70,,1307,"<p>
Gyurme Dorje. 2004. <em>Tibet Handbook</em>. Bath: Footprint, p. 491.</p>",491,,,191754549,http://www.worldcat.org/oclc/877441763,,
70,,1096,"<p>
Gyurme Dorje. 2004. <em>Tibet Handbook</em>. Bath: Footprint, p. 495.</p>",495,,,191754549,http://www.worldcat.org/oclc/877441763,,
70,,43,"<p>
Gyurme Dorje. 2004. <em>Tibet Handbook</em>. Bath: Footprint, p. 498.</p>",498,,,191754549,http://www.worldcat.org/oclc/877441763,,
70,,282,"<p>
Gyurme Dorje. 2004. <em>Tibet Handbook</em>. Bath: Footprint, p. 500.</p>",500,,,191754549,http://www.worldcat.org/oclc/877441763,,
70,,412,"<p>
Gyurme Dorje. 2004. <em>Tibet Handbook</em>. Bath: Footprint, p. 504.</p>",504,,,191754549,http://www.worldcat.org/oclc/877441763,,
70,,440,"<p>
Gyurme Dorje. 2004. <em>Tibet Handbook</em>. Bath: Footprint, p. 573.</p>",573,,,191754549,http://www.worldcat.org/oclc/877441763,,
70,,340,"<p>
Gyurme Dorje. 2004. <em>Tibet Handbook</em>. Bath: Footprint, p. 582.</p>",582,,,191754549,http://www.worldcat.org/oclc/877441763,,
70,,441,"<p>
Gyurme Dorje. 2004. <em>Tibet Handbook</em>. Bath: Footprint, p. 586.</p>",586,,,191754549,http://www.worldcat.org/oclc/877441763,,
70,,212,"<p>
Gyurme Dorje. 2004. <em>Tibet Handbook</em>. Bath: Footprint, p. 595.</p>",595,,,191754549,http://www.worldcat.org/oclc/877441763,,
70,,434,"<p>
Gyurme Dorje. 2004. <em>Tibet Handbook</em>. Bath: Footprint, p. 599-601.</p>",599-601,,,191754549,http://www.worldcat.org/oclc/877441763,,
70,,1165,"<p>
Gyurme Dorje. 2004. <em>Tibet Handbook</em>. Bath: Footprint, p. 600-601.</p>",600-601,,,191754549,http://www.worldcat.org/oclc/877441763,,
70,,1248,"<p>
Gyurme Dorje. 2004. <em>Tibet Handbook</em>. Bath: Footprint, p. 610.</p>",610,,,191754549,http://www.worldcat.org/oclc/877441763,,
70,,1112,"<p>
Gyurme Dorje. 2004. <em>Tibet Handbook</em>. Bath: Footprint, p. 648.</p>",648,,,191754549,http://www.worldcat.org/oclc/877441763,,
70,,1320,"<p>
Gyurme Dorje. 2004. <em>Tibet Handbook</em>. Bath: Footprint, p. 649.</p>",649,,,191754549,http://www.worldcat.org/oclc/877441763,,
70,,208,"<p>
Gyurme Dorje. 2004. <em>Tibet Handbook</em>. Bath: Footprint, p. 650.</p>",650,,,191754549,http://www.worldcat.org/oclc/877441763,,
70,,368,"<p>
Gyurme Dorje. 2004. <em>Tibet Handbook</em>. Bath: Footprint, p. 651.</p>",651,,,191754549,http://www.worldcat.org/oclc/877441763,,
70,,1091,"<p>
Gyurme Dorje. 2004. <em>Tibet Handbook</em>. Bath: Footprint, p. 682.</p>",682,,,191754549,http://www.worldcat.org/oclc/877441763,,
70,,36,"<p>
Gyurme Dorje. 2004. <em>Tibet Handbook</em>. Bath: Footprint, pp. 146-149.</p>",146-149,,,191754549,http://www.worldcat.org/oclc/877441763,,
70,,1121,"<p>
Gyurme Dorje. 2004. <em>Tibet Handbook</em>. Bath: Footprint, pp. 154-155.</p>",154-155,,,191754549,http://www.worldcat.org/oclc/877441763,,
70,,1083,"<p>
Gyurme Dorje. 2004. <em>Tibet Handbook</em>. Bath: Footprint, pp. 443-447.</p>",443-447,,,191754549,http://www.worldcat.org/oclc/877441763,,
70,,9,"<p>
Gyurme Dorje. 2004. <em>Tibet Handbook</em>. Bath: Footprint, pp. 493-495.</p>",493-495.,,,191754549,http://www.worldcat.org/oclc/877441763,,
70,,180,"<p>
Gyurme Dorje. 2004. <em>Tibet Handbook</em>. Bath: Footprint, pp. 497-498.</p>",497-498,,,191754549,http://www.worldcat.org/oclc/877441763,,
70,,207,"<p>
Gyurme Dorje. 2004. <em>Tibet Handbook</em>. Bath: Footprint, pp. 501-503.</p>",501-503,,,191754549,http://www.worldcat.org/oclc/877441763,,
70,,12,"<p>
Gyurme Dorje. 2004. <em>Tibet Handbook</em>. Bath: Footprint, pp. 505-507.</p>",505-507,,,191754549,http://www.worldcat.org/oclc/877441763,,
70,,266,"<p>
Gyurme Dorje. 2004. <em>Tibet Handbook</em>. Bath: Footprint, pp. 531-532.</p>",531-532,,,191754549,http://www.worldcat.org/oclc/877441763,,
70,,1185,"<p>
Gyurme Dorje. 2004. <em>Tibet Handbook</em>. Bath: Footprint, pp. 668-669.</p>",668-669,,,191754549,http://www.worldcat.org/oclc/877441763,,
70,,41,"<p>
Gyurme Dorje. 2004. <em>Tibet Handbook</em>. Bath: Footprint, pp. 668-670.</p>",668-670,,,191754549,http://www.worldcat.org/oclc/877441763,,
70,,1022,"<p>
Gyurme Dorje. 2004. <em>Tibet Handbook</em>. Bath: Footprint, pp. 85-86.</p>",85-86,,,191754549,http://www.worldcat.org/oclc/877441763,,
70,,1273,"<p>
Gyurme Dorje. 2004. <em>Tibet Handbook</em>. Bath: Footprint.</p>",,,,191754549,http://www.worldcat.org/oclc/877441763,,
70,,484,"<p>
Gyurme Dorje. 2004. <em>Tibet Handbook</em>. Bath:&nbsp;Footprint, pp. 675-676.</p>",675-676,,,191754549,http://www.worldcat.org/oclc/877441763,,
70,,369,"<p>
Gyurme Dorje. 2004. Tibet Handbook. Bath: Footprint, p. 453-453.</p>",453-453,,,191754549,http://www.worldcat.org/oclc/877441763,,
70,,822,"<p>
Gyurme Dorje. 2004.&nbsp;<em>Tibet Handbook</em>. Bath: Footprint, p. 157.</p>",157,,,191754549,http://www.worldcat.org/oclc/877441763,,
70,,63,"<p>
Gyurme Dorje. 2004.&nbsp;<em>Tibet Handbook</em>. Bath: Footprint, p. 232.</p>",232,,,191754549,http://www.worldcat.org/oclc/877441763,,
70,,110,"<p>
Gyurme Dorje. 2004.&nbsp;<em>Tibet Handbook</em>. Bath: Footprint, p. 305.</p>",305,,,191754549,http://www.worldcat.org/oclc/877441763,,
70,,512,"<p>
Gyurme Dorje. 2004.&nbsp;<em>Tibet Handbook</em>. Bath: Footprint, p. 519.</p>",519,,,191754549,http://www.worldcat.org/oclc/877441763,,
70,,404,"<p>
Gyurme Dorje. 2004.&nbsp;<em>Tibet Handbook</em>. Bath: Footprint, p. 571.</p>",571,,,191754549,http://www.worldcat.org/oclc/877441763,,
70,,716,"<p>
Gyurme Dorje. 2004.&nbsp;<em>Tibet Handbook</em>. Bath: Footprint, p. 626-627.</p>",626-627,,,191754549,http://www.worldcat.org/oclc/877441763,,
70,,143,"<p>
Gyurme Dorje. 2004.<em> Tibet Handbook</em>. Bath: Footprint, p. 155.</p>",155,,,191754549,http://www.worldcat.org/oclc/877441763,,
70,,1344,"<p>
Gyurme Dorje. 2004.<em> Tibet Handbook</em>. Bath: Footprint, p. 505.</p>",505,,,191754549,http://www.worldcat.org/oclc/877441763,,
70,,345,"<p>
Gyurme Dorje. 2004.<em> Tibet Handbook</em>. Bath: Footprint, p. 571.</p>",571,,,191754549,http://www.worldcat.org/oclc/877441763,,
70,,375,"<p>
Gyurme Dorje. 2004.<em> Tibet Handbook</em>. Bath: Footprint, p. 595.</p>",595,,,191754549,http://www.worldcat.org/oclc/877441763,,
70,,1043,"<p>
Gyurme Dorje. 2004.<em> Tibet Handbook</em>. Bath: Footprint, p. 614.</p>",614,,,191754549,http://www.worldcat.org/oclc/877441763,,
70,,1157,"<p>
Gyurme Dorje. 2004.<em> Tibet Handbook</em>. Bath: Footprint, pp. 174-175.</p>",174-175,,,191754549,http://www.worldcat.org/oclc/877441763,,
70,,672,"<p>
Gyurme Dorje. 2004.<em> Tibet Handbook</em>. Bath: Footprint, pp. 201-203.</p>",201-203,,,191754549,http://www.worldcat.org/oclc/877441763,,
70,,1046,"<p>
Gyurme Dorje. 2004.<em> Tibet Handbook</em>. Bath: Footprint, pp. 498-499.</p>",498-499,,,191754549,http://www.worldcat.org/oclc/877441763,,
70,,805,"<p>
Gyurme Dorje. 2004.<em> Tibet Handbook</em>. Bath: Footprint, pp. 568-567.</p>",568-567,,,191754549,http://www.worldcat.org/oclc/877441763,,
70,,156,"<p>
Gyurme Dorje. 2004.<em> Tibet Handbook</em>. Bath: Footprint, pp. 581-582.</p>",581-582,,,191754549,http://www.worldcat.org/oclc/877441763,,
70,,532,"<p>
Gyurme Dorje. 2004.<em> Tibet Handbook</em>. Bath: Footprint.</p>",,,,191754549,http://www.worldcat.org/oclc/877441763,,
71,,1162,"<p>
Dorje, Gyurme. 2004. <em>Bhutan</em>. Bath: Footprint, pp. 104-105.</p>",104-105,,,56453707,http://www.worldcat.org/oclc/56453707,,
71,,331,"<p>
Gyurme Dorje. 2009. <em>Footprint Guide to Tibet, Fourth Edition</em>. Bristol: Footprint, p. 161.</p>",161,,,191754549,,,
71,,1541,"<p>
Gyurme Dorje. 2009. <em>Footprint Guide to Tibet, Fourth Edition</em>. Bristol: Footprint, pp. 164.</p>",164,,,191754549,,,
71,,1399,"<p>
Gyurme Dorje. 2009. <em>Footprint Tibet Handbook, Fourth Edition</em>. Bath: Footprint, p. 178.</p>",178,,,191754549,,,
71,,247,"<p>
Gyurme Dorje. 2009. <em>Footprints Guide to Tibet, fourth edition</em>. Bath: Footprints, p. 624.</p>",624,,,191754549,,,
71,,60,"<p>
Gyurme Dorje. 2009. <em>Footprints Guide to Tibet, Fourth Edition</em>. Bristol: Footprints, pp. 482-483.</p>",482-483,,,191754549,,,
71,,1518,"<p>
Gyurme Dorje. 2009. <em>Footprints Guide to Tibet</em>. Bath: Footprints, p. 240.</p>",240,,,191754549,,,
71,,1492,"<p>
Gyurme Dorje. 2009. <em>Footprints Guide to Tibet</em>. Bath: Footprints, p. 339.</p>",339,,,191754549,,,
71,,536,"<p>
Gyurme Dorje. 2009. <em>Tibet Handbook.</em> Bath: Footprint, p. 122.</p>",122,,,191754549,http://www.worldcat.org/oclc/191754549,,
71,,909,"<p>
Gyurme Dorje. 2009. <em>Tibet Handbook.</em> Bath: Footprint, pp. 130-131.</p>",130-131,,,191754549,http://www.worldcat.org/oclc/191754549,,
71,,879,"<p>
Gyurme Dorje. 2009. <em>Tibet Handbook</em>. Bath: Footprint, p. 101.</p>",101,,,191754549,http://www.worldcat.org/oclc/191754549,,
71,,873,"<p>
Gyurme Dorje. 2009. <em>Tibet Handbook</em>. Bath: Footprint, p. 122</p>",122,,,191754549,http://www.worldcat.org/oclc/191754549,,
71,,348,"<p>
Gyurme Dorje. 2009. <em>Tibet Handbook</em>. Bath: Footprint, p. 137.</p>",137,,,191754549,http://www.worldcat.org/oclc/191754549,,
71,,823,"<p>
Gyurme Dorje. 2009. <em>Tibet Handbook</em>. Bath: Footprint, p. 160.</p>",160,,,191754549,http://www.worldcat.org/oclc/191754549,,
71,,315,"<p>
Gyurme Dorje. 2009. <em>Tibet Handbook</em>. Bath: Footprint, p. 170.</p>",170,,,191754549,http://www.worldcat.org/oclc/191754549,,
71,,305,"<p>
Gyurme Dorje. 2009. <em>Tibet Handbook</em>. Bath: Footprint, p. 187.</p>",187,,,191754549,http://www.worldcat.org/oclc/191754549,,
71,,10,"<p>
Gyurme Dorje. 2009. <em>Tibet Handbook</em>. Bath: Footprint, p. 205-208.</p>",205-208,,,191754549,http://www.worldcat.org/oclc/191754549,,
71,,1500,"<p>
Gyurme Dorje. 2009. <em>Tibet Handbook</em>. Bath: Footprint, p. 222.</p>",222,,,191754549,http://www.worldcat.org/oclc/191754549,,
71,,1345,"<p>
Gyurme Dorje. 2009. <em>Tibet Handbook</em>. Bath: Footprint, p. 236.</p>",236,,,191754549,https://search.worldcat.org/en/title/57410229,,
71,,960,"<p>
Gyurme Dorje. 2009. <em>Tibet Handbook</em>. Bath: Footprint, p. 264.</p>",264,,,191754549,http://www.worldcat.org/oclc/191754549,,
71,,840,"<p>
Gyurme Dorje. 2009. <em>Tibet Handbook</em>. Bath: Footprint, p. 264.</p>",264,,,191754549,http://www.worldcat.org/oclc/191754549,,
71,,1302,"<p>
Gyurme Dorje. 2009. <em>Tibet Handbook</em>. Bath: Footprint, p. 276.</p>",276,,,191754549,http://www.worldcat.org/oclc/191754549,,
71,,245,"<p>
Gyurme Dorje. 2009. <em>Tibet Handbook</em>. Bath: Footprint, p. 300.</p>",300,,,191754549,http://www.worldcat.org/oclc/191754549,,
71,,183,"<p>
Gyurme Dorje. 2009. <em>Tibet Handbook</em>. Bath: Footprint, p. 304.</p>",304,,,191754549,http://www.worldcat.org/oclc/191754549,,
71,,93,"<p>
Gyurme Dorje. 2009. <em>Tibet Handbook</em>. Bath: Footprint, p. 313.</p>",313,,,191754549,http://www.worldcat.org/oclc/191754549,,
71,,838,"<p>
Gyurme Dorje. 2009. <em>Tibet Handbook</em>. Bath: Footprint, p. 313.</p>",313,,,191754549,http://www.worldcat.org/oclc/191754549,,
71,,344,"<p>
Gyurme Dorje. 2009. <em>Tibet Handbook</em>. Bath: Footprint, p. 323.</p>",323,,,191754549,http://www.worldcat.org/oclc/191754549,,
71,,1336,"<p>
Gyurme Dorje. 2009. <em>Tibet Handbook</em>. Bath: Footprint, p. 330.</p>",330,,,191754549,http://www.worldcat.org/oclc/191754549,,
71,,446,"<p>
Gyurme Dorje. 2009. <em>Tibet Handbook</em>. Bath: Footprint, p. 330.</p>",330,,,191754549,http://www.worldcat.org/oclc/191754549,,
71,,105,"<p>
Gyurme Dorje. 2009. <em>Tibet Handbook</em>. Bath: Footprint, p. 330.</p>",330,,,191754549,http://www.worldcat.org/oclc/191754549,,
71,,229,"<p>
Gyurme Dorje. 2009. <em>Tibet Handbook</em>. Bath: Footprint, p. 330.</p>",330,,,191754549,http://www.worldcat.org/oclc/191754549,,
71,,1329,"<p>
Gyurme Dorje. 2009. <em>Tibet Handbook</em>. Bath: Footprint, p. 333.</p>",333,,,191754549,http://www.worldcat.org/oclc/191754549,,
71,,120,"<p>
Gyurme Dorje. 2009. <em>Tibet Handbook</em>. Bath: Footprint, p. 353.</p>",353,,,191754549,http://www.worldcat.org/oclc/191754549,,
71,,1340,"<p>
Gyurme Dorje. 2009. <em>Tibet Handbook</em>. Bath: Footprint, p. 392.</p>",392,,,191754549,http://www.worldcat.org/oclc/191754549,,
71,,720,"<p>
Gyurme Dorje. 2009. <em>Tibet Handbook</em>. Bath: Footprint, p. 483.</p>",483,,,191754549,http://www.worldcat.org/oclc/191754549,,
71,,1449,"<p>
Gyurme Dorje. 2009. <em>Tibet Handbook</em>. Bath: Footprint, p. 493.</p>",493,,,191754549,http://www.worldcat.org/oclc/191754549,,
71,,445,"<p>
Gyurme Dorje. 2009. <em>Tibet Handbook</em>. Bath: Footprint, p. 583.</p>",583,,,191754549,http://www.worldcat.org/oclc/191754549,,
71,,1415,"<p>
Gyurme Dorje. 2009. <em>Tibet Handbook</em>. Bath: Footprint, p. 639.</p>",639,,,191754549,http://www.worldcat.org/oclc/191754549,,
71,,812,"<p>
Gyurme Dorje. 2009. <em>Tibet Handbook</em>. Bath: Footprint, p. 684.</p>",684,,,191754549,http://www.worldcat.org/oclc/191754549,,
71,,806,"<p>
Gyurme Dorje. 2009. <em>Tibet Handbook</em>. Bath: Footprint, p. 694.</p>",694,,,191754549,http://www.worldcat.org/oclc/191754549,,
71,,290,"<p>
Gyurme Dorje. 2009. <em>Tibet Handbook</em>. Bath: Footprint, p. 714.</p>",714,,,191754549,http://www.worldcat.org/oclc/191754549,,
71,,243,"<p>
Gyurme Dorje. 2009. <em>Tibet Handbook</em>. Bath: Footprint, p. 765.</p>",765,,,191754549,http://www.worldcat.org/oclc/191754549,,
71,,1172,"<p>
Gyurme Dorje. 2009. <em>Tibet Handbook</em>. Bath: Footprint, p. 772.</p>",772,,,191754549,http://www.worldcat.org/oclc/191754549,,
71,,920,"<p>
Gyurme Dorje. 2009. <em>Tibet Handbook</em>. Bath: Footprint, p. 799.</p>",799,,,191754549,http://www.worldcat.org/oclc/191754549,,
71,,1038,"<p>
Gyurme Dorje. 2009. <em>Tibet Handbook</em>. Bath: Footprint, p. 813.</p>",813,,,191754549,http://www.worldcat.org/oclc/191754549,,
71,,722,"<p>
Gyurme Dorje. 2009. <em>Tibet Handbook</em>. Bath: Footprint, p. 99.</p>",99,,,191754549,http://www.worldcat.org/oclc/191754549,,
71,,905,"<p>
Gyurme Dorje. 2009. <em>Tibet Handbook</em>. Bath: Footprint, pp. 108-118.</p>",108-118,,,191754549,http://www.worldcat.org/oclc/191754549,,
71,,908,"<p>
Gyurme Dorje. 2009. <em>Tibet Handbook</em>. Bath: Footprint, pp. 131-132.</p>",131-132,,,191754549,http://www.worldcat.org/oclc/191754549,,
71,,893,"<p>
Gyurme Dorje. 2009. <em>Tibet Handbook</em>. Bath: Footprint, pp. 132-133.</p>",132-133,,,191754549,http://www.worldcat.org/oclc/191754549,,
71,,907,"<p>
Gyurme Dorje. 2009. <em>Tibet Handbook</em>. Bath: Footprint, pp. 136-137.</p>",136-137,,,191754549,http://www.worldcat.org/oclc/191754549,,
71,,80,"<p>
Gyurme Dorje. 2009. <em>Tibet Handbook</em>. Bath: Footprint, pp. 175-176.</p>",175-176,,,191754549,http://www.worldcat.org/oclc/191754549,,
71,,327,"<p>
Gyurme Dorje. 2009. <em>Tibet Handbook</em>. Bath: Footprint, pp. 176-177.</p>",176-177,,,191754549,http://www.worldcat.org/oclc/191754549,,
71,,11,"<p>
Gyurme Dorje. 2009. <em>Tibet Handbook</em>. Bath: Footprint, pp. 197-198.</p>",197-198,,,191754549,http://www.worldcat.org/oclc/191754549,,
71,,1085,"<p>
Gyurme Dorje. 2009. <em>Tibet Handbook</em>. Bath: Footprint, pp. 269-272.</p>",269-272,,,191754549,http://www.worldcat.org/oclc/191754549,,
71,,1120,"<p>
Gyurme Dorje. 2009. <em>Tibet Handbook</em>. Bath: Footprint, pp. 279-280.</p>",279-280,,,191754549,http://www.worldcat.org/oclc/191754549,,
71,,839,"<p>
Gyurme Dorje. 2009. <em>Tibet Handbook</em>. Bath: Footprint, pp. 303-304.</p>",303-304,,,191754549,http://www.worldcat.org/oclc/191754549,,
71,,102,"<p>
Gyurme Dorje. 2009. <em>Tibet Handbook</em>. Bath: Footprint, pp. 308-311.</p>",308-311,,,191754549,http://www.worldcat.org/oclc/191754549,,
71,,35,"<p>
Gyurme Dorje. 2009. <em>Tibet Handbook</em>. Bath: Footprint, pp. 327-330.</p>",327-330,,,191754549,http://www.worldcat.org/oclc/191754549,,
71,,62,"<p>
Gyurme Dorje. 2009. <em>Tibet Handbook</em>. Bath: Footprint, pp. 330-333.</p>",330-333,,,191754549,http://www.worldcat.org/oclc/191754549,,
71,,1222,"<p>
Gyurme Dorje. 2009. <em>Tibet Handbook</em>. Bath: Footprint, pp. 424-425.</p>",424-425,,,191754549,http://www.worldcat.org/oclc/191754549,,
71,,352,"<p>
Gyurme Dorje. 2009. <em>Tibet Handbook</em>. Bath: Footprint, pp. 436-441.</p>",436-441,,,191754549,http://www.worldcat.org/oclc/191754549,,
71,,218,"<p>
Gyurme Dorje. 2009. <em>Tibet Handbook</em>. Bath: Footprint, pp. 470-474.</p>",470-474,,,191754549,http://www.worldcat.org/oclc/191754549,,
71,,682,"<p>
Gyurme Dorje. 2009. <em>Tibet Handbook</em>. Bath: Footprint, pp. 520, 538.</p>","520, 538",,,191754549,http://www.worldcat.org/oclc/191754549,,
71,,13,"<p>
Gyurme Dorje. 2009. <em>Tibet Handbook</em>. Bath: Footprint, pp. 596-597.</p>",596-597,,,191754549,http://www.worldcat.org/oclc/191754549,,
71,,924,"<p>
Gyurme Dorje. 2009. <em>Tibet Handbook</em>. Bath: Footprint, pp. 691-693.</p>",691-693,,,191754549,http://www.worldcat.org/oclc/191754549,,
71,,373,"<p>
Gyurme Dorje. 2009. <em>Tibet Handbook</em>. Bath: Footprint, pp. 699-700.</p>",699-700,,,191754549,http://www.worldcat.org/oclc/191754549,,
71,,358,"<p>
Gyurme Dorje. 2009. <em>Tibet Handbook</em>. Bath: Footprint, pp. 711-712.</p>",711-712,,,191754549,http://www.worldcat.org/oclc/191754549,,
71,,567,"<p>
Gyurme Dorje. 2009. <em>Tibet Handbook</em>. Bath: Footprint, pp. 764-765.</p>",764-765,,,191754549,http://www.worldcat.org/oclc/191754549,,
71,,206,"<p>
Gyurme Dorje. 2009. <em>Tibet Handbook</em>. Bath: Footprint, pp. 775-777.</p>",775-777,,,191754549,http://www.worldcat.org/oclc/191754549,,
71,,465,"<p>
Gyurme Dorje. 2009. <em>Tibet Handbook</em>. Bath: Footprint, pp. 802-803.</p>",802-803,,,191754549,http://www.worldcat.org/oclc/191754549,,
71,,877,"<p>
Gyurme Dorje. 2009. <em>Tibet Handbook</em>. Bath: Footprint, pp. 84-98.</p>",84-98,,,191754549,http://www.worldcat.org/oclc/191754549,,
71,,92,"<p>
Gyurme Dorje. 2009. <em>Tibet Handbook</em>. Bath: Footprint,, p. 186.</p>",186,,,191754549,http://www.worldcat.org/oclc/191754549,,
71,,657,"<p>
Gyurme Dorje. 2009. <em>Tibet Handbook</em>. Bath: Footprint,&nbsp;p. 330.</p>",330,,,191754549,http://www.worldcat.org/oclc/191754549,,
71,,1608,"<p>
Gyurme Dorje. 2009. Footprints Guide to Tibet. Bath: Footprints, p. 642.</p>",642,,,191754549,,,
71,,1763,"<p>
Gyurme Dorje. 2009. Footprints Tibet Handbook. Bath: Footprints.</p>",,,,191754549,,,
71,,1761,"<p>
Gyurme Dorje. 2009. Tibet Handbook, 4th Edition. Bath: Footprints</p>",,,,191754549,,,
71,,342,"<p>
Gyurme Dorje. 2009. Tibet Handbook. Bath: Footprint, p. 131.</p>",131,,,191754549,http://www.worldcat.org/oclc/191754549,,
71,,1303,"<p>
Gyurme Dorje. 2009. Tibet Handbook. Bath: Footprint, p. 189.</p>",189,,,191754549,http://www.worldcat.org/oclc/191754549,,
71,,1258,"<p>
Gyurme Dorje. 2009. Tibet Handbook. Bath: Footprint, p. 285.</p>",285,,,191754549,http://www.worldcat.org/oclc/191754549,,
71,,275,"<p>
Gyurme Dorje. 2009. Tibet Handbook. Bath: Footprint, p. 304.</p>",304,,,191754549,http://www.worldcat.org/oclc/191754549,,
71,,1143,"<p>
Gyurme Dorje. 2009. Tibet Handbook. Bath: Footprint, p. 323.</p>",323,,,191754549,http://www.worldcat.org/oclc/191754549,,
71,,1089,"<p>
Gyurme Dorje. 2009. Tibet Handbook. Bath: Footprint, p. 448.</p>",448,,,191754549,http://www.worldcat.org/oclc/191754549,,
71,,85,"<p>
Gyurme Dorje. 2009. Tibet Handbook. Bath: Footprint, p.189.</p>",89,,,191754549,http://www.worldcat.org/oclc/191754549,,
71,,38,"<p>
Gyurme Dorje. 2009. Tibet Handbook. Bath: Footprint, pp. 127-132.</p>",127-132,,,191754549,http://www.worldcat.org/oclc/191754549,,
71,,1465,"<p>
Gyurme Dorje. 2009.&nbsp;<em>Footprint Guide to Tibet</em>. Bath: Footprint, pp. 216-217.</p>",216-217,,,191754549,http://www.worldcat.org/oclc/191754549,,
71,,899,"<p>
Gyurme Dorje. 2009.&nbsp;<em>Tibet Handbook</em>. Bath: Footprint, p. 103-104.</p>",103-104,,,191754549,http://www.worldcat.org/oclc/191754549,,
71,,199,"<p>
Gyurme Dorje. 2009.&nbsp;<em>Tibet Handbook</em>. Bath: Footprint, p. 174.</p>",174,,,191754549,http://www.worldcat.org/oclc/191754549,,
71,,1236,"<p>
Gyurme Dorje. 2009.&nbsp;<em>Tibet Handbook</em>. Bath: Footprint, p. 187.</p>",187,,,191754549,http://www.worldcat.org/oclc/191754549,,
71,,253,"<p>
Gyurme Dorje. 2009.&nbsp;<em>Tibet Handbook</em>. Bath: Footprint, p. 248.</p>",248,,,191754549,http://www.worldcat.org/oclc/191754549,,
71,,270,"<p>
Gyurme Dorje. 2009.&nbsp;<em>Tibet Handbook</em>. Bath: Footprint, p. 338.</p>",338,,,191754549,http://www.worldcat.org/oclc/191754549,,
71,,1393,"<p>
Gyurme Dorje. 2009.&nbsp;<em>Tibet Handbook</em>. Bath: Footprint, p. 493.</p>",493,,,191754549,http://www.worldcat.org/oclc/191754549,,
71,,807,"<p>
Gyurme Dorje. 2009.&nbsp;<em>Tibet Handbook</em>. Bath: Footprint, p. 616.</p>",616,,,191754549,http://www.worldcat.org/oclc/818982391,,
71,,941,"<p>
Gyurme Dorje. 2009.&nbsp;<em>Tibet Handbook</em>. Bath: Footprint, p. 727.</p>",727,,,191754549,http://www.worldcat.org/oclc/191754549,,
71,,1178,"<p>
Gyurme Dorje. 2009.&nbsp;<em>Tibet Handbook</em>. Bath: Footprint, p. 808-809.</p>",808-809,,,191754549,http://www.worldcat.org/oclc/191754549,,
71,,603,"<p>
Gyurme Dorje. 2009.&nbsp;<em>Tibet Handbook</em>. Bath: Footprint, pp. 342-346.</p>",342-346,,,191754549,http://www.worldcat.org/oclc/191754549,,
71,,813,"<p>
Gyurme Dorje. 2009.&nbsp;<em>Tibet Handbook</em>. Bath: Footprint, pp. 492-493.</p>",492-493,,,191754549,http://www.worldcat.org/oclc/191754549,,
71,,700,"<p>
Gyurme Dorje. 2009.&nbsp;<em>Tibet Handbook</em>. Bath: Footprint, pp. 567-568.</p>",567-568,,,191754549,http://www.worldcat.org/oclc/191754549,,
71,,533,"<p>
Gyurme Dorje. 2009.&nbsp;<em>Tibet Handbook</em>. Bath: Footprint, pp. 695-696.</p>
<p>
&nbsp;</p>",695-696,,,191754549,http://www.worldcat.org/oclc/191754549,,
71,,1221,"<p>
Gyurme Dorje. 2009.&nbsp;<em>Tibet Handbook</em>. Bath: Footprint,&nbsp;p. 266.</p>",266,,,191754549,http://www.worldcat.org/oclc/191754549,,
71,,355,"<p>
Gyurme Dorje. 2009.<em> Tibet Handbook</em>. Bath: Footprint, p. 131.</p>",131,,,191754549,http://www.worldcat.org/oclc/191754549,,
71,,485,"<p>
Gyurme Dorje. 2009.<em> Tibet Handbook</em>. Bath: Footprint, p. 222.</p>",222,,,191754549,http://www.worldcat.org/oclc/191754549,,
71,,1124,"<p>
Gyurme Dorje. 2009.<em> Tibet Handbook</em>. Bath: Footprint, p. 384.</p>",384,,,191754549,http://www.worldcat.org/oclc/191754549,,
71,,443,"<p>
Gyurme Dorje. 2009.<em> Tibet Handbook</em>. Bath: Footprint, pp. 119.</p>",119,,,191754549,http://www.worldcat.org/oclc/191754549,,
71,,862,"<p>
Gyurme Dorje. 2009.<em> Tibet Handbook</em>. Bath: Footprint, pp. 169-170.</p>",169-170,,,191754549,http://www.worldcat.org/oclc/191754549,,
71,,128,"<p>
Gyurme Dorje. 2009.<em> Tibet Handbook</em>. Bath: Footprint, pp. 174-175.</p>",174-175,,,191754549,http://www.worldcat.org/oclc/191754549,,
71,,1373,"<p>
Gyurme Dorje. 2009.<em> Tibet Handbook</em>. Bath: Footprint, pp. 201-202.</p>",201-202,,,191754549,http://www.worldcat.org/oclc/191754549,,
71,,32,"<p>
Gyurme Dorje. 2009.<em> Tibet Handbook</em>. Bath: Footprint, pp. 332-333.</p>",332-333,,,191754549,http://www.worldcat.org/oclc/191754549,,
71,,1084,"<p>
Gyurme Dorje. 2009.<em> Tibet Handbook</em>. Bath: Footprint, pp. 413-423.</p>",413-423,,,191754549,http://www.worldcat.org/oclc/191754549,,
71,,1535,"<p>
Gyurme Dorje. 2009.<em>&nbsp;Tibet Handbook, </em>fourth edition. Bath: Footprints, p. 630.</p>",630,,,191754549,,,
71,,197,"<p>
Gyurme Dorje. 2009.<em>&nbsp;Tibet Handbook</em>. Bath: Footprint, p. 301.</p>",301,,,191754549,http://www.worldcat.org/oclc/191754549,,
71,,101,"<p>
Gyurme Dorje. 2009.<em>&nbsp;Tibet Handbook</em>. Bath: Footprint, p. 316.</p>",316,,,191754549,http://www.worldcat.org/oclc/191754549,,
71,,159,"<p>
Gyurme Dorje. 2009.<em>&nbsp;Tibet Handbook</em>. Bath: Footprint, p. 573.</p>",573,,,191754549,http://www.worldcat.org/oclc/191754549,,
71,,466,"<p>Gyurme Dorje. 2009. <em>Tibet Handbook</em>. Bath: Footprint, p. 265.</p>",265,,,191754549,http://www.worldcat.org/oclc/191754549,,
71,,814,"<p>Gyurme Dorje. 2009.&nbsp;<em>Tibet Handbook</em>. Bath: Footprint, 586-587.</p>",586-587,,,191754549,http://www.worldcat.org/oclc/191754549,,
71,,842,"Gyurme Dorje. 2009. Tibet Handbook. Bath: Footprint, p. 132.",132,,,191754549,http://www.worldcat.org/oclc/191754549,,
71,,1152,"Gyurme Dorje. 2009. Tibet Handbook. Bath: Footprint, p. 696.",696,,,191754549,http://www.worldcat.org/oclc/191754549,,
71,,280,"<p>
Dorje, Gyurme. 2009. <em>Tibet Handbook.</em> Bath: Footprint, p. 588.</p>",588,,,191754549,,,
71,,178,"<p>
Dorje, Gyurme. 2009. <em>Tibet Handbook.</em> Bath: Footprint, p. 611.</p>",611,,,191754549,,,
71,,1359,"<p>
Dorje, Gyurme. 2009. <em>Tibet Handbook</em>. Bath: Footprint, p. 119-120.</p>",119-120,,,191754549,http://www.worldcat.org/oclc/191754549,,
71,,68,"<p>
Dorje, Gyurme. 2009. <em>Tibet Handbook</em>. Bath: Footprint, p. 168.</p>",168,,,191754549,,,
71,,1348,"<p>
Dorje, Gyurme. 2009. <em>Tibet Handbook</em>. Bath: Footprint, p. 215.</p>",215,,,191754549,,,
71,,346,"<p>
Dorje, Gyurme. 2009. <em>Tibet Handbook</em>. Bath: Footprint, p. 699.</p>",699,,,191754549,,,
71,,831,"<p>
Dorje, Gyurme. 2009. <em>Tibet Handbook</em>. Bath: Footprint, p. 702.</p>",702,,,191754549,http://www.worldcat.org/oclc/191754549,,
71,,942,"<p>
Dorje, Gyurme. 2009. <em>Tibet Handbook</em>. Bath: Footprint, p. 727.</p>",727,,,191754549,http://www.worldcat.org/oclc/1101318276,,
71,,1402,"<p>
Dorje, Gyurme. 2009. <em>Tibet Handbook</em>. Bath: Footprint, pp. 159, 164, 166.</p>","159, 164, 166",,,191754549,,,
71,,1142,"<p>
Dorje, Gyurme. 2009. <em>Tibet Handbook</em>. Bath: Footprint, pp. 673-677.</p>",673-677,,,191754549,,,
71,,1428,"<p>
Dorje, Gyurme. 2009. <em>Tibet Handbook</em>. Bath: Footprint, pp. 721-722.</p>",721-722,,,191754549,http://www.worldcat.org/oclc/191754549,,
71,,553,"<p>
Dorje, Gyurme. 2009. Tibet Handbook. Bath: Footprint, pp. 249-251.</p>",249-251,,,191754549,http://www.worldcat.org/oclc/191754549,,
71,,244,"<p>
Dorje, Gyurme. 2009.&nbsp;<em>Tibet Handbook</em>. Bath: Footprint, p. 300.</p>",300,,,191754549,http://www.worldcat.org/oclc/191754549,,
71,,829,"<p>
Dorje, Gyurme. 2009.&nbsp;<em>Tibet Handbook</em>. Bath: Footprint, pp. 263-264.</p>",263-264,,,191754549,http://www.worldcat.org/oclc/191754549,,
71,,39,"<p>
Dorje, Gyurme. 2009.&nbsp;<em>Tibet Handbook</em>. Bath: Footprint, pp. 322-327.</p>",322-327,,,191754549,http://www.worldcat.org/oclc/191754549,,
71,,535,"<p>
Dorje, Gyurme. 2009.&nbsp;<em>Tibet Handbook</em>. Bath: Footprint, pp. 501.</p>",501,,,191754549,http://www.worldcat.org/oclc/191754549,,
71,,40,"<p>
Dorje, Gyurme. 2009.&nbsp;<em>Tibet Handbook</em>. Bath: Footprint, pp. 691-693.</p>",691-693,,,191754549,http://www.worldcat.org/oclc/191754549,,
71,,527,"<p> Dorje, Gyurme. 2009. <em>Footprint Tibet Handbook</em>, 4th Edition. Bath, UK: Footprint Handbooks Ltd, p. 773-4.</p>",773-774,,,191754549,,,
71,,374,"<p> Dorje, Gyurme. 2009. <em>Tibet Handbook</em>. Bath: Footprint, p. 727.</p>",727,,,191754549,,,
71,,926,"<p> Dorje, Gyurme. 2009. <em>Tibet Handbook</em>. Bath: Footprint, pp. 691-693.</p>",,,,191754549,,,
71,,927,"<p> Dorje, Gyurme. 2009. <em>Tibet Handbook</em>. Bath: Footprint, pp. 691-693.</p>",691-693,,,191754549,,,
71,,925,"<p> Dorje, Gyurme. 2009. <em>Tibet Handbook</em>. Bath: Footprint, pp. 691-693.</p>",691-693,,,191754549,,,
71,,1245,"<p> Dorje, Gyurme. 2009.&nbsp;<i>Tibet Handbook</i>. Bath: Footprint, pp. 582-585.</p>",582-585,,,191754549,,,
71,,398,"<p>Gyurme Dorje. 2009.&nbsp;<em>Tibet Handbook</em>. Bath: Footprint, pp. 717-718.</p>",717-718,,,,http://www.worldcat.org/oclc/191754549,,
71,,1024,"<p>Dorje, Gyurme. 2009.&nbsp;Tibet Handbook. Bath: Footprint, pp. 691-693.</p>",691-693,,,,,,
72,,536,"<p>
Alexander, André. 2005. <em>The Temples of Lhasa: Tibetan Buddhist Architecture from the 7th to the 21st Centuries</em>. Chicago: Serindia Publications, p. 207.</p>",207,,,57434182,http://www.worldcat.org/oclc/57434182,,
72,,535,"<p>
Alexander, André. 2005. <em>The Temples of Lhasa: Tibetan Buddhist architecture from the 7th to the 21st centuries</em>. Chicago: Serindia Publications, p. 207.</p>",207,,,57434182,http://www.worldcat.org/oclc/57434182,,
72,,722,"<p>
Alexander, André. 2005. <em>The Temples of Lhasa: Tibetan Buddhist architecture from the 7th to the 21st centuries</em>. Chicago: Serindia Publications, pp. 103-123.&nbsp;</p>",103-123,,,57434182,http://www.worldcat.org/oclc/57434182,,
72,,880,"<p>
Alexander, André. 2005. <em>The Temples of Lhasa: Tibetan Buddhist architecture from the 7th to the 21st centuries</em>. Chicago: Serindia Publications, pp. 125-140.</p>",125-140,,,57434182,http://www.worldcat.org/oclc/57434182,,
72,,900,"<p>
Alexander, André. 2005. <em>The Temples of Lhasa: Tibetan Buddhist Architecture from the 7th to the 21st Centuries</em>. Chicago: Serindia Publications, pp. 223-239.</p>",223-239,,,57434182,http://www.worldcat.org/oclc/57434182,,
72,,724,"<p>
Alexander, André. 2005. <em>The Temples of Lhasa: Tibetan Buddhist Architecture from the 7th to the 21st Centuries</em>. Chicago: Serindia Publications, pp. 241-257.</p>",241-257,,,57434182,http://www.worldcat.org/oclc/57434182,,
72,,894,"<p>
Alexander, André. 2005. <em>The Temples of Lhasa: Tibetan Buddhist Architecture from the 7th to the 21st Centuries</em>. Chicago: Serindia Publications, pp. 90-100.</p>",90-100,,,57434182,http://www.worldcat.org/oclc/57434182,,
72,,875,"<p>
Alexander, André. 2005. <em>The Temples of Lhasa: Tibetan Buddhist Architecture from the 7th to the 21st Centuries</em>. Chicago: Serindia Publications.</p>",,,,57434182,http://www.worldcat.org/oclc/57434182,,
72,,913,"<p>
Alexander, André. 2005. <em>The Temples of Lhasa: Tibetan Buddhist Architecture from the 7th to the 21st Centuries</em>. Chicago: Serindia Publications.</p>",,,,57434182,http://www.worldcat.org/oclc/57434182,,
72,,898,"<p>
Alexander, André. 2005. <em>The Temples of Lhasa: Tibetan Buddhist Architecture from the 7th to the 21st Centuries</em>. Chicago: Serindia Publications.</p>",,,,57434182,http://www.worldcat.org/oclc/57434182,,
72,,912,"<p>
Alexander, André. 2005.&nbsp;<em>The Temples of Lhasa: Tibetan Buddhist architecture from the 7th to the 21st centuries</em>. Chicago: Serindia Publications, pp. 143-149.</p>",143-149,,,57434182,http://www.worldcat.org/oclc/57434182,,
72,,874,"<p>
Alexander, André. 2005.&nbsp;<em>The Temples of Lhasa: Tibetan Buddhist architecture from the 7th to the 21st centuries</em>. Chicago: Serindia Publications, pp. 259-269.</p>",259-269,,,57434182,http://www.worldcat.org/oclc/57434182,,
72,,899,"<p>
Alexander, André. 2005.&nbsp;<em>The Temples of Lhasa: Tibetan Buddhist architecture from the 7th to the 21st centuries</em>. Chicago: Serindia Publications, pp. 68-68, 78-89.</p>","68-68, 78-89",,,57434182,http://www.worldcat.org/oclc/57434182,,
72,,897,"<p>
Alexander, André. 2005.&nbsp;<em>The Temples of Lhasa: Tibetan Buddhist Architecture from the 7th to the 21st Centuries</em>. Chicago: Serindia Publications, pp. 90-100.</p>",90-100,,,57434182,http://www.worldcat.org/oclc/57434182,,
72,,896,"<p>
Alexander, André. 2005.&nbsp;<em>The Temples of Lhasa: Tibetan Buddhist Architecture from the 7th to the 21st Centuries</em>. Chicago: Serindia Publications, pp. 90-100.</p>",90-100,,,57434182,http://www.worldcat.org/oclc/57434182,,
72,,723,"<p>
Alexander, André. 2005.<em> The Temples of Lhasa: Tibetan Buddhist Architecture from the 7th to the 21st Centuries</em>. Chicago: Serindia Publications, pp. 208-221.</p>",208-221,,,57434182,http://www.worldcat.org/oclc/57434182,,
72,,895,"<p>
Alexander, André. 2005.<em> The Temples of Lhasa: Tibetan Buddhist Architecture from the 7th to the 21st Centuries</em>. Chicago: Serindia Publications, pp. 90-100.</p>",90-100,,,57434182,http://www.worldcat.org/oclc/57434182,,
73,,846,"<p>
Alexander, André. 2013. <em>The traditional Lhasa house: typology of an endangered species</em>. Zürich: Lit Verlag, pp. 113-117.</p>",113-117,,,878301029,http://www.worldcat.org/oclc/878301029,,
74,,852,"<p>
Alexander, André. 2019. <em>The traditional Lhasa house: typology of an endangered speci</em>es. Chicago: Serindia, p. 353f.</p>",353f,,,1063584745,http://www.worldcat.org/oclc/1063584745,,
74,,729,"<p>
Alexander, André. 2019. <em>The traditional Lhasa house: typology of an endangered species</em>. Chicago: Serindia, p. 354f.</p>",354f,,,1063584745,http://www.worldcat.org/oclc/1063584745,,
74,,848,"<p>
Alexander, André. 2019. <em>The traditional Lhasa house: typology of an endangered species</em>. Chicago: Serindia, pp. 118-121.&nbsp;</p>",119-121,,,1063584745,http://www.worldcat.org/oclc/1063584745,,
74,,851,"<p>
Alexander, André. 2019. <em>The traditional Lhasa house: typology of an endangered species</em>. Chicago: Serindia, pp. 126-128.</p>",126-128,,,1063584745,http://www.worldcat.org/oclc/1063584745,,
74,,728,"<p>
Alexander, André. 2019. <em>The traditional Lhasa house: typology of an endangered species</em>. Chicago: Serindia, pp. 18, 298.</p>","18, 298",,,1063584745,http://www.worldcat.org/oclc/1063584745,,
74,,879,"<p>
Alexander, André. 2019. <em>The Traditional Lhasa House: Typology of an Endangered Species</em>. Chicago: Serindia, pp. 310-311.</p>",310-311,,,1063584745,http://www.worldcat.org/oclc/1063584745,,
74,,882,"<p>
Alexander, André. 2019. <em>The traditional Lhasa house: typology of an endangered species</em>. Chicago: Serindia, pp. 313-315.</p>",313-315,,,1063584745,http://www.worldcat.org/oclc/1063584745,,
74,,844,"<p>
Alexander, André. 2019. <em>The traditional Lhasa house: typology of an endangered species</em>. Chicago: Serindia, pp. 76-79.&nbsp;</p>",76-79,,,1063584745,http://www.worldcat.org/oclc/1063584745,,
74,,902,"<p>
Alexander, André. 2019. <em>The traditional Lhasa house: typology of an endangered species</em>. Chicago: Serindia, pp. 80-85.</p>",80-85,,,1063584745,http://www.worldcat.org/oclc/1063584745,,
74,,845,"<p>
Alexander, André. 2019. <em>The traditional Lhasa house: typology of an endangered species</em>. Chicago: Serindia, pp. 86-89.</p>",86-89,,,1063584745,http://www.worldcat.org/oclc/1063584745,,
74,,853,"<p>
Alexander, André. 2019. <em>The traditional Lhasa house: typology of an endangered species</em>. Chicago: Serindia.&nbsp;</p>",,,,1063584745,http://www.worldcat.org/oclc/1063584745,,
74,,847,"<p>
Alexander, André. 2019.<em> The traditional Lhasa house: typology of an endangered species</em>. Chicago: Serindia. pp. 56, 176</p>","56, 176",,,1063584745,http://www.worldcat.org/oclc/1063584745,,
74,,1561,"<p>
Alexander, André. 2019. <em>The traditional Lhasa house: typology of an endangered species</em>. Chicago: Serindia, pp. 93-95.</p>",93-95,,,1063584745,http://www.worldcat.org/oclc/1063584745,,
74,,903,"<p>
Alexander, André. 2019.<em> The traditional Lhasa house: typology of an endangered species</em>. Chicago: Serindia, pp. 176-179.</p>",176-179,,,1063584745,http://www.worldcat.org/oclc/1063584745,,
75,,1158,"<p>
Amar, Abhishek Singh., David Geary, and Matthew R. Sayers. 2012. <em>Cross-disciplinary perspectives on a contested Buddhist site : Bodh Gaya Jataka</em>. London: Routledge.",,,,886477669,https://doi.org/10.4324/9780203120354,,
76,,1055,"<p>
Andreev, A. I. 2017.<em> Sankt-Peterburgskiĭ buddiĭskiĭ khram v fotografii︠a︡kh V. A. Sansero [1920-1924]: iz kollekt︠s︡ii Instituta vostochnykh rukopiseĭ RAN</em>. Sankt-Peterburg: Izdanie A. A. Terentʹeva.</p>",,,,41204297,http://www.worldcat.org/oclc/11,,
77,,1312,"<p>
Andreyev, Alexandre. 2014. <em>Myth of the Masters Revived : The Occult Lives of Nikolai and Elena Roerich</em>. Leiden: Brill.</p>",,,,934549213,http://www.worldcat.org/oclc/934549213,,
78,,1595,"<p>
Snellgrove, David. 1961. <em>Himalayan Pilgrimage, a Study of Tibetan Religion by a Traveller through Western Nepal</em>. Oxford: Bruno Cassirer, pp. 193-195.</p>",193-195,,,848924,,,
79,,1001,"<p>
ʼGos Lo-tsā-ba Gzhon-nu-dpal, George Roerich, and Turrell V. Wylie. 1949.<em> The blue annals, Vol. 2</em>. Calcutta: Royal Asiatic Society of Bengal, p. 466.</p>",466,,,2289406,http://www.worldcat.org/oclc/2289406,,
79,,1259,"<p>
Roerich, George Nicholas. 1949. <em>The Blue Annals: Part I.</em> Calcutta: Royal Asiatic Society of Bengal, pp. 82-83.</p>",82-83,,,222009799,http://www.worldcat.org/oclc/222009799,,
80,,174,"<p>
Chogyam Trungpa. 1977. <em>Born in Tibet</em>. Boulder: Shambhala.</p>",,,,3353735,,,
80,,702,"<p>
Chogyam Trungpa. 1977. <em>Born in Tibet</em>. Boulder: Shambhala.</p>",,,,3353735,,,
81,,1454,"<p>
Asia Society. 1982. <em>Tibetan Cultural Resources in North America</em> = [Bod kyi rig gźuṅ thon khuṅs]. Asia Society, p. 6.</p>",6,,,11915768,http://www.worldcat.org/oclc/11915768,,
82,,1411,"<p><em>Annual Report</em>.&nbsp;2005. India:&nbsp;Government of India, Ministry of Culture,&nbsp;p. 87.</p>",87-88,,,14995171,https://www.indiaculture.gov.in/sites/default/files/annual-reports/MoC%20Annual%20Report%202005-2006.pdf,,
83,,1416,"<p>
Fields, Rick. 1992. <em>How the Swans Came to the Lake: A Narrative History of Buddhism in America</em>. Boston: Shambhala Publications, pp. 332-335.</p>",,,,1066097561,http://www.worldcat.org/oclc/1066097561,,
84,,128,"<p>
Jackson, David. 1989. <em>The Early Abbots of &#39;Phan-po Na-lendra: The Vicissitudes of a Great Tibetan Monastery in the 15th Century</em>. Vienna: Arbeitskreis f&uuml;r Tibetische und Buddhistische Studien, Universit&auml;t Wien.&nbsp;</p>",,,,25460374,https://search.worldcat.org/title/25460374,,
85,,1496,"<p>
Jackson, David. 2003. <em>Saint in Seattle</em>. Boston: Wisdom, p. 10.</p>",10,,,54479651,https://search.worldcat.org/title/54479651,,
85,,1497,"<p>
Jackson, David. 2003. <em>A Saint in Seattle</em>. Boston: Wisdom.</p>",,,,54479651,https://search.worldcat.org/title/54479652,,
85,,445,"<p>
Jackson, David. 2003. <em>Saint in Seattle: The Life of the Tibetan Mystic Dezhung Rinpoche</em>. Boston: Wisdom Publications, p. 593.</p>",593,,,54479651,https://search.worldcat.org/title/54479653,,
85,,1464,"<p>
Jackson, David. 2003. <em>Saint in Seattle</em>. Boston: Wisdom.</p>",,,,54479651,https://search.worldcat.org/title/54479654,,
85,,179,"<p>
Jackson, David. 2003. Saint in Seattle. Boston: Wisdom, pp. 75-77.</p>",75-77,,,54479651,https://search.worldcat.org/title/54479655,,
85,,178,"<p>Jackson, David Paul. 2003.<em>A Saint in Seattle: The Life of the Tibetan Mystic Dezhung Rinpoche</em>. Boston: Wisdom Publications, pp. 531-536. </p>",531-536,,,54479651,https://search.worldcat.org/title/54479656,,
86,,173,"<p>
Dowman,&nbsp;Keith. 1995.<em> Power Places of Kathmandu: Hindu and Buddhist Holy Sites in the Sacred Valley of Nepal</em>.&nbsp;United Kingdom:&nbsp;Inner Traditions/Bear.</p>",,,,32510936,http://www.worldcat.org/oclc/32510936,,
86,,1653,"<p>
Dowman, Keith. 1981. &quot;A Buddhist Guide to the Power Places of the Kathmandu Valley.&quot; <em>Kailash: A Journal of Himalyan Studies</em>, vol. VIII, no. 3-4, pp. 270-271.</p>",,,,,https://himalaya.socanth.cam.ac.uk/collections/journals/kailash/pdf/kailash_08_0304_03.pdf,,
87,,1408,"<p>
Thub bstan dpal ldan.&nbsp;1997. <em>The Guide to the Buddhist Monasteries and Royal Castles of Ladakh</em>.&nbsp;India:&nbsp;T. Paldan, p. 23.</p>",23,,,45437173,http://www.worldcat.org/oclc/45437173,,
88,,427,"<p>
Cuevas, Bryan J. 2003. The hidden history of the Tibetan book of the dead. Oxford: University Press, pp. 191-192.</p>",191-192,,,50347871,http://www.worldcat.org/oclc/963538639,,
89,,905,"<p>
Unesco. 2004. <em>World Heritage: Monumental Sites</em>. Milano: Skira Editore, pp. 242-249.</p>",242-249,,,56022655,http://www.worldcat.org/oclc/56022655,,
90,,1412,"<p> Bruun, Ole. 2006. <em>Mongols From Country to City: Floating Boundaries, Pastoralism and City Life in the Mongol Lands</em>. Copenhagen: NIAS Press, p. 223.</p>",223,,,56655362,,,
91,,1544,"<p>
Childs,&nbsp;Geoff.&nbsp;<em>Tibetan Diary: From Birth to Death and Beyond in a Himalayan Valley of Nepal</em>.&nbsp;Berkeley:&nbsp;University of California Press,&nbsp;2004.</p>",,,,56732972,http://www.worldcat.org/oclc/1014867757,,
92,,1510,"<p>
Simmer-Brown, Judith. &quot;The Liberty That Nobody Can Touch: Thomas Merton Meets Tibetan Buddhism.&quot;<em> Merton &amp; Buddhism: Wisdom, Emptiness and Everyday Mind</em>, ed. Bonnie Bowman Thurston (Louisville, KY: Fons Vitae, 2007) (2007): 51-90.</p>",51-90,,,123165638,http://www.worldcat.org/oclc/123165638,,
93,,1045,"<p>
Gruschke, Andreas. 2001. <em>The Cultural Monuments of Tibet&#39;s Outer Provinces. Volume 1: The Qinghai part of Amdo</em>. Thailand: White Lotus Press, p. 54.</p>",54,,,229922814,http://www.worldcat.org/oclc/229922814,,
93,,40,"<p>
Gruschke, Andreas. 2001.&nbsp;<em>The Cultural Monuments of Tibet&#39;s Outer Provinces, Volume 1, the Qinghai Part of Amdo</em>. Bangkok: White Lotus Press, pp. 21-26.</p>",21-26,,,229922814,http://www.worldcat.org/oclc/229922814,,
93,,942,"<p>
Gruschke, Andreas. 2001.&nbsp;<em>The Cultural Monuments of Tibet&#39;s Outer Provinces, Volume 1, the Qinghai Part of Amdo</em>. Bangkok: White Lotus Press, pp. 51-54.</p>",51-54,,,229922814,http://www.worldcat.org/oclc/229922814,,
93,,941,"<p>
Gruschke, Andreas. 2001.&nbsp;<em>The Cultural Monuments of Tibet&#39;s Outer Provinces, Volume 1, the Qinghai Part of Amdo</em>. Bangkok: White Lotus Press, pp. 51-54.</p>",51-54,,,229922814,http://www.worldcat.org/oclc/229922814,,
93,,924,"<p>
Gruschke, Andreas. 2001.<em> The Cultural Monuments of Tibet&#39;s Outer Provinces, Volume 1, the Qinghai Part of Amdo</em>. Bangkok: White Lotus Press, pp. 21-26.</p>",21-26,,,229922814,http://www.worldcat.org/oclc/229922814,,
93,,532,"<p>
Gruschke,&nbsp;Andreas.&nbsp;2001. <em>The Cultural Monuments of Tibet&#39;s Outer Provinces. Volume 1: The Qinghai part of Amdo</em>.&nbsp;Thailand:&nbsp;White Lotus Press, p. 36-38.</p>",36-38,,,229922814,http://www.worldcat.org/oclc/229922814,,
93,,1044,"<p>
Gruschke,&nbsp;Andreas.&nbsp;2001. <em>The Cultural Monuments of Tibet&#39;s Outer Provinces. Volume 1: The Qinghai part of Amdo</em>.&nbsp;Thailand:&nbsp;White Lotus Press, p. 54.</p>",54,,,229922814,http://www.worldcat.org/oclc/229922814,,
93,,1043,"<p>
Gruschke,&nbsp;Andreas.&nbsp;2001. <em>The Cultural Monuments of Tibet&#39;s Outer Provinces. Volume 1: The Qinghai part of Amdo</em>.&nbsp;Thailand:&nbsp;White Lotus Press, p. 80.</p>",80,,,229922814,http://www.worldcat.org/oclc/229922814,,
93,,156,"<p>
Gruschke,&nbsp;Andreas.&nbsp;2001. <em>The Cultural Monuments of Tibet&#39;s Outer Provinces. Volume 1: The Qinghai part of Amdo</em>.&nbsp;Thailand:&nbsp;White Lotus Press, pp. 31-37.</p>",31-37,,,229922814,http://www.worldcat.org/oclc/229922814,,
93,,340,"<p>
Gruschke,&nbsp;Andreas.&nbsp;2001. <em>The Cultural Monuments of Tibet&#39;s Outer Provinces. Volume 1: The Qinghai part of Amdo</em>.&nbsp;Thailand:&nbsp;White Lotus Press, pp. 44-45.</p>",44-45,,,229922814,http://www.worldcat.org/oclc/229922814,,
93,,1428,"<p>
Gruschke,&nbsp;Andreas.&nbsp;2001. <em>The Cultural Monuments of Tibet&#39;s Outer Provinces. Volume 1: The Qinghai part of Amdo</em>.&nbsp;Thailand:&nbsp;White Lotus Press, pp. 64-65.</p>",64-65,,,229922814,http://www.worldcat.org/oclc/229922814,,
93,,1086,"<p>
Gruschke,&nbsp;Andreas.&nbsp;2001. <em>The Cultural Monuments of Tibet&#39;s Outer Provinces. Volume 1: The Qinghai Part of Amdo</em>.&nbsp;Thailand:&nbsp;White Lotus Press, pp. 73-75.</p>",73-75,,,229922814,http://www.worldcat.org/oclc/229922814,,
93,,982,"<p>
Gruschke,&nbsp;Andreas.&nbsp;2001. <em>The Cultural Monuments of Tibet&#39;s Outer Provinces. Volume 1: The Qinghai part of Amdo</em>.&nbsp;Thailand:&nbsp;White Lotus Press, pp. 92-93.</p>",92-93,,,229922814,http://www.worldcat.org/oclc/229922814,,
93,,533,"<p>
Gruschke,&nbsp;Andreas.&nbsp;2001. <em>The Cultural Monuments of Tibet&#39;s Outer Provinces. Volume 1: The Qinghai part of Amdo</em>.&nbsp;Thailand:&nbsp;White Lotus Press, pp.&nbsp;38, 59, 153.</p>","38, 59, 153",,,229922814,http://www.worldcat.org/oclc/229922814,,
93,,398,"<p>
Gruschke,&nbsp;Andreas.&nbsp;2001. <em>The Cultural Monuments of Tibet&#39;s Outer Provinces. Volume 1: The Qinghai part of Amdo</em>.&nbsp;Thailand:&nbsp;White Lotus Press,&nbsp;p. 62.</p>",62,,,229922814,http://www.worldcat.org/oclc/229922814,,
93,,716,"<p>
Gruschke,&nbsp;Andreas.&nbsp;2001.<em> The Cultural Monuments of Tibet&#39;s Outer Provinces. Volume 1: The Qinghai part of Amdo</em>.&nbsp;Thailand:&nbsp;White Lotus Press, p. 91-92.</p>",91-92,,,229922814,http://www.worldcat.org/oclc/229922814,,
93,,926,"<p> Gruschke, Andreas. 2001. <em>The Cultural Monuments of Tibet&#39;s Outer Provinces, Volume 1, the Qinghai Part of Amdo</em>. Bangkok: White Lotus Press, pp. 21-26.</p>",21-26,,,229922814,,,
93,,927,"<p> Gruschke, Andreas. 2001. <em>The Cultural Monuments of Tibet&#39;s Outer Provinces, Volume 1, the Qinghai Part of Amdo</em>. Bangkok: White Lotus Press, pp. 21-26.</p> <p>",21-26,,,229922814,,,
93,,374,"<p> Gruschke, Andreas. 2001. <em>The Cultural Monuments of Tibet&#39;s Outer Provinces, Volume 1, the Qinghai Part of Amdo</em>. Bangkok: White Lotus Press, pp. 51-54.</p>",51-54,,,229922814,,,
93,,925,"<p> Gruschke, Andreas. 2001.<em>The Cultural Monuments of Tibet&#39;s Outer Provinces, Volume 1, the Qinghai Part of Amdo</em>. Bangkok: White Lotus Press, pp. 21-26.&nbsp;</p>",21-26,,,229922814,,,
93,,397,"<p>Gruschke,&nbsp;Andreas.&nbsp;2001. <em>The Cultural Monuments of Tibet&#39;s Outer Provinces. Volume 1: The Qinghai part of Amdo</em>.&nbsp;Thailand:&nbsp;White Lotus Press, p. 55.</p>",55,,,229922814,http://www.worldcat.org/oclc/229922814,,
93,,1024,"<p> Gruschke, Andreas. 2001. The Cultural Monuments of Tibet&#39;s Outer Provinces, Volume 1, the Qinghai Part of Amdo. Bangkok: White Lotus Press, pp. 21-26.</p>",21-26,,,,,,
94,,1426,"<p>
Gruschke, Andreas. 2001. <em>The Cultural Monuments of Tibet&#39;s Outer Provinces: Volume 2. The Gansu and Sichuan Parts of Amdo</em>. Bangkok: White Lotus Press, pp. 46-48.</p>",46-48,,,229922816,,,
94,,41,"<p>
Gruschke, Andreas. 2001. <em>The Cultural Monuments of Tibet&#39;s Outer Provinces. Volume 2: The Gansu and Sichuan parts of Amdo</em>. Thailand: White Lotus Press, pp. 27-38.</p>",27-38,,,229922816,http://www.worldcat.org/oclc/229922816,,
94,,831,"<p>
Gruschke, Andreas. 2001.&nbsp;<em>The Cultural Monuments of Tibet&#39;s Outer Provinces, Volume 2</em>. Bangkok: White Lotus Press, p. 23.</p>",23,,,229922816,http://www.worldcat.org/oclc/229922816,,
94,,363,"<p>
Gruschke, Andreas. 2001.<em> The Cultural Monuments of Tibet&#39;s Outer Provinces: Volume 2. The Gansu and Sichuan Parts of Amdo</em>. Bangkok: White Lotus Press, pp. 46-48.</p>",46-48,,,229922816,,,
94,,479,"<p>
Gruschke,&nbsp;Andreas.&nbsp;2001. <em>The Cultural Monuments of Tibet&#39;s Outer Provinces. Volume 2: The Gansu and Sichuan parts of Amdo</em>. Thailand:&nbsp;White Lotus Press, p. 50.</p>",50,,,229922816,http://www.worldcat.org/oclc/229922816,,
94,,1365,"<p>
Gruschke,&nbsp;Andreas.&nbsp;2001. <em>The Cultural Monuments of Tibet&#39;s Outer Provinces. Volume 2: The Gansu and Sichuan parts of Amdo</em>. Thailand:&nbsp;White Lotus Press, p. 56.</p>",56,,,229922816,http://www.worldcat.org/oclc/229922816,,
94,,441,"<p>
Gruschke,&nbsp;Andreas.&nbsp;2001. <em>The Cultural Monuments of Tibet&#39;s Outer Provinces. Volume 2: The Gansu and Sichuan parts of Amdo</em>. Thailand:&nbsp;White Lotus Press, pp. 21-23.</p>",21-23,,,229922816,http://www.worldcat.org/oclc/229922816,,
94,,920,"<p>
Gruschke,&nbsp;Andreas.&nbsp;2001. <em>The Cultural Monuments of Tibet&#39;s Outer Provinces. Volume 2: The Gansu and Sichuan parts of Amdo</em>. Thailand:&nbsp;White Lotus Press, pp. 27-39.</p>",27-39,,,229922816,http://www.worldcat.org/oclc/229922816,,
94,,210,"<p>
Gruschke,&nbsp;Andreas.&nbsp;2001. <em>The Cultural Monuments of Tibet&#39;s Outer Provinces. Volume 2: The Gansu and Sichuan parts of Amdo</em>. Thailand:&nbsp;White Lotus Press, pp. 74-78, 150-153.</p>","74-78, 150-153",,,229922816,http://www.worldcat.org/oclc/229922816,,
94,,209,"<p>
Gruschke,&nbsp;Andreas.&nbsp;2001. <em>The Cultural Monuments of Tibet&#39;s Outer Provinces. Volume 2: The Gansu and Sichuan parts of Amdo</em>. Thailand:&nbsp;White Lotus Press, pp. 74-78.</p>",74-78,,,229922816,http://www.worldcat.org/oclc/229922816,,
94,,206,"<p>
Gruschke,&nbsp;Andreas.&nbsp;2001. <em>The Cultural Monuments of Tibet&#39;s Outer Provinces. Volume 2: The Gansu and Sichuan parts of Amdo</em>. Thailand:&nbsp;White Lotus Press, pp.&nbsp;74-78</p>",74-78,,,229922816,http://www.worldcat.org/oclc/229922816,,
94,,1178,"<p>
Gruschke,&nbsp;Andreas.&nbsp;2001.<em> The Cultural Monuments of Tibet&#39;s Outer Provinces. Volume 2: The Gansu and Sichuan parts of Amdo</em>. Thailand:&nbsp;White Lotus Press, p. 55.&nbsp;</p>",55,,,229922816,http://www.worldcat.org/oclc/229922816,,
94,,718,"<p>
Gruschke,&nbsp;Andreas.&nbsp;2001.<em> The Cultural Monuments of Tibet&#39;s Outer Provinces. Volume 2: The Gansu and Sichuan parts of Amdo</em>. Thailand:&nbsp;White Lotus Press, p. 66.</p>",66,,,229922816,http://www.worldcat.org/oclc/229922816,,
95,,1307,"<p>
Gruschke,&nbsp;Andreas.&nbsp;2004. <em>The Cultural Monuments of Tibet&#39;s Outer Provinces. Volume 1: The TAR part of Kham, Tibetan Autonomous Regio</em>n.&nbsp;Thailand:&nbsp;White Lotus Press, p. 122.</p>",122,,,493334582,http://www.worldcat.org/oclc/493334582,,
95,,1069,"<p>
Gruschke,&nbsp;Andreas.&nbsp;2004. <em>The Cultural Monuments of Tibet&#39;s Outer Provinces. Volume 1: The TAR part of Kham, Tibetan Autonomous Region</em>.&nbsp;Thailand:&nbsp;White Lotus Press, p. 103.</p>",103,,,493334582,http://www.worldcat.org/oclc/493334582,,
95,,157,"<p>
Gruschke,&nbsp;Andreas.&nbsp;2004. <em>The Cultural Monuments of Tibet&#39;s Outer Provinces. Volume 1: The TAR part of Kham, Tibetan Autonomous Region</em>.&nbsp;Thailand:&nbsp;White Lotus Press, p. 112.</p>",112,,,493334582,http://www.worldcat.org/oclc/493334582,,
95,,134,"<p>
Gruschke,&nbsp;Andreas.&nbsp;2004. <em>The Cultural Monuments of Tibet&#39;s Outer Provinces. Volume 1: The TAR part of Kham, Tibetan Autonomous Region</em>.&nbsp;Thailand:&nbsp;White Lotus Press, p. 129.</p>",129,,,493334582,http://www.worldcat.org/oclc/493334582,,
95,,404,"<p>
Gruschke,&nbsp;Andreas.&nbsp;2004. <em>The Cultural Monuments of Tibet&#39;s Outer Provinces. Volume 1: The TAR part of Kham, Tibetan Autonomous Region</em>.&nbsp;Thailand:&nbsp;White Lotus Press, p. 43, 183.</p>","43, 183",,,493334582,http://www.worldcat.org/oclc/493334582,,
95,,59,"<p>
Gruschke,&nbsp;Andreas.&nbsp;2004. <em>The Cultural Monuments of Tibet&#39;s Outer Provinces. Volume 1: The TAR part of Kham, Tibetan Autonomous Region</em>.&nbsp;Thailand:&nbsp;White Lotus Press, p. 57.</p>",57,,,493334582,http://www.worldcat.org/oclc/493334582,,
95,,650,"<p>
Gruschke,&nbsp;Andreas.&nbsp;2004. <em>The Cultural Monuments of Tibet&#39;s Outer Provinces. Volume 1: The TAR part of Kham, Tibetan Autonomous Region</em>.&nbsp;Thailand:&nbsp;White Lotus Press, p. 92.</p>",92,,,493334582,http://www.worldcat.org/oclc/493334582,,
95,,814,"<p>
Gruschke,&nbsp;Andreas.&nbsp;2004. <em>The Cultural Monuments of Tibet&#39;s Outer Provinces. Volume 1: The TAR part of Kham, Tibetan Autonomous Region</em>.&nbsp;Thailand:&nbsp;White Lotus Press, pp. 100-101.</p>",100-101,,,493334582,http://www.worldcat.org/oclc/493334582,,
95,,237,"<p>
Gruschke,&nbsp;Andreas.&nbsp;2004. <em>The Cultural Monuments of Tibet&#39;s Outer Provinces. Volume 1: The TAR part of Kham, Tibetan Autonomous Region</em>.&nbsp;Thailand:&nbsp;White Lotus Press, pp. 36-42.</p>",36-42,,,493334582,http://www.worldcat.org/oclc/493334582,,
95,,215,"<p>
Gruschke,&nbsp;Andreas.&nbsp;2004. <em>The Cultural Monuments of Tibet&#39;s Outer Provinces. Volume 1: The TAR part of Kham, Tibetan Autonomous Region</em>.&nbsp;Thailand:&nbsp;White Lotus Press, pp. 45-49.</p>",45-49,,,493334582,http://www.worldcat.org/oclc/493334582,,
95,,218,"<p>
Gruschke,&nbsp;Andreas.&nbsp;2004. <em>The Cultural Monuments of Tibet&#39;s Outer Provinces. Volume 1: The TAR part of Kham, Tibetan Autonomous Region</em>.&nbsp;Thailand:&nbsp;White Lotus Press, pp. 49-54.</p>",49-54,,,493334582,http://www.worldcat.org/oclc/229922822,,
95,,1023,"<p>
Gruschke,&nbsp;Andreas.&nbsp;2004. <em>The Cultural Monuments of Tibet&#39;s Outer Provinces. Volume 1: The TAR part of Kham, Tibetan Autonomous Region</em>.&nbsp;Thailand:&nbsp;White Lotus Press, pp. 76-77.</p>",76-77,,,493334582,http://www.worldcat.org/oclc/493334582,,
95,,242,"<p>
Gruschke,&nbsp;Andreas.&nbsp;2004. <em>The Cultural Monuments of Tibet&#39;s Outer Provinces. Volume 1: The TAR part of Kham, Tibetan Autonomous Region</em>.&nbsp;Thailand:&nbsp;White Lotus Press, pp. 85-89.</p>",85-89,,,493334582,http://www.worldcat.org/oclc/493334582,,
95,,700,"<p>
Gruschke,&nbsp;Andreas.&nbsp;2004. <em>The Cultural Monuments of Tibet&#39;s Outer Provinces. Volume 1: The TAR part of Kham, Tibetan Autonomous Region</em>.&nbsp;Thailand:&nbsp;White Lotus Press,&nbsp;pp. 62-63.</p>",62-63,,,493334582,http://www.worldcat.org/oclc/493334582,,
95,,1186,"<p>
Gruschke,&nbsp;Andreas.&nbsp;2004. <em>The Cultural Monuments of Tibet&#39;s Outer Provinces</em>. Volume 1: The TAR part of Kham, Tibetan Autonomous Region.&nbsp;Thailand:&nbsp;White Lotus Press, p. 37.</p>",37,,,493334582,http://www.worldcat.org/oclc/493334582,,
95,,813,"<p>
Gruschke,&nbsp;Andreas.&nbsp;2004.&nbsp;<em>The Cultural Monuments of Tibet&#39;s Outer Provinces. Volume 1: The TAR part of Kham, Tibetan Autonomous Region</em>.&nbsp;Thailand:&nbsp;White Lotus Press, pp. 103-104.</p>",103-104,,,493334582,http://www.worldcat.org/oclc/493334582,,
95,,159,"<p>
Gruschke,&nbsp;Andreas.&nbsp;2004.&nbsp;<em>The Cultural Monuments of Tibet&#39;s Outer Provinces. Volume 1: The TAR part of Kham, Tibetan Autonomous Region</em>.&nbsp;Thailand:&nbsp;White Lotus Press, pp. 59, 122.</p>","59, 122",,,493334582,http://www.worldcat.org/oclc/493334582,,
95,,720,"<p>
Gruschke,&nbsp;Andreas.&nbsp;2004.<em> The Cultural Monuments of Tibet&#39;s Outer Provinces. Volume 1: The TAR part of Kham, Tibetan Autonomous Region.</em>&nbsp;Thailand:&nbsp;White Lotus Press, pp. 59-61.</p>",59-61,,,493334582,http://www.worldcat.org/oclc/493334582,,
95,,1393,"<p>
Gruschke,&nbsp;Andreas.&nbsp;2004.<em> The Cultural Monuments of Tibet&#39;s Outer Provinces. Volume 1: The TAR part of Kham, Tibetan Autonomous Region</em>.&nbsp;Thailand:&nbsp;White Lotus Press, p. 105.</p>",105,,,493334582,http://www.worldcat.org/oclc/493334582,,
95,,160,"<p>
Gruschke,&nbsp;Andreas.&nbsp;2004.<em> The Cultural Monuments of Tibet&#39;s Outer Provinces. Volume 1: The TAR part of Kham, Tibetan Autonomous Region</em>.&nbsp;Thailand:&nbsp;White Lotus Press, pp. 115-116.</p>",115-116,,,493334582,http://www.worldcat.org/oclc/493334582,,
95,,1555,"<p>
Gruschke,&nbsp;Andreas.&nbsp;2004.<em> The Cultural Monuments of Tibet&#39;s Outer Provinces. Volume 1: The TAR part of Kham, Tibetan Autonomous Region</em>.&nbsp;Thailand:&nbsp;White Lotus Press, pp. 117-118.</p>",117-118,,,493334582,http://www.worldcat.org/oclc/493334582,,
95,,255,"<p>
Gruschke,&nbsp;Andreas.&nbsp;2004.<em> The Cultural Monuments of Tibet&#39;s Outer Provinces. Volume 1: The TAR part of Kham, Tibetan Autonomous Region</em>.&nbsp;Thailand:&nbsp;White Lotus Press, pp. 74-75.</p>",74-75,,,493334582,http://www.worldcat.org/oclc/493334582,,
96,,158,"<p>
Gruschke, Andreas. 2004.&nbsp;<em>Kham: The Cultural Monument&#39;s of Tibet&#39;s Outer Provinces, Volume 2, The Qinghai Part of Kham. </em>Bangkok: White Lotus Press, pp. 110-115.</p>",110-115,,,818982391,,,
96,,512,"<p>
Gruschke,&nbsp;Andreas.&nbsp;2004. <em>The Cultural Monuments of Tibet&#39;s Outer Provinces. Volume 2: The Qinghai part of Kham</em>.&nbsp;Thailand:&nbsp;White Lotus Press, pp. 38-45.</p>",38-45,,,818982391,http://www.worldcat.org/oclc/818982391,,
96,,807,"<p>
Gruschke,&nbsp;Andreas.&nbsp;2004. <em>The Cultural Monuments of Tibet&#39;s Outer Provinces. Volume 2: The Qinghai part of Kham</em>.&nbsp;Thailand:&nbsp;White Lotus Press, pp. 54-55.</p>",54-55,,,818982391,http://www.worldcat.org/oclc/818982391,,
96,,70,"<p>
Gruschke,&nbsp;Andreas.&nbsp;2004. <em>The Cultural Monuments of Tibet&#39;s Outer Provinces. Volume 2: The Qinghai part of Kham</em>.&nbsp;Thailand:&nbsp;White Lotus Press, pp. 99-100.</p>",99-100,,,818982391,http://www.worldcat.org/oclc/818982391,,
96,,527,"<p> Gruschke, Andreas. 2004. <em>The Cultural Monuments of Tibet&#39;s Outer Provinces. Kham Vol. 1. The TAR Part of Kham</em>. Bangkok: White Lotus Press, p. 260.&nbsp;</p>",260,,,,,,
97,,1267,"<p>
Karmay, Samten Gyaltsen, and Dondrup Lhagyal. 2003. <em>A survey of Bonpo monasteries and tempels in Tibet and the Himalaya</em>. Osaka: National Museum of Ethnology, p. 615</p>",615,,,231975233,http://www.worldcat.org/oclc/231975233,,
97,,808,"<p>
Karmay, Samten Gyaltsen, and Dondrup Lhagyal. 2003. <em>A Survey of Bonpo Monasteries and Temples in Tibet and the Himalaya</em>. Osaka: National Museum of Ethnology, pp. 36-38.</p>",36-38,,,231975233,http://www.worldcat.org/oclc/231975233,,
97,,1179,"<p>
Karmay, Samten Gyaltsen, and Yasuhiko Nagano. 2003. <em>A Survey of Bonpo monasteries and temples in Tibet and the Himalaya</em>. Osaka: National Museum of Ethnology, pp. 521-523.</p>",521-523,,,231975233,http://www.worldcat.org/oclc/52453594,,
97,,1365,"<p>
Karmay, Samten Gyaltsen, and Yasuhiko Nagano. 2003. <em>A Survey of Bonpo monasteries and temples in Tibet and the Himalaya</em>. Osaka: National Museum of Ethnology, pp. 596-599.</p>",596-599,,,231975233,http://www.worldcat.org/oclc/52453594,,
97,,241,"<p>
Karmay, Samten Gyaltsen, and Yasuhiko Nagano. 2003.&nbsp;<em>A Survey of Bonpo monasteries and temples in Tibet and the Himalaya</em>. Osaka: National Museum of Ethnology, pp. 131-136.</p>",131-136,,,231975233,http://www.worldcat.org/oclc/52453594,,
97,,721,"<p>
Karmay, Samten Gyaltsen, and Yasuhiko Nagano. 2003.<em> A Survey of Bonpo monasteries and temples in Tibet and the Himalaya</em>. Osaka: National Museum of Ethnology, pp. 136-141.</p>",136-141,,,231975233,http://www.worldcat.org/oclc/52453594,,
98,,1403,"<p>
Kalu Rinpoche, Christiane Buchet, and François Jacquemart. 1995. <em>Excellent Buddhism: an exemplary Life.</em> San Francisco, Calif: Clear Point Press, p. 19.</p>",19,,,249945150,http://www.worldcat.org/oclc/249945150,,
98,,1416,"<p>
Kalu Rinpoche, Christiane Buchet, and François Jacquemart. 1995.<em> Excellent Buddhism: An Exemplary Life</em>. San Francisco, Calif: Clear Point Press, p. 45.</p>",45,,,249945150,http://www.worldcat.org/oclc/249945150,,
99,,1355,"<p>
Gray, David B. 2007.&nbsp;<em>The Cakrasamvara Tantra (The Discourse of Śrī Heruka): A Study and Annotated Translation</em>. New York: Columbia University Press, pp 11&ndash;12.</p>",12,,,260128693,http://www.worldcat.org/oclc/260128693,,
100,,889,"<p>
Larsen, Knud, and Amund Sinding-Larsen. 2001. <em>The Lhasa Atlas: traditional Tibetan Architecture and Townscape</em>. London: Serindia Publications, p. 111.</p>",111,,,472523789,http://www.worldcat.org/oclc/472523789,,
100,,855,"<p>
Larsen, Knud, and Amund Sinding-Larsen. 2001. <em>The Lhasa Atlas: traditional Tibetan Architecture and Townscape</em>. London: Serindia Publications, p. 23, 25, 30.</p>","23, 25, 30",,,472523789,http://www.worldcat.org/oclc/472523789,,
100,,728,"<p>
Larsen, Knud, and Amund Sinding-Larsen. 2001. <em>The Lhasa atlas: traditional Tibetan architecture and townscape</em>. London: Serindia Publications, p. 84, 87, 127, 132, 151, 161.</p>","84, 87, 127, 132, 151, 161",,,472523789,http://www.worldcat.org/oclc/472523789,,
100,,905,"<p>
Larsen, Knud, and Amund Sinding-Larsen. 2001. <em>The Lhasa Atlas: traditional Tibetan Architecture and Townscape</em>. London: Serindia Publications, pp. 100-107.</p>",100-107,,,472523789,http://www.worldcat.org/oclc/472523789,,
100,,722,"<p>
Larsen, Knud, and Amund Sinding-Larsen. 2001. <em>The Lhasa atlas: traditional Tibetan architecture and townscape</em>. London: Serindia Publications, pp. 118-119.</p>",118-119,,,472523789,http://www.worldcat.org/oclc/472523789,,
100,,880,"<p>
Larsen, Knud, and Amund Sinding-Larsen. 2001. <em>The Lhasa atlas: traditional Tibetan architecture and townscape</em>. London: Serindia Publications, pp. 140-141.</p>",140-141,,,472523789,http://www.worldcat.org/oclc/472523789,,
100,,844,"<p>
Larsen, Knud, and Amund Sinding-Larsen. 2001. <em>The Lhasa Atlas: traditional Tibetan Architecture and Townscape</em>. London: Serindia Publications, pp. 87, 128, 168.</p>
<p>
&nbsp;</p>","87, 128, 168",,,472523789,http://www.worldcat.org/oclc/472523789,,
100,,850,"<p>
Larsen, Knud, and Amund Sinding-Larsen. 2001. <em>The Lhasa Atlas: traditional Tibetan Architecture and Townscape</em>. London: Serindia Publications.&nbsp;</p>",,,,472523789,http://www.worldcat.org/oclc/472523789,,
100,,887,"<p>
Larsen, Knud, and Amund Sinding-Larsen. 2001. <em>The Lhasa Atlas: traditional Tibetan Architecture and Townscape</em>. London: Serindia Publications.</p>",,,,472523789,http://www.worldcat.org/oclc/472523789,,
100,,878,"<p>
Larsen, Knud, and Amund Sinding-Larsen. 2001. <em>The Lhasa Atlas: Traditional Tibetan Architecture and Townspace</em>. London: Serindia Publications, pp. 80, 110.</p>","80, 110",,,472523789,http://www.worldcat.org/oclc/472523789,,
100,,729,"<p>
Larsen, Knud, and Amund Sinding-Larsen. 2001. The Lhasa Atlas: traditional Tibetan Architecture and Townscape. London: Serindia Publications, p. 170.</p>",170,,,472523789,http://www.worldcat.org/oclc/472523789,,
100,,874,"<p>
Larsen, Knud, and Amund Sinding-Larsen. 2001. The Lhasa atlas: traditional Tibetan architecture and townscape. London: Serindia Publications, pp. 72, 144.</p>","72, 144",,,472523789,http://www.worldcat.org/oclc/472523789,,
100,,443,"<p>
Larsen, Knud, and Amund Sinding-Larsen. 2001. The Lhasa Atlas: traditional Tibetan Architecture and Townscape. London: Serindia, p. 66.</p>",66,,,472523789,Publications. http://www.worldcat.org/oclc/472523789,,
100,,899,"<p>
Larsen, Knud, and Amund Sinding-Larsen. 2001.&nbsp;<em>The Lhasa atlas: traditional Tibetan architecture and townscape</em>. London: Serindia Publications.</p>",,,,472523789,http://www.worldcat.org/oclc/472523789,,
100,,915,"<p>
Larsen, Knud, and Amund Sinding-Larsen. 2001.&nbsp;<em>The Lhasa Atlas: Traditional Tibetan Architecture and Townspace</em>. London: Serindia Publications.</p>",,,,472523789,http://www.worldcat.org/oclc/472523789,,
101,,1025,"<p>
Stearns,&nbsp;Cyrus. 2001. <em>Luminous lives : the story of the early masters of the lam&#39; bras tradition in Tibet</em>.&nbsp;Boston:&nbsp;Wisdom Publications, p. 251.</p>",251,,,472841579,http://www.worldcat.org/oclc/472841579,,
102,,566,"<p>
Berger, Patricia. 2003.<em> Empire of emptiness: Buddhist art and political authority in Qing China</em>. Honolulu: University of Hawaii Press.</p>",,,,472978249,http://www.worldcat.org/oclc/472978249,,
103,,1455,"<p>
Seager, Richard Hughes. 1999. <em>Buddhism in America</em>. New York, NY: Columbia University Press, pp, 124-125.</p>",124-125,,,477245160,http://www.worldcat.org/oclc/477245160,,
103,,1445,"<p>
Seager, Richard Hughes. 2012.<em>&nbsp;Buddhism in America</em>. United States: Columbia University Press, pp. 282-283.</p>",282-283,,,477245160,http://www.worldcat.org/oclc/820374328,,
103,,1448,"<p>
Seager,&nbsp;Richard Hughes. 2012.&nbsp;<em>Buddhism in America</em>.&nbsp;United States:&nbsp;Columbia University Press, pp. 147-148.</p>",147-148,,,477245160,http://www.worldcat.org/oclc/753913907,,
104,,1470,"<p>
Avedon, John F. 1984.<em> In Exile From the Land of Snow: The First Full Account of the Dalai Lama and Tibet Since the Chinese Conquest</em>. New York: Alfred A. Knopf, p. 69.</p>",69,,,611123672,http://www.worldcat.org/oclc/611123672,,
105,,280,"<p>
Teichman, Eric. 1922.&nbsp;<em>Travels of A Consular Officer in Eastern Tibet</em>. London: Cambridge University Press, p. 158.</p>",158,,,670400539,,,
106,,1621,"<p>
Karmay, Samten. 1996. &quot;The Cult of Mount Murdo in Gyalrong.&quot; <em>Kailash</em>, vol 18, no. 1-2, pp. 1-16.</p>",1-16,,,695199291,,,
107,,1453,"<p>
DeVries, Larry, Baker, Don, and Overmyer, Dan, eds. 2010. <em>Asian Religions in British Columbia</em>. Vancouver: UBC Press, pp. 190-191.</p>",190-191,,,704518152,http://www.worldcat.org/oclc/70846056,,
108,,39,"<p>
Dowman, K. 1988.&nbsp;<em>The Power-Places of Central Tibet: The Pilgrim&#39;s Guide</em>. London: Routledge &amp; Kegan Paul, p. 273.</p>",273,,,715235896,http://www.worldcat.org/oclc/715235896,,
108,,1258,"<p>
Dowman, Keith. 1988. <em>The Power-Places of Central Tibet: The Pilgrim&#39;s Guide</em>. London: Routledge, p. 263.</p>",263,,,715235896,http://www.worldcat.org/oclc/715235896,,
108,,62,"<p>
Dowman, Keith. 1988. <em>The Power-Places of Central Tibet: The Pilgrim&#39;s Guide</em>. London: Routledge, p. 274.</p>",274,,,715235896,http://www.worldcat.org/oclc/1101318276,,
108,,862,"<p>
Dowman, Keith. 1988. <em>The Power-Places of Central Tibet: The Pilgrim&#39;s Guide</em>. London: Routledge, p. 73.</p>",73,,,715235896,http://www.worldcat.org/oclc/715235896,,
108,,466,"<p>
Dowman, Keith. 1988. <em>The Power-Places of Central Tibet: The Pilgrim&#39;s Guide</em>. London: Routledge, pp. 257-259.</p>",257-259,,,715235896,http://www.worldcat.org/oclc/1101318276,,
108,,1221,"<p>
Dowman, Keith. 1988. <em>The Power-Places of Central Tibet: The Pilgrim&#39;s Guide</em>. London: Routledge, pp. 259-260.</p>",259-260,,,715235896,http://www.worldcat.org/oclc/1101318276,,
108,,893,"<p>
Dowman, Keith. 1988. <em>The Power-Places of Central Tibet: The Pilgrim&#39;s Guide</em>. London: Routledge, pp. 66-67.</p>",66-67,,,715235896,http://www.worldcat.org/oclc/715235896,,
108,,199,"<p>
Dowman, Keith. 1988. <em>The Power-Places of Central Tibet: The Pilgrim&#39;s Guide</em>. London: Routledge, pp. 83-84.</p>",83-84,,,715235896,http://www.worldcat.org/oclc/715235896,,
108,,80,"<p>
Dowman, Keith. 1988. <em>The Power-Places of Central Tibet: The Pilgrim&#39;s Guide</em>. London: Routledge, pp. 88-90.</p>",88-90,,,715235896,http://www.worldcat.org/oclc/715235896,,
108,,877,"<p>
Dowman, Keith. 1988. <em>The Power-Places of Central Tibet: The Pilgrim&#39;s Guide</em>. London:&nbsp;Routledge, pp. 41-48.</p>",41-48,,,715235896,Routledge. http://www.worldcat.org/oclc/1101318276,,
108,,1303,"<p>
Dowman, Keith. 1988. The Power-Places of Central Tibet: The Pilgrim&#39;s Guide. London: Routledge, pp. 143-145.</p>",143-145,,,715235896,http://www.worldcat.org/oclc/1101318276,,
108,,1236,"<p>
Dowman, Keith. 1988.&nbsp;<em>The Power-Places of Central Tibet: The Pilgrim&#39;s Guide</em>. London: Routledge, p. 136.</p>",136,,,715235896,http://www.worldcat.org/oclc/1101318276,,
108,,85,"<p>
Dowman, Keith. 1988.&nbsp;<em>The Power-Places of Central Tibet: The Pilgrim&#39;s Guide</em>. London: Routledge, pp. 142-143.</p>",142-143,,,715235896,http://www.worldcat.org/oclc/715235896,,
108,,446,"<p>
Dowman, Keith. 1988.<em> The Power-Places of Central Tibet: The Pilgrim&#39;s Guide</em>. London: Routledge, p. 272.</p>",272,,,715235896,http://www.worldcat.org/oclc/1101318276,,
108,,92,"<p>
Dowman, Keith. 1988.<em> The Power-Places of Central Tibet: The Pilgrim&#39;s Guide</em>. London: Routledge, pp. 134-136.</p>",134-136,,,715235896,http://www.worldcat.org/oclc/1101318276,,
108,,35,"<p>
Dowman, Keith. 1988.<em> The Power-Places of Central Tibet: The Pilgrim&#39;s Guide</em>. London: Routledge, pp. 272-272.</p>",272-272,,,715235896,http://www.worldcat.org/oclc/1101318276,,
108,,1218,"<p>Dowman, Keith. 1988.<em>&nbsp;The Power-Places of Central Tibet : The Pilgrim&#39;s Guide</em>.&nbsp;New York and London: Routledge &amp; Kegan Paul, p. 203.</p>",203,,,715235896,http://www.worldcat.org/oclc/715235896,,
109,,172,"<p>
Berkwitz, Stephen C. 2010. <em>South Asian Buddhism : A Survey</em>. London: Taylor &amp; Francis Group, pp. 156-157.</p>",156-157,,,718350374,http://www.worldcat.org/oclc/718350374,,
110,,1005,"<p>
Lhun grub dar rgyas. 2001.<em> The Hidden Life of the Sixth Dalai Lama.&nbsp;</em>Translated by Simon Wikham Smith. United States:&nbsp;Lexington Books.</p>",,,,727975881,http://www.worldcat.org/oclc/804957115,,
111,,92,"<p>
S&oslash;rensen, Per K., and Guntram Hazod. 2005. <em>Thundering falcon: an inquiry into the history and cult of Khra-ʹbrug Tibetʹs first Buddhist temple</em>. Wien: Verlag der Österreichischen Akademie der Wissenschaften, p. 319.</p>",319,,,755131980,http://www.worldcat.org/oclc/755131980,,
111,,1124,"<p>
S&oslash;rensen, Per K., and Guntram Hazod. 2005. <em>Thundering Falcon: An Inquiry into the History and Cult of Khra-ʹbrug Tibetʹs First Buddhist Temple</em>. Wien: Verlag der Österreichischen Akademie der Wissenschaften, p. 53 n.54</p>",53,,,755131980,http://www.worldcat.org/oclc/755131980,,
111,,1123,"<p>
S&oslash;rensen, Per K., and Guntram Hazod. 2005. <em>Thundering falcon: an inquiry into the history and cult of Khra-ʹbrug Tibetʹs first Buddhist temple</em>. Wien: Verlag der Österreichischen Akademie der Wissenschaften, pp. 50, 147, 184f, 206.</p>","50, 147, 184, 206",,,755131980,http://www.worldcat.org/oclc/755131980,,
111,,1120,"<p>
S&oslash;rensen, Per K., and Guntram Hazod. 2005. <em>Thundering falcon: an inquiry into the history and cult of Khra-ʹbrug Tibetʹs first Buddhist temple</em>. Wien: Verlag der Österreichischen Akademie der Wissenschaften, pp. 52, 147.</p>","52, 147",,,755131980,http://www.worldcat.org/oclc/755131980,,
111,,672,"<p>
S&oslash;rensen, Per K., and Guntram Hazod. 2005. <em>Thundering falcon: an inquiry into the history and cult of Khra-ʹbrug Tibetʹs first Buddhist temple</em>. Wien: Verlag der Österreichischen Akademie der Wissenschaften.</p>",,,,755131980,http://www.worldcat.org/oclc/755131980,,
112,,1463,"<p>
Ch&ouml;gyal Namkhai Norbu. 1985. <em>The Lamp That Enlightens Narrow Minds, The Life and Times of a Realized Tibetan Master, Khyentse Chokyi Wangchug</em>. Berkeley: North Atlantic Books.</p>",,,,769232480,,,
112,,1467,"<p>
Ch&ouml;gyal Namkhai Norbu. 1985. <em>The Lamp That Enlightens Narrow Minds, The Life and Times of a Realized Tibetan Master, Khyentse Chokyi Wangchug</em>. Berkeley: North Atlantic Books.</p>",,,,769232480,,,
112,,1278,"<p>
Huber, Toni. 1999. <em>The cult of Pure Crystal Mountain: popular pilgrimage and visionary landscape in Southeast Tibet</em>. Oxford: Oxford University Press.</p>",,,,784953876,http://www.worldcat.org/oclc/784953876,,
112,,1085,"<p>
Huber, Toni. 1999.&nbsp;<em>The cult of Pure Crystal Mountain: popular pilgrimage and visionary landscape in Southeast Tibet</em>. Oxford: Oxford University Press.</p>",,,,784953876,http://www.worldcat.org/oclc/784953876,,
113,,1463,"<p>
Ch&ouml;gyal Namkhai Norbu. 2012. <em>Rainbow Body: The Life and Realization of a Tibetan Yogin, Togden Urgyen Tendzin</em>. Berkeley: North Atlantic Books.</p>",,,,769232547,,,
113,,1467,"<p>
Ch&ouml;gyal Namkhai Norbu. 2012. <em>Rainbow Body: The Life and Realization of a Tibetan Yogin, Togden Urgyen Tendzin</em>. Berkeley: North Atlantic Books.</p>",,,,769232547,,,
113,,1466,"<p>
Ch&ouml;gyal Namkhai Norbu. 2012. <em>Rainbow Body</em>. Berkeley: North Atlantic Books.</p>",,,,769232547,,,
113,,1468,"<p>
Ch&ouml;gyal Namkhai Norbu. 2012. Rainbow Body: The Life and Realization of a Tibetan Yogin, Togden Ugyen Tendzin. Berkeley: North Atlantic Books.</p>",,,,769232547,,,
113,,382,"<p>
Dorje, Gyurme. 1999. <em>Tibet Handbook: With Bhutan</em>. Bath: Footprint, p. 854.</p>",854,,,835920922,http://www.worldcat.org/oclc/835920922,,
114,,1512,"<p>
Jina,&nbsp;Prem Singh.&nbsp;2009. <em>Cultural Heritage of Ladakh Himalaya</em>.&nbsp;India:&nbsp;Kalpaz Publications, pp.197-205.</p>",97-205,,,837008358,http://www.worldcat.org/oclc/837008358,,
115,,1443,"<p>Scott,&nbsp;Jamie S.&nbsp;<em>The Religions of Canadians</em>.&nbsp;2012.&nbsp;University of Toronto Press, Higher Education Division, p. 292.</p>",292,,,865475126,,,
116,,1364,"<p>
Bellezza, John Vincent. 2014. <em>The Dawn of Tibet: The Ancient Civilization on the Roof of the World</em>. Lanham, MD: Rowman &amp; Littlefield Publishers.</p",,,,870098261,http://www.worldcat.org/oclc/870098261,,
117,,957,"<p>
Jacoby, Sarah. 2014. <em>Love and Liberation: Autobiographical Writings of the Tibetan Buddhist Visionary Sera Khandro</em>. New York: Columbia University Press, pp. 48-49.</p>",48-49,,,879552660,http://www.worldcat.org/oclc/879552660,,
117,,1071,"<p>
Jacoby, Sarah. 2014. <em>Love and liberation: the autobiographical writings of the Tibetan visionary Sera Khandro</em>. New York: Columbia University Press.</p>",,,,879552660,http://www.worldcat.org/oclc/1026603852,,
117,,1070,"<p>
Jacoby,&nbsp;Sarah. 2014.<em> Love and Liberation: Autobiographical Writings of the Tibetan Buddhist Visionary Sera Khandro</em>.&nbsp;New York:&nbsp;Columbia University Press.</p>",,,,879552660,http://www.worldcat.org/oclc/1026603852,,
118,,1245,"<p>
Rab-gsal-zla-ba, and Ani Jinba Palmo. 2008. Brilliant moon: The Autobiography of Dilgo Khyentse. Boston: Shambhala, p. 316.</p>",316,,,881277749,,,
119,,910,"<p>
Kozicz, Gerald. &quot;5 The Chorten (mChod rten) with the Secret Chamber near Nyarma.&quot; <em>In Art and Architecture in Ladakh</em>, pp. 141-158. Brill, 2014.</p>",,,,883414171,http://www.worldcat.org/oclc/883414171,,
120,,449,"<p>
Yudru Tsomu. 2015. <em>The Rise of G&ouml;npo Namgyal in Kham: The Blind Warrior of Nyarong</em>. London: Lexington Books, pp. 64-66.</p>",64-66,,,887858692,,,
121,,843,"<p>
Taring, Zasak J., and Chie Nakane. 1984. <em>Map of Lhasa, drawn by Zasak J. Taring</em>. Tokyo: University of Tokyo, Institute of Oriental Culture.</p>",,,,888951926,http://www.worldcat.org/oclc/888951926,,
121,,847,"<p>
Taring, Zasak J., and Chie Nakane. 1984. <em>Map of Lhasa, drawn by Zasak J. Taring</em>. Tokyo: University of Tokyo, Institute of Oriental Culture.</p>",,,,888951926,http://www.worldcat.org/oclc/888951926,,
121,,848,"<p>
Taring, Zasak J., and Chie Nakane. 1984. <em>Map of Lhasa, drawn by Zasak J. Taring</em>. Tokyo: University of Tokyo, Institute of Oriental Culture.</p>",,,,888951926,http://www.worldcat.org/oclc/888951926,,
121,,850,"<p>
Taring, Zasak J., and Chie Nakane. 1984. <em>Map of Lhasa, drawn by Zasak J. Taring</em>. Tokyo: University of Tokyo, Institute of Oriental Culture.</p>",,,,888951926,http://www.worldcat.org/oclc/888951926,,
121,,853,"<p>
Taring, Zasak J., and Chie Nakane. 1984. <em>Map of Lhasa, drawn by Zasak J. Taring</em>. Tokyo: University of Tokyo, Institute of Oriental Culture.</p>",,,,888951926,http://www.worldcat.org/oclc/888951926,,
121,,849,"<p>
Taring, Zasak J., and Chie Nakane. 1984. <em>Map of Lhasa, drawn by Zasak J. Taring</em>. Tokyo: University of Tokyo, Institute of Oriental Culture.</p>",,,,888951926,http://www.worldcat.org/oclc/888951926,,
122,,1073,"<p>
Buffetrille, K. 2012. &quot; Low Tricks and High Stakes Surrounding a Holy Place in Eastern Nepal: the Halesi-Māratika Caves&quot;. In <em>Revisiting Rituals in a Changing Tibetan World</em>. Leiden, The Netherlands: Brill.</p>",,,,913615117,http://www.worldcat.org/oclc/913615117,,
123,,39,"<p>
Ryavec, Karl. E. 2015.<em>A Historical Atlas of Tibet</em></a>. Chicago: University of Chicago Press, pp. 89, 113.</p>",89-113,,,916503441,http://www.worldcat.org/oclc/916503441,,
123,,485,"<p>
Ryavec, Karl E. 2015. <em>A historical atlas of Tibet</em>. Chicago: University of Chicago Press, p. 21.</p>",21,,,916503441,http://www.worldcat.org/oclc/916503441,,
123,,9,"<p>
Ryavec, Karl E. 2015. <em>A Historical Atlas of Tibet</em>. Chicago: University of Chicago Press, p. 65.</p>",65,,,916503441,http://www.worldcat.org/oclc/916503441,,
123,,926,"<p>
Ryavec, Karl E. 2015. <em>A Historical Atlas of Tibet</em>. Chicago: University of Chicago Press, pp. 123-125.</p>",123-125,,,916503441,,,
123,,927,"<p>
Ryavec, Karl E. 2015. <em>A Historical Atlas of Tibet</em>. Chicago: University of Chicago Press, pp. 123-125.</p>",123-125,,,916503441,,,
123,,925,"<p>
Ryavec, Karl E. 2015. <em>A Historical Atlas of Tibet</em>. Chicago: University of Chicago Press, pp. 123-125.</p>",123-125,,,916503441,,,
123,,412,"<p>
Ryavec, Karl E. 2015. <em>A Historical Atlas of Tibet</em>. Chicago: University of Chicago Press, pp. 154-155.</p>",154-155,,,916503441,http://www.worldcat.org/oclc/916503441,,
123,,1280,"<p>
Ryavec, Karl E. 2015. <em>A historical atlas of Tibet</em>. Chicago: University of Chicago Press, pp. 160-163.</p>",160-163,,,916503441,http://www.worldcat.org/oclc/916503441,,
123,,352,"<p>
Ryavec, Karl E. 2015. A Hhistorical Atlas of Tibet. Chicago: University of Chicago Press, pp. 72-77.</p>",72-77,,,916503441,http://www.worldcat.org/oclc/916503441,,
123,,280,"<p>
Ryavec, Karl E. 2015.&nbsp;<em>A Historical Atlas of Tibet.&nbsp;</em>Chicago: University of Chicago Press, p. 155.</p>",155,,,916503441,,,
123,,466,"<p>
Ryavec, Karl E. 2015.&nbsp;<em>A historical atlas of Tibet</em>. Chicago: University of Chicago Press, p. 351.</p>",351,,,916503441,http://www.worldcat.org/oclc/916503441,,
123,,40,"<p>
Ryavec, Karl E. 2015.&nbsp;<em>A Historical Atlas of Tibet</em>. Chicago: University of Chicago Press, pp. 123-125.</p>",123-125,,,916503441,http://www.worldcat.org/oclc/916503441,,
123,,1359,"<p>
Ryavec, Karl E. 2015.&nbsp;<em>A Historical Atlas of Tibet</em>. Chicago: University of Chicago Press, pp. 68-69.</p>",68-69,,,916503441,http://www.worldcat.org/oclc/916503441,,
123,,1049,"<p>
Ryavec, Karl E. 2015.<em> A historical atlas of Tibet</em>. Chicago: University of Chicago Press, p. 161.</p>",161,,,916503441,http://www.worldcat.org/oclc/916503441,,
123,,1228,"<p>
Ryavec, Karl E. 2015.<em> A historical atlas of Tibet</em>. Chicago: University of Chicago Press, p. 98.</p>",98,,,916503441,http://www.worldcat.org/oclc/916503441,,
123,,924,"<p>Ryavec, Karl E. 2015. <em>A Historical Atlas of Tibet</em>. Chicago: University of Chicago Press, pp. 123-125.</p>",123-125,,,916503441,,,
123,,1024,"<p> Ryavec, Karl E. 2015. A Historical Atlas of Tibet. Chicago: University of Chicago Press, pp. 123-125.</p>",123-125,,,,,,
124,,1368,"<p>Mona Schrempf. 2000.&nbsp;<em>Victory Banners, Social Prestige, and Religious Identity: Ritualized Sponsorship and the Revival of Bon Monasticism in Amdo Shar-khog</em>. Osaka: National Museum of Ethnology, p. 322.</p>",322,,,920733145,http://www.worldcat.org/oclc/920733145,,
124,,1362,"<p>
Mona Schrempf. 2000. <em>Victory Banners, Social Prestige, and Religious Identity: Ritualized Sponsorship and the Revival of Bon Monasticism in Amdo Shar-khog</em>. Osaka: National Museum of Ethnology, p. 322.</p>
<p>
&nbsp;</p>",,,,,http://www.worldcat.org/oclc/920733145,,
125,,917,"<p>Pommaret, Francoise. 2014. <em>Bhutan : Himalayan Mountain Kingdom</em>. Hong Kong and New York: Odyssey Books.</p>",,,,931750511,http://www.worldcat.org/oclc/931750511,,
125,,308,"<p>
Pommaret, Francoise. 2014.<em> Bhutan : Himalayan Mountains Kingdom</em>. Hong Kong and New York: Odyssey Books, p. 161.</p>",,,,,http://www.worldcat.org/oclc/931750511,,
126,,1417,"<p>
Sarkar, Shomika&nbsp; and Deepti Shukla. 2016.&nbsp;<em>Beyond the Great Valleys of Ladakh: Understanding the Monastic Architecture</em>. N.p.: Copal Publishing Group, pp. 76-78.</p>",76-78,,,950615713,https://search.worldcat.org/title/950615713,,
127,,615,"<p>
Jackson, David. 2016. <em>A Revolutionary Artist of Tibet: Khyentse Chenmo of Gongkar</em>. New York: Rubin Museum of Art.</p>",,,,951094445,https://search.worldcat.org/title/951094445,,
128,,1511,"<p>
Mackenzie,&nbsp;Vicki. 2017. <em>The Revolutionary Life of Freda Bedi: British Feminist, Indian Nationalist, Buddhist Nun</em>.&nbsp;United States:&nbsp;Shambhala, p. 127.</p>",127,,,961266209,http://www.worldcat.org/oclc/980301664,,
128,,1440,"<p>
Mackenzie,&nbsp;Vicki. 2017. <em>The Revolutionary Life of Freda Bedi: British Feminist, Indian Nationalist, Buddhist Nun</em>.&nbsp;United States:&nbsp;Shambhala,&nbsp;p. 117.</p>",117,,,961266209,http://www.worldcat.org/oclc/1002244170,,
129,,719,"<p>Klimburg-Salter, Deborah E., and Christian. Luczanits. 1999. <em>Tabo : A Lamp for the Kingdom : Early-Indo-Tibetan Buddhist Art in the Western Himalaya.</em> New York, N.Y: Thames and Hudson.</p>",,,,963182315,http://www.worldcat.org/oclc/963182315,,
130,,1560,"<p>
Lhalungpa, Lobsang Phuntsok. 1983. <em>Tibet - The Sacred Realm: Photographs 1880-1950</em>. Philadelphia: Philadelphia Museum of Art/Aperture, pp. 32-33.</p>",32-33,,,963522936,http://www.worldcat.org/oclc/1014561889,,
131,,1414,"<p>
Harrison, P. 2012. <em>Fortress Monasteries of the Himalayas: Tibet, Ladakh, Nepal and Bhutan</em>. United Kingdom: Bloomsbury Publishing, pp. 37-38.</p>",37-38,,,982590788,,,
132,,1457,"<p>
Coleman, Graham. 2016. <em>A Handbook of Tibetan Culture: A Guide to Tibetan Centres and Resources Throughout the World</em>. London: Ebury Digital.&nbsp;</p>",,,,1003866480,http://www.worldcat.org/oclc/1003866480,,
132,,1458,"<p>
Coleman, Graham. 2016. <em>A Handbook of Tibetan Culture: A Guide to Tibetan Centres and Resources Throughout the World</em>. London: Ebury Digital.&nbsp;</p>",,,,1003866480,http://www.worldcat.org/oclc/1003866480,,
132,,1507,"<p>
Coleman, Graham. 2016. <em>A Handbook of Tibetan Culture: A Guide to Tibetan Centres and Resources Throughout the World</em>. London: Ebury Digital.&nbsp;</p>",,,,1003866480,http://www.worldcat.org/oclc/1003866480,,
132,,1506,"<p>
Coleman, Graham. 2016. <em>A Handbook of Tibetan Culture: A Guide to Tibetan Centres and Resources Throughout the World</em>. London: Ebury Digital.&nbsp;</p>",,,,1003866480,http://www.worldcat.org/oclc/1003866480,,
132,,1462,"<p>
Coleman, Graham. 2016. <em>A Handbook of Tibetan Culture: A Guide to Tibetan Centres and Resources Throughout the World</em>. London: Ebury Digital.&nbsp;</p>",,,,1003866480,,,
132,,1456,"<p>
Coleman, Graham. 2016. <em>A Handbook of Tibetan Culture: A Guide to Tibetan Centres and Resources Throughout the World</em>. London: Ebury Digital.&nbsp;</p>",,,,1003866480,http://www.worldcat.org/oclc/1003866480,,
132,,1472,"<p>
Coleman, Graham. 2016. <em>A Handbook of Tibetan Culture: A Guide to Tibetan Centres and Resources Throughout the World</em>. London: Ebury Digital.&nbsp;</p>",,,,1003866480,http://www.worldcat.org/oclc/1003866480,,
132,,1509,"<p>
Coleman, Graham. 2016. <em>A Handbook of Tibetan Culture: A Guide to Tibetan Centres and Resources Throughout the World</em>. London: Ebury Digital.&nbsp;</p>",,,,1003866480,http://www.worldcat.org/oclc/1003866480,,
132,,1477,"<p>
Coleman, Graham. 2016. <em>A Handbook of Tibetan Culture: A Guide to Tibetan Centres and Resources Throughout the World</em>. London: Ebury Digital.&nbsp;</p>",,,,1003866480,http://www.worldcat.org/oclc/1003866480,,
133,,1532,"<p>
Erschbamer, Marlene. 2017. <em>The &#39;Ba&#39;-ra-ba bKa&#39;-brgyud-pa: Historical and Contemporary Studies.</em> Vienna: WSTB.</p>",,,,1005073412,,,
133,,1533,"<p>
Erschbamer, Marlene. 2017. <em>The &#39;Ba&#39;-ra-ba bKa&#39;-brgyud-pa: Historical and Contemporary Studies.</em> Vienna: WSTB.</p>",,,,1005073412,,,
133,,1692,"<p>
Erschbamer, Marlene. 2017. <em>The &#39;Ba&#39;-ra-ba bKa&#39;-brgyud-pa: Historical and Contemporary Studies</em>. Vienna: Arbeitskreis f&uuml;r Tibetische und Buddhistische Studien, pp. 211-212</p>",211-212,,,1005073412,,,
133,,1551,"<p>
Erschbamer, Marlene. 2017.&nbsp;<em>The &#39;Ba&#39;-ra-ba bKa&#39;-brgyud-pa: Historical and Contemporary Studies</em>. Vienna: WSTB, p. 176.</p>",176,,,1005073412,,,
133,,1548,"<p>
Erschbamer, Marlene. 2017.&nbsp;<em>The &#39;Ba&#39;-ra-ba bKa&#39;-brgyud-pa: Historical and Contemporary Studies</em>. Vienna: WSTB, p. 219.</p>",219,,,1005073412,,,
133,,1550,"<p>
Erschbamer, Marlene. 2017.&nbsp;<em>The &#39;Ba&#39;-ra-ba bKa&#39;-brgyud-pa: Historical and Contemporary Studies</em>. Vienna: WSTB, pp 180&ndash;182.</p>",182,,,1005073412,,,
133,,1546,"<p>
Erschbamer, Marlene. 2017.&nbsp;<em>The &#39;Ba&#39;-ra-ba bKa&#39;-brgyud-pa: Historical and Contemporary Studies</em>. Vienna: WSTB, pp. 182&ndash;183.</p>",183,,,1005073412,,,
133,,1549,"<p>
Erschbamer, Marlene. 2017.&nbsp;<em>The &#39;Ba&#39;-ra-ba bKa&#39;-brgyud-pa: Historical and Contemporary Studies</em>. Vienna: WSTB, pp. 188&ndash;194.</p>",194,,,1005073412,,,
133,,1552,"<p>
Erschbamer, Marlene. 2017.&nbsp;<em>The &#39;Ba&#39;-ra-ba bKa&#39;-brgyud-pa: Historical and Contemporary Studies</em>. Vienna: WSTB, pp. 204&ndash;206.</p>",204-206,,,1005073412,,,
133,,1694,"<p>Erschbamer, Marlene. 2017. <em>The &#39;Ba&#39;-ra-ba bKa&#39;-brgyud-pa: Historical and Contemporary Studies</em>. Vienna: Arbeitskreis f&uuml;r Tibetische und Buddhistische Studien, p. 174.</p>",174,,,1005073412,,,
133,,1693,"<p>Erschbamer, Marlene. 2017. <em>The &#39;Ba&#39;-ra-ba bKa&#39;-brgyud-pa: Historical and Contemporary Studies</em>. Vienna: Arbeitskreis f&uuml;r Tibetische und Buddhistische Studien, pp. 186-187.</p>",186-187,,,,,,
133,,1696,"<p>Erschbamer, Marlene. 2017. <em>The &#39;Ba&#39;-ra-ba bKa&#39;-brgyud-pa: Historical and Contemporary Studies</em>. Vienna: Arbeitskreis f&uuml;r Tibetische und Buddhistische Studien, pp. 207-208.</p>",207-208,,,,,,
133,,1695,"<p>Erschbamer, Marlene. 2017. <em>The &#39;Ba&#39;-ra-ba bKa&#39;-brgyud-pa: Historical and Contemporary Studies</em>. Vienna: Arbeitskreis f&uuml;r Tibetische und Buddhistische Studien, pp. 213-215.</p>",213-215,,,,,,
134,,1092,"<p>
Sadutshang,&nbsp;Rinchen.&nbsp;2016.<em> A Life Unforeseen: A Memoir of Service to Tibet</em>.&nbsp;United States:&nbsp;Wisdom Publications, p. 66.</p>",66,,,1010933965,http://www.worldcat.org/oclc/1010933965,,
135,,968,"<p>
Douglas, Nik, and Meryl White. 1976. <em>Karmapa: the Black Hat Lama of Tibet</em>. London: Luzac, pp. 122-140.</p>",122-140,,,1014903327,http://www.worldcat.org/oclc/1014903327,,
136,,1596,"<p>
Heimbel, J&ouml;rg. 1917. <em>Vajradhara in Human Form: The Life and Times of Ngor chen Kun dga&#39; bzang po</em>. Kathmandu: Lumbini International Research Institute.</p>",,,,1020311775,,,
136,,1617,"<p>
Heimbel, J&ouml;rg. 2017. <em>Vajradhara in Human Form: The Life and Times of Ngor chen Kun dga&#39; bzang po</em>. Kathmandu: Lumbini International Research Institute, p. 267, note #237.</p>",,,,1020311775,,,
136,,1620,"<p>
Heimbel, J&ouml;rg. 2017. <em>Vajradhara in Human Form: The Life and Times of Ngor chen Kun dga&#39; bzang po</em>. Kathmandu: Lumbini International Research Institute, p. 268, note #237.</p>",,,,1020311775,,,
136,,32,"<p>
Heimbel, J&ouml;rg. 2017.&nbsp;<em>The Life and Times of Ngor chen Kun dga&#39; bzang po</em>. Lumbini: Lumbini International Research Institute.&nbsp;</p>",,,,1020311775,http://www.worldcat.org/oclc/1020311775,,
136,,1618,"<p>
Heimbel, J&ouml;rg. 2017.&nbsp;<em>Vajradhara in Human Form: The Life and Times of Ngor chen Kun dga&#39; bzang po</em>. Kathmandu: Lumbini International Research Institute, p. 268, note #237.</p>",,,,1020311775,,,
136,,1619,"<p>
Heimbel, J&ouml;rg. 2017.&nbsp;<em>Vajradhara in Human Form: The Life and Times of Ngor chen Kun dga&#39; bzang po</em>. Kathmandu: Lumbini International Research Institute, p. 268, note #237.</p>",,,,1020311775,,,
136,,597,"<p>
Heimbel, Jörg. 2017. <em>Vajradhara in Human Form: The Life and Times of Ngor chen Kun dga&#39; bzang po</em>. Nepal: Lumbini International Research Institute, p. 158.</p>",158,,,1020311775,,,
137,,1065,"<p>
Kumar, Pintu. 2018. <em>Buddhist learning in South Asia: education, religion, and culture at the ancient Śrī Nālandā Mahāvihāra</em>. Lanham: Lexington Books.</p>",,,,1023607186,http://www.worldcat.org/oclc/1023607186,,
138,,1504,"<p>
Tulku Urgyen. 2005. <em>Blazing Splendor: The Memoirs of Tulku Urgyen Rinpoche as told to Erik Pema Kunsang &amp; Marcia Binder Schmidt</em>. Hong Kong: Rangjung Yeshe, pp. 354-355.</p>",354-355,,,1028867438,http://www.worldcat.org/oclc/1028867438,,
138,,1534,"<p>
Tulku Urgyen. 2005. <em>Blazing Splendor: The Memoirs of Tulku Urgyen Rinpoche as told to Erik Pema Kunsang &amp; Marcia Binder Schmidt</em>. Hong Kong: Rangjung Yeshe.</p>",,,,1028867438,,,
138,,1536,"<p>
Tulku Urgyen. 2005. <em>Blazing Splendor: The Memoirs of Tulku Urgyen Rinpoche as told to Erik Pema Kunsang &amp; Marcia Binder Schmidt</em>. Hong Kong: Rangjung Yeshe.</p>",,,,1028867438,,,
138,,1537,"<p>
Tulku Urgyen. 2005. <em>Blazing Splendor: The Memoirs of Tulku Urgyen Rinpoche as told to Erik Pema Kunsang &amp; Marcia Binder Schmidt</em>. Hong Kong: Rangjung Yeshe.</p>",,,,1028867438,,,
138,,1538,"<p>
Tulku Urgyen. 2005. <em>Blazing Splendor: The Memoirs of Tulku Urgyen Rinpoche as told to Erik Pema Kunsang &amp; Marcia Binder Schmidt</em>. Hong Kong: Rangjung Yeshe.</p>",,,,1028867438,,,
138,,1540,"<p>
Tulku Urgyen. 2005. <em>Blazing Splendor: The Memoirs of Tulku Urgyen Rinpoche as told to Erik Pema Kunsang &amp; Marcia Binder Schmidt</em>. Hong Kong: Rangjung Yeshe.</p>",,,,1028867438,,,
138,,1517,"<p>
Tulku Urgyen. 2005.&nbsp;<em>Blazing Splendor: The Memoirs of Tulku Urgyen Rinpoche as told to Erik Pema Kunsang &amp; Marcia Binder Schmidt.</em> Hong Kong: Rangjung Yeshe.</p>",,,,1028867438,,,
138,,60,"<p>
Tulku Urgyen. 2005.&nbsp;<em>Blazing Splendor: The Memoirs of Tulku Urgyen Rinpoche as told to Erik Pema Kunsang &amp; Marcia Binder Schmidt</em>. Hong Kong: Rangjung Yeshe.</p>",,,,1028867438,,,
139,,1332,"<p>
Bogin, Benjamin. &quot;Guru of the Three Times.&quot; In&nbsp;<em>The Second Buddha: Master of Time</em>.&nbsp;Saratoga Springs, New York: The Frances Young Tang Teaching Museum and Art Gallery, Skidmore College, 2018.</p>",,,,1029087712,http://www.worldcat.org/oclc/1029087712,,
139,,1081,"<p>
Doney, Lewis and Bogin, Benjamin.<em>&nbsp;The Second Buddha: Master of Time</em>. Germany: Delmonico/Prestel, p.129.</p>",129,,,1029087712,https://id.loc.gov/resources/works/20411703,,
140,,1140,"<p>
Chou, Wen-shing. 2018.<em>&nbsp;Mount Wutai: visions of a sacred Buddhist mountain</em>. Princeton: Princeton University Press.</p>",,,,1045110939,http://www.worldcat.org/oclc/1045110939,,
141,,1413,"Quijada, Justine B.&nbsp;<em>Buddhists, Shamans, and Soviets: Rituals of History in Post-Soviet Buryatia</em>. United States: Oxford University Press, 2019, pp. 112-119.</p>",112-119,,,1045640510,,,
142,,1423,"<p>
Rizvi, Jane. 1996. <em>Ladakh: Crossroads of High Asia</em>. Second Edition. Oxford University Press, Delhi, pp. 254-255.</p>",254-255,,,1049053600,http://www.worldcat.org/oclc/1049053600,,
142,,1422,"<p>
Rizvi, Jane. 1996. <em>Ladakh: Crossroads of High Asia</em>. Second Edition. Oxford University Press, Delhi, pp. 255-256.</p>",255,,,1049053600,http://www.worldcat.org/oclc/1049053600,,
142,,1421,"<p>
Rizvi, Jane. 1996.&nbsp;<em>Ladakh: Crossroads of High Asia</em>. Second Edition. Oxford University Press, Delhi, p. 255.</p>",255,,,1049053600,http://www.worldcat.org/oclc/1049053600,,
142,,1405,"<p>
Rizvi, Janet. 1996. <em>Ladakh: Crossroads of High Asia</em>, pp. 237-238.</p>",237-238,,,1049053600,http://www.worldcat.org/oclc/1049053600,,
142,,1575,"<p>
Rizvi, Janet. 1996. <em>Ladakh: Crossroads of High Asia</em>. Delhi: Oxford University Press, p. 248-249.</p>",248-249,,,1049053600,http://www.worldcat.org/oclc/1049053600,,
142,,1587,"<p>
Rizvi, Janet. 1996. <em>Ladakh: Crossroads of High Asia</em>. Delhi: Oxford University Press, pp 236-237.</p>",236-237,,,1049053600,http://www.worldcat.org/oclc/1049053600,,
142,,701,"<p>
Rizvi, Janet. 1996. <em>Ladakh: Crossroads of High Asia</em>. Delhi: Oxford University Press, pp. 228-229.</p>",228-229,,,1049053600,http://www.worldcat.org/oclc/1049053600,,
142,,273,"<p>
Rizvi, Janet. 1996. <em>Ladakh: Crossroads of High Asia</em>. Delhi: Oxford University Press, pp. 229-231.</p>",229-231,,,1049053600,http://www.worldcat.org/oclc/1049053600,,
142,,1283,"<p>
Rizvi, Janet. 1996. <em>Ladakh: Crossroads of High Asia</em>. Delhi: Oxford University Press, pp. 231-232.</p>",231-232,,,1049053600,http://www.worldcat.org/oclc/1049053600,,
142,,232,"<p>
Rizvi, Janet. 1996. <em>Ladakh: crossroads of high Asia</em>. Delhi: Oxford University Press, pp. 232-234.</p>",232-234,,,1049053600,http://www.worldcat.org/oclc/1049053600,,
142,,234,"<p>
Rizvi, Janet. 1996. <em>Ladakh: Crossroads of High Asia</em>. Delhi: Oxford University Press, pp. 234-235.</p>",234-235,,,1049053600,http://www.worldcat.org/oclc/1049053600,,
142,,1103,"<p>
Rizvi, Janet. 1996. Ladakh: Crossroads of High Asia. Delhi: Oxford University Press, pp. 241-242.</p>",241-242,,,1049053600,http://www.worldcat.org/oclc/1049053600,,
142,,1406,"<p>
Rizvi, Janet. 1996.&nbsp;<em>Ladakh: Crossroads of High Asia</em>, pp. 227-228.</p>",227-228,,,1049053600,http://www.worldcat.org/oclc/1049053600,,
142,,910,"<p>
Rizvi, Janet. 1996.&nbsp;<em>Ladakh: Crossroads of High Asia</em>. Delhi: Oxford University Press, p. 243.</p>",243,,,1049053600,http://www.worldcat.org/oclc/1049053600,,
142,,1407,"<p>
Rizvi, Janet. 1996.<em> Ladakh: Crossroads of High Asia</em>, pp. 238-239.</p>",238-239,,,1049053600,,,
142,,233,"<p>
Rizvi, Janet. 1996.<em> Ladakh: Crossroads of High Asia</em>. Delhi: Oxford University Press, p. 219.</p>",219,,,1049053600,http://www.worldcat.org/oclc/1049053600,,
142,,1101,"<p>
Rizvi, Janet. 1996.<em> Ladakh: Crossroads of High Asia</em>. Delhi: Oxford University Press, p. 244.</p>",244,,,1049053600,http://www.worldcat.org/oclc/1049053600,,
142,,1102,"<p>
Rizvi, Janet. 1996.<em> Ladakh: Crossroads of High Asia</em>. Delhi: Oxford University Press, pp. 243-248.</p>",243-248,,,1049053600,http://www.worldcat.org/oclc/1049053600,,
142,,821,"<p>
Rizvi, Janet. 1996.<em> Ladakh: Crossroads of High Asia</em>. Delhi: Oxford University Press, pp. 249-250.</p>",249-250,,,1049053600,http://www.worldcat.org/oclc/1049053600,,
142,,1588,"<p>
Rizvi, Janet. 1996.<em> Ladakh: Crossroads of High Asia</em>. Delhi: Oxford University Press, pp. 253, 255.</p>","253, 255",,,1049053600,http://www.worldcat.org/oclc/1049053600,,
142,,1305,"<p>
Rizvi, Janet. 1996.<em>Ladakh: Crossroads of High Asia</em>. Delhi: Oxford University Press, pp. 253-254.</p>",253-254,,,1049053600,http://www.worldcat.org/oclc/1049053600,,
142,,1398,"<p>Rizvi, Janet. 1996.&nbsp;<em>Ladakh: Crossroads of High Asia</em>. 1st edition 1983. 2nd revised edition 1996. Oxford University Press, New Delhi, p. 235-236.</p>",235-236,,,1049053600,http://www.worldcat.org/oclc/1049053600,,
143,,1088,"<p>
Vitali,&nbsp;Roberto. 1996.&nbsp;<em>Gu-ge Mkhan-chen Ngag-dbang-grags-pas mdzad paʼi Mngaʼ-ris rgyal rabs</em>.&nbsp;India:&nbsp;Tho-liṅ dpal dpe med lhun gyis grub paʼi gtsug lag khaṅ lo 1000 ʼkhor baʼi rjes dran mdzad sgoʼi go sgrig tshogs chuṅ gis dpar skrun źus, pp. 274-275.</p>",274-275,,,1051310927,http://www.worldcat.org/oclc/1051310927,,
144,,1466,"<p>
Gardner, Alexander. 2019. <em>The Life of Jamgon Kongtrul the Great</em>. Boulder: Shambhala.</p>",,,,1055568794,,,
144,,1463,"<p>
Gardner, Alexander. 2019. <em>The Life of Jamgon Kongtrul the Great</em>. Boulder: Snow Lion.</p>",,,,1055568794,,,
144,,1467,"<p>
Gardner, Alexander. 2019. The Life of Jamgon Kongtrul the Great. Boulder: Shambhala.</p>",,,,1055568794,,,
144,,989,"<p>
Gardner,&nbsp;Alexander. 2019. <em>The Life of Jamgon Kongtrul the Great</em>.&nbsp;Boulder: Snow Lion.</p>",,,,1055568794,http://www.worldcat.org/oclc/1055568794,,
145,,380,"<p>
Sinha, A. C. 2001. <em>Himalayan Kingdom Bhutan: Tradition, Transition and Transformation</em>. New Delhi: Indus, pp. 110-112.</p>",110-112,,,1074162701,http://www.worldcat.org/oclc/472161814,,
146,,1476,"<p>
Bstan &#39;dzin rgya mtsho. 2018. <em>The Life of My Teacher: A Biography of Kyabje Ling Rinpoche</em>. Translated by Gavin Kilty. Somerville: Wisdom Publications, pp. 253-254.</p>",,,,1079343082,,,
146,,1469,"<p>
Bstan &#39;dzin rgya mtsho. 2018. <em>The Life of My Teacher: A Biography of Kyabje Ling Rinpoche</em>. Translated by Gavin Kilty. Somerville: Wisdom Publications.</p>",,,,1079343082,,,
146,,1478,"<p>
Bstan &#39;dzin rgya mtsho. 2018. <em>The Life of My Teacher: A Biography of Kyabje Ling Rinpoche</em>. Translated by Kilty Gavin. Somerville: Wisdom Publications.</p>",,,,1079343082,,,
146,,1470,"<p>
Bstan &#39;dzin rgya mtsho. 2018.&nbsp;<em>The Life of My Teacher: A Biography of Kyabje Ling Rinpoch</em>e. Translated by Kilty Gavin.&nbsp;Somerville: Wisdom Publications.</p>",,,,1079343082,,,
146,,1475,"<p>
Bstan ʼdzin rgya mtsho, and Kilty Gavin. 2018. <em>The Life of My Teacher: A Biography of Kyabje Ling Rinpoche.</em>&nbsp;Somerville: Wisdom Publications.</p>",,,,1079343082,,,
146,,1471,"<p>
Bstan &#39;dzin rgya mtsho. 2018. <em>The Life of My Teacher: A Biography of Kyabje Ling Rinpoch</em>e. Translated by Kilty Gavin.&nbsp;Somerville: Wisdom Publications.</p>",,,,,,,
147,,1166,"<p>
Blo bzang chos kyi nyi ma, Sopa,&nbsp;Lhundub,&nbsp;Jackson,&nbsp;Roger R. 2009. <em>The crystal mirror of philosophical systems: a Tibetan study of Asian religious thought</em>. Somerville: Wisdom Publications, p. 285.</p>",285,,,1086572882,http://www.worldcat.org/oclc/1086572882,,
148,,1280,"<p>
Teleki, Krisztina. 2008.&nbsp;<em>Bogdiin Kh&uuml;ree monasteries and temples of the Mongolian capital (1651-1938)</em>. PhD Dissertation. Budapest: E&ouml;tv&ouml;s Lor&aacute;nd Tudom&aacute;nyegyetem.</p>",,,,1088070463,http://www.worldcat.org/oclc/1088070463,,
148,,1280,"<p>
Teleki,&nbsp;Krisztina.&nbsp;<em>Monasteries and Temples of Bogdiin Kh</em>&uuml;<em>ree.&nbsp;</em></p>",,,,,https://core.ac.uk/download/pdf/42934492.pdf,,
149,,1508,"<p>
Borup,&nbsp;J&oslash;rn. 2007.&nbsp;<em>Danske Verdensreligioner: Buddhisme</em>.&nbsp;Denmark:&nbsp;Gyldendal, p. 46.</p>",,,,1119727242,http://www.worldcat.org/oclc/1119727242,,
150,,1539,"<p>
Shakya, Min Bahadur. 2004. <em>Hiraṇyavarṇa Mahavihara: a unique Newar Buddhist monastery</em>. Patan: Nagarjuna Publication.</p>",,,,1126011813,http://www.worldcat.org/oclc/1126011813,,
151,,1268,"<p>
Cabezón, José Ignacio, and Penpa Dorje. 2019. <em>Sera Monastery</em>. Somerville: Wisdom Publications, pp. 197-205.</p>",197-205,,,1142799547,http://www.worldcat.org/oclc/1142799547,,
151,,1473,"<p>
Cabezón, José Ignacio, and Penpa Dorje. 2019. <em>Sera Monastery</em>. Somerville: Wisdom Publications, pp. 275, 467-469.</p>","275, 467-469",,,1142799547,http://www.worldcat.org/oclc/1142799547,,
151,,91,"<p>
Cabezón, José Ignacio, and Penpa Dorjee. 2019. <em>Sera Monastery</em>. Somerville: Wisdom Publications, 128-145.</p>",128-145,,,1142799547,http://www.worldcat.org/oclc/1142799547,,
151,,1021,"<p>
Cabezón, José Ignacio, and Penpa Dorjee. 2019. <em>Sera Monastery</em>. Somerville: Wisdom Publications, p. 333.</p>",333,,,1142799547,http://www.worldcat.org/oclc/1142799547,,
151,,898,"<p>
Cabezón, José Ignacio, and Penpa Dorjee. 2019. <em>Sera Monastery</em>. Somerville: Wisdom Publications, pp. 310-311.</p>",310-311,,,1142799547,http://www.worldcat.org/oclc/1142799547,,
151,,875,"<p>
Cabezón, José Ignacio, and Penpa Dorjee. 2019. <em>Sera Monastery</em>. Somerville: Wisdom Publications, pp. 310-311.</p>",310-311,,,1142799547,http://www.worldcat.org/oclc/1142799547,,
151,,321,"<p>
Cabezón, José Ignacio, and Penpa Dorjee. 2019. <em>Sera Monastery</em>. Somerville: Wisdom Publications, pp. 330, 331, 335, 340.</p>","330, 331, 335, 340",,,1142799547,http://www.worldcat.org/oclc/1142799547,,
151,,1480,"<p>
Cabezón, José Ignacio, and Penpa Dorjee. 2019. <em>Sera Monastery</em>. Somerville: Wisdom Publications.&nbsp;</p>",,,,1142799547,http://www.worldcat.org/oclc/1142799547,,
151,,294,"<p>
Cabezón, José Ignacio, and Penpa Dorjee. 2019. <em>Sera Monastery</em>. Somerville: Wisdom Publications.</p>",,,,1142799547,http://www.worldcat.org/oclc/1142799547,,
151,,1585,"<p>
Cabezón, José Ignacio, and Penpa Dorjee. 2019. <em>Sera Monastery</em>. Somerville: Wisdom Publications.</p>",,,,1142799547,http://www.worldcat.org/oclc/1142799547,,
151,,322,"<p>
Cabezón, José Ignacio, and Penpa Dorjee. 2019. Sera Monastery. Somerville: Wisdom Publications, pp. 331-342.</p>",331-348,,,1142799547,http://www.worldcat.org/oclc/1142799547,,
151,,423,"<p>
Cabezón, José Ignacio, and sPen-pa rDo-rje. 2019. <em>Sera Monastery</em>. Somerville: Wisdom Publications, p. 331-348.</p>",331-348,,,1142799547,http://www.worldcat.org/oclc/1142799547,,
151,,860,"<p>
Cabezón, José Ignacio, and sPen-pa rDo-rje. 2019. <em>Sera Monastery</em>. Somerville: Wisdom Publications, p. 332.</p>",332,,,1142799547,http://www.worldcat.org/oclc/1142799547,,
151,,1020,"<p>
Cabezón, José Ignacio, and sPen-pa rDo-rje. 2019. <em>Sera Monastery</em>. Somerville: Wisdom Publications, p. 333.</p>",333,,,1142799547,http://www.worldcat.org/oclc/1142799547,,
151,,572,"<p>
Cabezón, José Ignacio, and sPen-pa rDo-rje. 2019. <em>Sera Monastery</em>. Somerville: Wisdom Publications, pp. 154, 331.</p>","154, 331",,,1142799547,http://www.worldcat.org/oclc/1142799547,,
151,,37,"<p>
Cabezón, José Ignacio, and sPen-pa rDo-rje. 2019. <em>Sera Monastery</em>. Somerville: Wisdom Publications.&nbsp;</p>",,,,1142799547,http://www.worldcat.org/oclc/1142799547,,
151,,349,"<p>
Cabezón, José Ignacio, and sPen-pa rDo-rje. 2019. <em>Sera Monastery</em>. Somerville: Wisdom Publications.&nbsp;</p>",,,,1142799547,http://www.worldcat.org/oclc/1142799547,,
151,,907,"<p>
Cabezón, José Ignacio, and sPen-pa rDo-rje. 2019. <em>Sera Monastery</em>. Somerville: Wisdom Publications.</p>",,,,1142799547,http://www.worldcat.org/oclc/1142799547,,
151,,348,"<p>
Cabezón, José Ignacio, and sPen-pa rDo-rje. 2019. <em>Sera Monastery</em>. Somerville: Wisdom Publications.</p>",,,,1142799547,http://www.worldcat.org/oclc/1142799547,,
151,,841,"<p>
Cabezón, José Ignacio, and sPen-pa rDo-rje. 2019. <em>Sera Monastery</em>. Somerville: Wisdom Publications.</p>",,,,1142799547,http://www.worldcat.org/oclc/1142799548,,
151,,1246,"<p>
Cabezón, José Ignacio, and sPen-pa rDo-rje. 2019. <em>Sera Monastery</em>. Somerville: Wisdom Publications.</p>",,,,1142799547,http://www.worldcat.org/oclc/1142799549,,
151,,1315,"<p>
Cabezón, José Ignacio, and sPen-pa rDo-rje. 2019. <em>Sera Monastery</em>. Somerville: Wisdom Publications.</p>",,,,1142799547,http://www.worldcat.org/oclc/1142799550,,
152,,1280,"<p>
Uranchimeg Tsultemin. 2020.<em>&nbsp;A monastery on the move: art and politics in later Buddhist Mongolia</em>.&nbsp;Honolulu: University of Hawaiʻi Press.</p>",,,,1151812763,http://www.worldcat.org/oclc/1151812763,,
153,,1447,"<p>
Torkelson, Jean. 2001. <em>Colorado&#39;s Sanctuaries, Retreats, and Sacred Places</em>. United States: Westcliffe Publishers, pp. 22-23.</p>",22-23,,,1200287008,http://www.worldcat.org/oclc/1200287008,,
154,,1592,"<p>
Jackson, David. 2020. <em>Lama of Lamas: The Life of the Vajra-Master Chogye Trichen Rinpoche</em>. Kathmandu: Vajra Books, pp. 62, 174.</p>","62, 174",,,1240830259,,,
154,,1591,"<p>
Jackson, David. 2020. <em>Lama of Lamas: The Life of the Vajra-Master Chogye Trichen Rinpoche</em>. Kathmandu: Vajra Books.</p>",,,,1240830259,,,
154,,1626,"<p>
Jackson, David. 2020.&nbsp;<em>Lama of Lamas: The Life of the Vajra-Master Chogye Trichen Rinpoche</em>. Kathmandu: Vajra Books, p. 3.</p>",3,,,1240830259,,,
154,,1593,"<p>
Jackson, David. 2020. <em>Lama of Lamas: The Life of the Vajra-Master Chogye Trichen Rinpoche</em>. Vol. 2. Kathmandu: Vajra Books, pp. 442-444.</p>",442-444,,,1252707131,,,
155,,1547,"<p>
Chogyal Thutob Namgyel and Gyalmo Yeshe Dolma. <em>The Royal History of Sikkim</em>. Kazi Dawasamdup, John A. Ardussi, Anna Balikci Denjongpa, and Per K. S&oslash;rensen, translators. Chicago: Serindia, pp. 92&ndash;97.</p>",92-97,,,1264387800,,,
155,,1144,"<p>
Chogyal Thutob Namgyel and Gyalmo Yeshe Dolma. <em>The Royal History of Sikkim</em>. Kazi Dawasamdup, John A. Ardussi, Anna Balikci Denjongpa, and Per K. S&oslash;rensen, translators. Chicago: Serindia, pp. 92&ndash;97.</p>",92-97,,,1264387800,,,
156,,412,"<p>
Tuttle, Gray, and Kurtis R. Schaeffer. 2013.&nbsp;<em>The Tibetan History Reader</em>. New York: Columbia University Press, pp. 200, 527.</p>","200, 527",,,1292000912,http://www.worldcat.org/oclc/1292000912,,
157,,1412,"<p>
Wallace, Vesna. 2014. &ldquo;Bakula Arhat&rsquo;s Journeys to the North: The Life and Work of the Nineteenth Kushok Bakula in Russia and Mongolia.&rdquo; In <em>Buddhists: Understanding Buddhism Through the Lives of Practitioners</em>. Edited by Todd Lewis. Oxford: Blackwell Publishing, pp. 218-227.</p>",218-227,,,1347023518,,,
158,,1394,"<p>Laurent, Yannick. 2023.&nbsp;Spiti:&nbsp;The Gigantic Valley of Many-Hued Strata. <em>Archaeological and Historical Research in the Western Himalayas</em>, 2 vols. Vajra Academic Series vol. 4. Kathmandu: Vajra Books.</p>",,,,1406595303,,,
159,,1543,"<p>
Kauffmann, Thomas. 2015. <em>The Agendas of Tibetan Refugees : Survival Strategies of a Government-In-Exile in a World of International Organizations</em>. New York, NY: Berghahn Books.</p>",,,,8161078665,http://www.worldcat.org/oclc/8161078665,,
160,,1331,"<p>
Buswell, Robert E. and Donald S. Lopez Jr. 2014. &quot;Otantapurī&quot; in <em>The Princeton Dictionary of Buddhism</em>. Princeton, NJ: Princeton University Press, p. 601.</p>",601,,,9889845672,,,
160,,1355,"<p>
Buswell, Robert E. and Donald S. Lopez Jr. 2014. &quot;Vikramaśīla&quot; in The Princeton Dictionary of Buddhism. Princeton, NJ: Princeton University Press, p. 601.</p>",601,,,9889845672,http://www.worldcat.org/oclc/878494430,,
160,,1377,"<p>Buswell, Robert E, Jr., and Donald S. Lopez, Jr., eds. 2014. <em>The Princeton Dictionary of Buddhism</em>. Princeton: University of Princeton Press.</p>",,,,9889845672,,,
160,,1378,"<p>Buswell, Robert E, Jr., and Donald S. Lopez, Jr., eds. 2014. <em>The Princeton Dictionary of Buddhism</em>. Princeton: University of Princeton Press.</p>",,,,9889845672,,,
161,,256,"<p>
Byams pa chos grags. Undated. <em>Chab mdo byams pa gling gi gdan rabs</em>. Chamdo: Chab mdo par &#39;debs bzo grwa par btab, p. 82.&nbsp;</p>",82,MW1KG3372,,,,,
162,,1502,"<p>
Bausch, Gerd. 2020. <em>Radiant compassion: the life of the 16th Gyalwa Karmapa Rangjung Rigpe Dorje, Vol 2</em>. Darmstadt: Edition Karuna,&nbsp;pp. 117&ndash;118.</p>",117-118,,,,,,
163,,413,"<p>
Berounsk&yacute;, Daniel. 2012. &quot;Kīrti Monastery of Ngawa: Its History and Recent Situation.&quot;&nbsp;<em>Revue d&#39;Etudes Tib&eacute;taines</em>, no. 25, pp. 65-80.</p>",64-80,,,,https://himalaya.socanth.cam.ac.uk/collections/journals/ret/pdf/ret_25.pdf,,
164,,1472,"<p>
Brentano, Robyn. &quot;Buxa Chogar: Saving Tibetan Buddhism in Exile.&quot; <em>The Tibet Journal </em>43, no. 2 (2018): 21-40.</p>",,,,,http://doi:10.2307/26634916,,
164,,1477,"<p>
Brentano, Robyn. &quot;Buxa Chogar: Saving Tibetan Buddhism in Exile.&quot;&nbsp;<em>The Tibet Journal&nbsp;</em>43, no. 2 (2018): 21-40.</p>",,,,,http://doi:10.2307/26634916,,
164,,1473,"<p>
Brentano, Robyn. &quot;Buxa Chogar: Saving Tibetan Buddhism in Exile.&quot;<em> The Tibet Journal</em> 43, no. 2 (2018): 21-40.</p>",,,,,http://doi:10.2307/26634916,,
165,,1459,"<p>
Campergue, C&eacute;cile. &quot;Le bouddhisme tib&eacute;tain en France&quot;, <em>Histoire, monde et cultures religieuses</em>, vol. 25, no. 1, 2013, pp. 137-168.</p>",,,,,https://doi.org/10.3917/hmc.025.0137,,
166,,1081,"<p>
Cantwell, Cathy. &quot;Rewalsar: Tibetan Refugees in A Buddhist Sacred Place.&quot;&nbsp;<em>The Tibet Journal</em>&nbsp;20, no. 1 (1995): 3-9.",,,,,https://www.jstor.org/stable/43305793,,
167,,1140,"<p>
Charleux, Isabelle. &ldquo;Mongol Pilgrimages to Wutai Shan in the Late Qing Dynasty.&rdquo;&nbsp;<em>Journal of the International Association of Tibetan Studies</em>, no. 6 (December 2011).",,,,,https://shs.hal.science/halshs-00702794,,
168,,1460,"<p>
Clarke, Peter B. 2006. New Religions in Global Perspective: A Study of Religious Change in the Modern World. London: Routledge, p. 88.</p>",,,,,http://www.worldcat.org/oclc/253525284,,
169,,1443,"<p>
Crossette, Barbara. &quot;Buddhism takes root in bleakness of Canada.&quot; <em>New York Times</em>, September 19, 2001, A1.</p>",,,,,https://www.nytimes.com/2001/09/19/world/buddhism-takes-root-in-bleakness-of-canada.html,,
170,,1442,"<p>
Dederer, Claire. 2007. &ldquo;The Inner Scholar.&rdquo; New York Times, November 4.</p>",,,,,https://www.nytimes.com/2007/11/04/education/edlife/naropa.html,,
171,,1305,"<p>
Devers, Quentin. &quot;Buddhism before the First Diffusion? The case of Tangol, Dras, Phikhar and Sani-Tarungtse in Purig and Zanskar (Ladakh) &quot;. In <em>&Eacute;tudes mongoles et sib&eacute;riennes, centrasiatiques et tib&eacute;taines</em>, 51 | 2020, mis en ligne le 09 d&eacute;cembre 2020, consult&eacute; le 22 janvier 2021</p>",,,,,https://doi.org/10.4000/emscat.4226,,
172,,1406,"<p>
Dorjey, Skalzang. &quot;Ladakh Monastic Art and Architecture: A Case Study of Its Developmental Perspective in Relation with Tibet.&quot; <em>The Tibet Journal</em> 41, no. 2 (2016): 21-28.</p>",,,,,https://www.jstor.org/stable/tibetjournal.41.2.21,,
173,,1099,"<p>
Dorji, Khandu-Om. &quot;A brief history of Bhutan House in Kalimpong.&quot; <em>Journal of Bhutan Studies </em>19, no. 2 (2008): 9-33.</p>",,,,,https://www.bhutanstudies.org.bt/publicationFiles/JBS/JBS_Vol19/19-2.pdf,,
174,,266,"<p>
Elizabeth Reynolds. 2022. &quot;Tibet Incorporated: Institutional Power and Economic Practice on the Sino-Tibetan Borderland 1930-1950.&quot; Ph.D. dissertation, Columbia University.</p>",,,,,,,
175,,1621,"<p>
Epstein,&nbsp;Lawrence, and Peng Wenbin. 1994. &quot;Ganja and Murdo: The Social Construction of Space at Two Pilgrimage Sites in Eastern Tibet.&quot; <em>The Tibet Journal</em>, vol. 19, no. 3: <em>Powerful Places and Spaces in Tibetan Religious Culture</em>, pp. 21-45.</p>",,,,,https://www.jstor.org/stable/43300513,,
176,,1549,"<p>
Erschbamer, Marlene. 2014. &quot;The Monastery bKa&#39; brgyud dgon gsar in the Chumbi Valley: The &#39;Ba&#39; ra ba bKa&#39; brgyud pa school and its connection with Sikkim.&quot;Bulletin of Tibetology, vol. 50, no.1&ndash;2, pp. 117-132.&nbsp;</p>",,,,,https://www.researchgate.net/publication/322656235_The_Monastery_bKa'_brgyud_dgon_gsar_in_the_Chumbi_Valley_The_'Ba'_ra_ba_bKa'_brgyud_pa_school_and_its_connection_with_Sikkim,,
176,,1549,"<p>
Erschbamer, Marlene. 2016. &quot;Where the Roads from Tibet, India, and Bhutan Meet: The Monastery bKa&#39; brgyud dgon gsar in the Chumbi Valley.&quot; ZAS, vol. 45, pp. 451&ndash;466.</p>",,,,,https://www.researchgate.net/publication/328281987_Where_the_roads_from_Tibet_India_and_Bhutan_meet_The_monastery_bKa'_brgyud_dgon_gsar_in_the_Chumbi_valley,,
177,,1546,"<p>
Erschbamer, Marlene. 2018. Tibetan Troops Fighting the &ldquo;Enemy of Buddhist Doctrine&rdquo; (<em>bstan dgra</em>): The Invasions of the Gorkhas as Witnessed by Two Tibetan Masters of the Barawa (&rsquo;Ba&rsquo; ra ba) Tradition.&quot;&nbsp;<em>Cahiers d&#39;Extr&ecirc;me-Asie</em>, vol.&nbsp; 27,&nbsp;pp. 121-137.</p>",,,,,https://doi.org/10.3406/asie.2018.1509,,
178,,1552,"<p>
Erschbamer, Marlene. 2019. &quot;Taming of supernatural entities and animal sacrifice. The synthesis of Tibetan Buddhism and local shamanistic traditions in Northern Sikkim (India).&quot;&nbsp;<em>&Eacute;tudes mongoles et sib&eacute;riennes,</em>&nbsp;<em>centrasiatiques et tib&eacute;taines</em>, vol. 50.</p>",,,,,https://journals.openedition.org/emscat/3915,,
179,,275,"<p>
Everding, Karl-Heinz. 2004. &ldquo;rNying ma pa Lamas at the Court of Mang yul Gung thang: The Meeting of gTer ston bsTan gnyis gling pa with King Kun bzang nyi zla grags pa.&rdquo; In Christopher Cuppers, editor, <em>The Relationship Between Religion and State </em>(<em>chos srid zung &#39;brel</em>)<em> In Traditional Tibet</em>. Lumbini: Lumbini International Research Institute.</p>",,,,,,,
180,,266,"<p>
Garri,&nbsp;Irina. 2020. &quot;The rise of the Five Hor States of Northern Kham. Religion and politics in the Sino-Tibetan borderlands.&quot;&nbsp;<em>&Eacute;tudes mongoles et sib&eacute;riennes, centrasiatiques et tib&eacute;taines</em>, vol. 51.</p>",,,,,https://doi.org/10.4000/emscat.4631,,
180,,1608,"<p>
Garri. 2020. &quot;The rise of the Five Hor States of Northern Kham. Religion and politics in the Sino-Tibetan borderlands.&quot; <em>&Eacute;tudes mongoles et sib&eacute;riennes, centrasiatiques et tib&eacute;taines</em> vol. 51.</p>",,,,,https://doi.org/10.4000/emscat.4631,,
181,,1492,"<p>
Gdong thog bstan pa&rsquo;i rgyal mtshan. 1983. <em>Rje btsun bla ma dpal e waM khang gsar mkhan chen gnag dbang blo gros gzhan phan snying po&#39;i rnam thar mdor bsdus dad pa&#39;i sbyangs snyan</em>. In <em>Lam &#39;bras slob bshad: The Sa-skya-pa Teachings of the Path and Fruit, According to the Tshar-pa Transmission</em>. Sa skya Lam &#39;bras Literature Series, vol 8, pp. 389-414. Rajpur, Sakya Center, p. 401.</p>",,,,,,,
182,,1530,"<p>
Gerke, Barbara. &quot;Men-Tsee-Khang Celebrations on its 100th Anniversary A Report from Dharamsala, India.&quot;<em>&nbsp;The Tibet Journal&nbsp;</em>43, no. 1 (2018): 161-168.</p>",,,,,https://www.jstor.org/stable/26634908,,
183,,415,"<p>
Gyaltsen, Dorji. &quot;16 Early Book Production and Printing in Bhutan.&quot; In <em>Tibetan Printing: Comparison, Continuities, and Change</em>, pp. 369-393. Brill, 2016.&nbsp;</p>",369-393,,,,https://doi.org/10.1163/9789004316256_018,,
184,,128,"<p>
Jackson, David. 2019. &quot;History of Nālendra Monastery: Sources and Some Recent Findings.&quot; In&nbsp;<a href=""https://www.academia.edu/39638174/The_History_of_N%C4%81_lendra_Monastery_Sources_and_Some_Recent_Findings?email_work_card=view-paper""><em>Unearthing Himalayan Treasures: Festschrift for Franz-Karl Ehrhard</em></a>, pp. 235-258. Marburg, Indica et Tibetica Verlag.</p>",,,,,http://www.worldcat.org/oclc/1107814906,,
185,,1592,"<p>
Jackson, David. 2021. &quot;Seventeen Lists of Sakya Monasteries.&quot; Academia.com, p. 15.</p>",15,,,,,,
185,,1595,"<p>
Jackson, David. 2021. &quot;Seventeen Lists of Sakya Monasteries.&quot; Academia.com.</p>",,,,,,,
186,,266,"<p>
Kobayashi Ryōsuke. 2018. &quot;Militarisation of Dargy&eacute; Monastery: Contested Borders on the Sino-Tibetan Frontier during the Early Twentieth Century.&quot; Cahiers d&#39;Extr&ecirc;me-Asie, vol. 27,&nbsp;pp. 139&ndash;171.</p>",,,,,https://doi.org/10.3406/asie.2018.1510,,
187,,1437,"<p>
Las chen kun dga&#39; rgyal mtshan. 2003. <em>Bka&#39; gdams chos &#39;byung gsal ba&#39;i sgron me</em>. Lhasa: Bod ljongs mi dmangs dpe skrun khang, p. 473.</p>",473,,,,,,
188,,1394,"<p>
Laurent, Lobsang Nyima (Yannick). 2014. &ldquo;The Upper Temple of Dangkhar Monastery&mdash; Iconographical Capharna&uuml;m or Political Man&oelig;uvre.&rdquo; <em>Revue d&rsquo;Etudes Tib&eacute;taines</em>, no. 29, pp. 103-153.</p>",,,,,http://himalaya.socanth.cam.ac.uk/collections/journals/ret/pdf/ret_29_06.pdf,,
189,,1394,"<p>
Laurent, Yannick. 2019. <em>Dangkhar: The Rgyal sa of Spiti. Archaeological and Historical Research in the Western Himalayas</em>. University of Oxford (PhD Disseratation).</p>",,,,,https://ora.ox.ac.uk/objects/uuid:fcc23944-02df-4e39-8273-059e2bbde318,,
190,,1461,"<p>
Lee, Michelle J. &ldquo;Buddhism Practice Evolves as Faith&rsquo;s Followers Multiply.&rdquo;<em> The Poughkeepsie Journal</em>. Poughkeepsie, N.Y: Gannett Co., Inc, 2004.</p>",,,,,,,
191,,1524,"<p>
Martin, Emma. &quot;Translating Tibet in the Borderlands: Networks, Dictionaries, and Knowledge Production in Himalayan Hill Stations.&quot;<em> The Journal of Transcultural Studies</em> 7, no. 1 (2016): 86-120.</p>",,,,,https://doi.org/10.17885/heiup.ts.23538,,
192,,1543,"<p>
McConnell, Fiona. 2016. <em>Rehearsing the State: The Political Practices of the Tibetan Government-In-Exile</em>. New York: John Wiley &amp; Sons.</p>",,,,,http://www.worldcat.org/oclc/949244757,,
193,,989,"<p>
McCue, Gary. 1999.&nbsp;<em>Trekking in Tibet: A Traveler&#39;s Guide</em>. Seattle: Mountaineers, p. 248.</p>",,,,,http://www.worldcat.org/oclc/633410615,,
194,,1442,"<p>
McGovern, Bob. 2009. &quot;Naropa University: 1974.&quot;&nbsp;<em>Boulder County Business Report</em>&nbsp;28 (4): 1.</p>",,,,,,,
195,,1395,"<p>
McKenzie, John. 2012. &ldquo;Tartan Buddhists: A Typology for Understanding Participation in a Tibetan Buddhist Organization in Scotland&rdquo;. <em>Fieldwork in Religion</em> 7 (1):8-28.</p>",,,,,https://doi.org/10.1558/firn.v7i1.8,,
196,,1452,"<p>
Melton,&nbsp;J. Gordon. 1999.&nbsp;<em>Religious leaders of America: a biographical guide to founders and leaders of religious bodies, churches, and spiritual groups in North America</em>. Detroit, MI: Gale Research, p. 290.&nbsp;</p>",,,,,http://www.worldcat.org/oclc/41000889,,
197,,504,"<p>
Mgon po dbang rgyal. 2000. <em>Rgyal rabs lo tshigs shes bya mang ʼdus mkhas paʼi spyi nor</em>.&nbsp; Pe cin: Mi rigs dpe skrun khang, p. 429.</p>",,MW21015,,,,,
198,,1448,"<p>
Midal,&nbsp;Fabrice.&nbsp;2004. <em>Chogyam Trungpa: His Life and Vision</em>.&nbsp;United States:&nbsp;Shambhala, pp. 12-13.</p>",,,,,http://www.worldcat.org/oclc/799180473,,
199,,1097,"<p>
mkhan chen &#39;jam dbyangs rgyal mtshan. 1996.<em> kaḥ thog pa&#39;i lo rgyus mdor bsdus</em>. khreng tu&rsquo;u: si khron mi rigs dpe skrun khang, p. 167</p>
<p>
&nbsp;</p>",,MW20396,,,,,
199,,1014,"<p>
mKhan chen ʼjam dbyangs rgyal mtshan. 1996. <em>Kaḥ thog paʼi lo rgyus mdor bsdus</em>. 1 vols. Khreng Tu&rsquo;u: Si khron mi rigs dpe skrun khang, p. 143.</p>",,MW20396,,,,,
199,,1013,"<p>
mkhan chen ʼjam dbyangs rgyal mtshan. 1996. <em>KaH thog paʼi lo rgyus mdor bsdus</em>. 1 vols. Khreng Tu&rsquo;u: Si khron mi rigs dpe skrun khang, p. 166.</p>",,MW20396,,,,,
199,,1016,"<p>
mkhan chen ʼjam dbyangs rgyal mtshan. 1996.<em> kaH thog paʼi lo rgyus mdor bsdus</em>. 1 vols. Khreng Tu&rsquo;u: Si khron mi rigs dpe skrun khang, p. 133.</p>",,MW20396,,,,,
199,,1010,"<p>
mkhan chen ʼjam dbyangs rgyal mtshan.&nbsp;1996. <em>kaH thog paʼi lo rgyus mdor bsdus</em>. 1 vol. Khreng Tu&rsquo;u: Si khron mi rigs dpe skrun khang, p. 167.</p>",,MW20396,,,,,
200,,1051,"<p>
mkhan po rtogs grol. 2000. <em>dbur stod &#39;bri gung nyi lcang bshad sgrub rab rgyas gling gi lo rgyus dang mkhan po rim byon gyi rnam thar</em>. Dehra Dun, Uttaranchal: &#39;bri gung bka&#39; brgyud gtsug lag slob gnyer khang.</p>",,MW1KG14665,,,,,
201,,207,"<p>
Mkhan po skal ldan tshe ring. 2000. <em>sde dge dgon chen dgon paʼi lo rgyus</em>.&nbsp;</p>",,MW29041,,,,,
202,,1036,"<p>
Mkhas dbang byams pa &#39;phrin las. 2000. <em>Bod gyi sman pa rim byon gyi rnam thar phyogs bsgrigs</em>. Pe cin: Mi rigs dpe skrun khang, pp. 224-225.</p>",,MW17722,,,,,
202,,106,"<p>
mkhas dbang byams pa ʼphrin las. <em>bod gyi sman pa rim byon gyi rnam thar phyogs bsgrigs</em>. Pe cin: mi rigs dpe skrun khang, p. 249.</p>",,MW17722,,,,,
203,,538,"<p>
mkhyen brtse&#39;i dbang po. <em>gsung &#39;bum mkhyen brtse&#39;i dbang po</em>. 24 vols. gangtok: gonpo tseten, 1977-1980, Vol. 18, p. 334.</p>",,MW21807,,,,,
203,,1131,"<p>
mkhyen brtse&#39;i dbang po. 1977-1980. <em>Gsung &#39;bum mkhyen brtse&#39;i dbang po</em>, vol. 18. Gangtok: Gonpo Tseten, p. 438.</p>",,MW21807,,,,,
203,,554,"<p>
Mkhyen brtseʼi dbang po. 1977-1980. <em>Gsung ʼbum mkhyen brtseʼi dbang po</em>, vol. 18, p. 320. Gangtok: Gonpo Tseten.&nbsp;</p>",,MW21807,,,,,
204,,1547,"<p>
Mullard, Saul. 2003. &quot;Brag dkar bkra shis sdings kyi sku &#39;bum: The Text, the Author, the Stupa and its Importance in the Formation of Religious Politics in Sikkim.&quot;&nbsp;<em>Bulletin of Tibetology</em>, vol. 39, no. 1, pp. 13&ndash;24.</p>",,,,,,,
204,,1144,"<p>
Mullard, Saul. 2003. &quot;Brag dkar bkra shis sdings kyi sku &#39;bum: The Text, the Author, the Stupa and its Importance in the Formation of Religious Politics in Sikkim.&quot;&nbsp;<em>Bulletin of Tibetology</em>, vol. 39, no. 1, pp. 13&ndash;24.</p>",,,,,,,
205,,1479,"<p>
Nashold, James. &quot;The DGe-lugs-pa Tradition of Tibetan Buddhism in the United States : A Portrait of Geshe Wangyal.&quot; <em>The Tibet Journal</em> 6, no. 1 (1981): 31-38.</p>",,,,,https://www.jstor.org/stable/43300006,,
206,,1176,"<p> Blo bzang chos ʼbyor. 2007. <em>Bod kyi dgon sde khag gcig gi ngo sprod mdor bsdus</em>. Par gzhi dang po, Mi rigs dpe skrun khang, p. 101.</p>",101,MW1KG4853,,,,,
207,,1253,"<p>
Ngag dbang blo bzang rgya mtsho, and Samten Gyaltsen Karmay. 2014. <em>The illusive play: the autobiography of the Fifth Dalai Lama</em>. Chicago: Serindia Publications, p. 66.</p>",,,,,http://www.worldcat.org/oclc/905200904,,
207,,1285,"<p>
Ngag dbang blo bzang rgya mtsho. 2014.<em> The Illusive Play: The Autobiography of the Fifth Dalai Lama</em>. Translated by Samten Gyaltsen Karmay. Chicago: Serindia Publications.</p>",,,,,http://www.worldcat.org/oclc/914153550,,
208,,1198,"<p>
Ngag dbang blo bzang rgya mtsho. 2009. &quot;gzhis ka snel pa dang / rgyal mkhar rtse pa/ &#39;ol kha pa sogs kyi skor/.&quot; In <em>gsung &#39;bum ngag dbang blo bzang rgya mtsho</em>. Beijing: krung go&#39;i bod rig pa dpe skrun khang. pp. 162 - 180.</p>",,MW1PD107937,,,,,
209,,41,"<p>
Nietupski, Paul Kocot. 2012. <em>Labrang Monastery: a Tibetan Buddhist Community on the Inner Asian Borderlands, 1709-1958</em>. Lanham: Lexington Books.&nbsp;</p>",,,,,http://www.worldcat.org/oclc/855502134,,
209,,1522,"<p>
Nietupski, Paul. 2011. <em>Labrang Monastery: a Tibetan Buddhist Community on the Inner Asian Borderlands, 1709-1958</em>. Lanham, MD: The Rowman &amp; Littlefield Publishing Group, p. 21.</p>",,,,,http://www.worldcat.org/oclc/778582649,,
209,,1523,"<p>
Nietupski, Paul. 2011. <em>Labrang Monastery: A Tibetan Buddhist Community on the Inner Asian Borderlands, 1709-1958</em>. Lanham, MD: The Rowman &amp; Littlefield Publishing Group, pp. 20-21.</p>",,,,,http://www.worldcat.org/oclc/778582649,,
209,,921,"<p>
Nietupski, Paul. 2011. <em>Labrang Monastery: A Tibetan Buddhist Community on the Inner Asian Borderlands, 1709-1958</em>. Lanham, MD: The Rowman &amp; Littlefield Publishing Group.</p>",,,,,http://www.worldcat.org/oclc/778582649,,
209,,922,"<p>
Nietupski, Paul. 2011.&nbsp;<em>Labrang Monastery: A Tibetan Buddhist Community on the Inner Asian Borderlands, 1709-1958</em>. Lanham, MD: The Rowman &amp; Littlefield Publishing Group, pp. 21.</p>",,,,,http://www.worldcat.org/oclc/778582649,,
209,,920,"<p>
Nietupski, Paul. 2011.&nbsp;<em>Labrang Monastery: a Tibetan Buddhist Community on the Inner Asian Borderlands</em>, 1709-1958. Lanham, MD: The Rowman &amp; Littlefield Publishing Group.</p>",,,,,http://www.worldcat.org/oclc/778582649,,
209,,923,"<p>
Nietupski, Paul. 2011.<em> Labrang Monastery: a Tibetan Buddhist Community on the Inner Asian Borderlands, 1709-1958</em>. Lanham, MD: The Rowman &amp; Littlefield Publishing Group, pp. 19-20.</p>",,,,,http://www.worldcat.org/oclc/778582649,,
210,,188,"<p>
nor brang o rgyan, ed. 2014. <em>Paṇ chen sku phreng dang po nas sku phreng bzhi pa&#39;i bar gyi rnam thar</em>. Pe cin: Krung go&#39;i bod rig pa dpe skrun khang, p. 91.</p>",,MW2PD17394,,,,,
211,,945,"<p>
Nyag ras se ba. 2008. <em>Grub thob nyag re se bo&#39;i skyes rabs rnam thar ma &#39;ong lung bstan zhal chems nyams mgur</em>. Dharamsala: &#39;Gro phan gtsug lag dpe skrun khang dang / a myes rma chen bod kyi rig gzhung zhib &#39;jug khang.</p>",,MW1KG14815,,,,,
212,,567,"<p>
O rgyan brtson &#39;grus. 1999.&nbsp;<em>Dar thang dgon pa&#39;i gdan rabs / Gsang chen snga &#39;gyur bstan pa&#39;i mnga bdag rgyal dbang dpal yul ba&#39;i chos sde chen po dar thang mdo sngags bshad sgrub chos &#39;khor dar rgyas gling gi gdan rabs kyi byung ba gsal bar brjod pa dri med gser gyi &#39;phreng mdzes gzur gnas mkhas kun dgyes pa&#39;i mgul rgyan</em>. Chengdu: Si khron mi rigs dpe skrun khang.</p>",,MWA20028,,,,,
213,,1458,"<p>
Pacheco,&nbsp;Ana. 2016. A History of Spirituality in Santa Fe: The City of Holy Faith.&nbsp;United States:&nbsp;Arcadia Publishing Incorporated.</p>",,,,,http://www.worldcat.org/oclc/950613449,,
214,,997,"<p>
padma dkar po. 1973-1974. gsung &#39;bum pad+ma dkar po. Darjeeling: kargyud sungrab nyamso khang, Vol. 3, p. 224.</p>",,MW10736,,,,,
215,,688,"<p>
Pearcey, Adam. 2015. &quot;The Curricula of Tibetan Buddhist Commentarial Schools (bshad grwa): Traditional Models and Some Recent Adaptations&quot;, <em>Contemporary Buddhism</em>, 16:2, 451-461, DOI: <a href=""http://10.1080/14639947.2015.1026151"">10.1080/14639947.2015.1026151</a></p>",,,,,10.1080/14639947.2015.1026151,,
216,,156,"<p>
Per nyi ma ʼdzin. 2007.<em> dgon lung byams pa gling gi gdan rabs zur rgyan gʹyas ʼkhyil dung gi sgra dbyangs.</em></p>",,MW4CZ315253,,,,,
217,,845,"<p>
Petech, Luciano. 1973. <em>Aristocracy and government in Tibet, 1728-1959</em>. Roma: Istituto italiano per il Medio ed Estremo Oriente, pp. 32-39.</p>",,,,,http://www.worldcat.org/oclc/901625,,
217,,1495,"<p>
Petech, Luciano. 1973. <em>Aristocracy and Government in Tibet</em>. Leiden: Brill, pp. 159-185</p>",,,,,,,
217,,843,"<p>
Petech, Luciano. 1973. Aristocracy and government in Tibet, 1728-1959. Roma: Istituto italiano per il Medio ed Estremo Oriente, p. 91.&nbsp;</p>",,,,,http://www.worldcat.org/oclc/901625,,
218,,1066,"<p>
Phuntsho, Karma. 2013. <em>The History of Bhutan</em>. London: Random House India.</p>",,,,,http://www.worldcat.org/oclc/900285495,,
218,,387,"<p>
Phuntsho, Karma. 2013. <em>The History of Bhutan</em>. London: Random House India.</p>",,,,,http://www.worldcat.org/oclc/900285495,,
218,,393,"<p>
Phuntsho, Karma. 2013. <em>The History of Bhutan</em>. London: Random House India.</p>",,,,,http://www.worldcat.org/oclc/900285495,,
218,,1162,"<p>
Phuntsho, Karma. 2013.&nbsp;<em>The History of Bhutan</em>. London: Random House India.</p>",,,,,http://www.worldcat.org/oclc/900285495,,
218,,1270,"<p>
Phuntsho, Karma. 2013.<em> The History of Bhutan</em>. London: Random House India.</p>",,,,,http://www.worldcat.org/oclc/900285495,,
219,,1453,"<p>
Placzek, James, and Larry DeVries. 2006. &quot;Buddhism in British Columbia.&quot; In Bruce Matthews,&nbsp;<em>Buddhism in Canada&nbsp;</em>(pp. 1-29). London: Routledge.</p>",,,,,http://www.worldcat.org/oclc/70846056,,
219,,1452,"<p>
Placzek, James, and Larry DeVries. 2006. &quot;Buddhism in British Columbia.&quot; In Bruce Matthews,&nbsp;<em>Buddhism in Canada</em> (pp. 1-29). London: Routledge.</p>",,,,,http://www.worldcat.org/oclc/70846056,,
220,,1372,"<p>
Punya Prasad Parajuli. &quot;Vanaratna and His Activities in Nepal in Fifteenth-Century Nepal.&quot; In <em>Himalayan Passages: Tibetan and Newari Studies in Honor of Hubert Declee</em>r. Boston: Wisdom, p. 293.</p>",,,,,,,
221,,1419,"<p>
Quentin Devers, Laurianne Bruneau and Martin Vernier, &laquo; An archaeological survey of the Nubra Region (Ladakh, Jammu and Kashmir, India) &raquo;, &Eacute;tudes mongoles et sib&eacute;riennes, centrasiatiques et tib&eacute;taines [Online], 46 | 2015, Online since 10 September 2015, connection on 07 August 2020. URL : <a href=""http://journals.openedition.org/emscat/2647"">http://journals.openedition.org/emscat/2647</a> ; DOI : https://doi.org/10.4000/emscat.2647</p>",,,,,,,
221,,1418,"<p>
Quentin Devers, Laurianne Bruneau and Martin Vernier. &quot;An archaeological survey of the Nubra Region (Ladakh, Jammu and Kashmir, India) &quot;. <em>&Eacute;tudes mongoles et sib&eacute;riennes, centrasiatiques et tib&eacute;taines</em>, 46 | 2015.URL : <a href=""http://journals.openedition.org/emscat/2647"">http://journals.openedition.org/emscat/2647</a></p>",,,,,https://doi.org/10.4000/emscat.2647,,
221,,1417,"<p>
Quentin Devers, Laurianne Bruneau and Martin Vernier. &quot;An archaeological survey of the Nubra Region (Ladakh, Jammu and Kashmir, India)&quot;.&nbsp;<em>&Eacute;tudes mongoles et sib&eacute;riennes, centrasiatiques et tib&eacute;taines</em>, 46 | 2015.&nbsp;<a href=""http://journals.openedition.org/emscat/2647"">http://journals.openedition.org/emscat/2647</a></p>",,,,,https://doi.org/10.4000/emscat.2647,,
222,,1543,"<p>
R&ouml;mer, Stephanie. 2008. <em>The Tibetan Government-in-Exile: Politics at Large</em>. Taylor &amp; Francis.</p>",,,,,http://www.worldcat.org/oclc/645776383,,
223,,1331,"<p>
Rajani, M. B, and Viraj Kumar. &ldquo;Where Was Odantapuri Located?: Archaeological Evidence Using Remote Sensing, GIS and Photogrammetry.&rdquo; <em>Resonance</em> 26, no. 9 (2021): 1287&ndash;1304.</p>",,,,,https://www.ias.ac.in/article/fulltext/reso/026/09/1287-1304,,
224,,956,"<p>
Rgyal rong pa brag bar dpal ldan. <em>Bod rgyal mo rong gi lo rgyus rab gsal me long</em>. &#39;Bar Khams: Krung go mi dmangs chab srid gros mol tshogs &#39;du &#39;bar khams rdzong u yon lhan khang, p. 333.</p>",,MW1GS66375,,,,,
225,,426,"<p>
ri dbang bstan &#39;dzin. 2002.<em> bod ljongs nags shod &#39;bri ru&#39;i lo rgyus rab rim sA la&#39;i ljon shing</em>. Lha sa: bod ljongs mi dmangs dpe skrun khang, p. 264, 418</p>",,MW23671,,,,,
226,,1547,"<p>
Ridgzin Ngodub Dokhampa. 2003. &quot;Origins of the Bumchu (bum chu) of Drakar Tashiding (Brag dkar bkra shis sdings).&quot;&nbsp;<em>Bulletin of Tibetology</em>, vol. 39, no. 1, pp. 25&ndash;30.</p>",,,,,,,
226,,1144,"<p>
Ridgzin Ngodub Dokhampa. 2003. &quot;Origins of the Bumchu (bum chu) of Drakar Tashiding (Brag dkar bkra shis sdings).&quot;&nbsp;<em>Bulletin of Tibetology</em>, vol. 39, no. 1, pp. 25&ndash;30.</p>",,,,,,,
227,,1460,"<p>
Seegers, Eva. &quot;The Innovative Stūpa Project in Andalusia, Spain: A Discussion on Visual Representations of Tibetan Buddhist Art in Europe.&quot; <em>Diskus</em> 17, no. 3 (2015): 18-39.</p>",18-39,,,,https://doi.org/10.18792/diskus.v17i3.78,,
228,,62,"<p>
Shastri, Lobsang. 2007. The Transmission of Buddhist Canonical Literature in Tibet.&nbsp;<em>The Tibet Journal</em>, 32(3), 23-47.</p>",,,,,https://www.jstor.org/stable/43301010,,
229,,1513,"<p>
Singh, Harischandra Lal. 2006. <em>A Brief Encyclopaedia of Buddhism in Nepal</em>. Nepal: Ratna Pustak Bhandar.</p>",,,,,http://www.worldcat.org/oclc/1074162701,,
230,,1266,"<p>
Skorupski, Tadeusz. &quot;Tibetan G-Yung-Drung Bon Monastery in India.&quot; <em>The Tibet Journal</em> 11, no. 2 (1986): 36-49.</p>",,,,,https://www.jstor.org/stable/43300203,,
231,,1481,"<p>
Skya rengs dpa&#39; lo, 2000. <em>Yun nan bde chen khul du nang bstan dar tshul che long tsam brjod pa</em>. Xining: Mtsho sngon mi rigs dge &#39;os ched sbyor slob grwa, p. 20.</p>",20,,,,,,
231,,1482,"<p>
Skya rengs dpa&#39; lo, 2000. <em>Yun nan bde chen khul du nang bstan dar tshul che long tsam brjod pa</em>. Xining: Mtsho sngon mi rigs dge &#39;os ched sbyor slob grwa, p. 21.</p>",21,,,,,,
232,,1354,"<p>
Subba, J.R. 2008. <em>History, Culture and Customs of Sikkim</em>. New Delhi: Gyan Publishing House, p. 48.</p>",48,,,,http://www.worldcat.org/oclc/1137195450,,
233,,1557,"<p>
Travers, Alice. &quot;Between private and public initiatives? Private schools in pre-1951 Tibet.&quot; <em>HIMALAYA, the Journal of the Association for Nepal and Himalayan Studies</em> 35, no. 2 (2016): 30.</p>",,,,,https://digitalcommons.macalester.edu/himalaya/vol35/iss2/30/,,
234,,1140,"<p>
Tuttle, Gray. &ldquo;Tibetan Buddhism at Wutai Shan in the Qing: The Chinese-language Register.&rdquo; <em>Journal of the International Association of Tibetan Studies</em>, no. 6 (October 2011): 163-214.</p>",,,,,http://www.thlib.org/collections/texts/jiats/#!jiats=/06/tuttle,,
235,,515,"<p>
Valentine, J. H. 2018. The Great Perfection in the Early Biographies of the Northern Treasure Tradition: An Introduction to and Translation of The Life of Nam mkha&rsquo;rgyal mtshan. <em>Revue d&#39;Etudes Tib&eacute;taines</em>, no.43, pp. 95-133.</p>",95-133,,,,http://himalaya.socanth.cam.ac.uk/collections/journals/ret/pdf/ret_43.pdf#page=95,,
236,,1547,"<p>
Vandenhelsken, M&eacute;lanie, and Hissey Wongchuk. 2006. Tibetan Masters and the Formation of the Sacred Site of Tashiding. Bulletin of Tibetology, vol. 42, no. 1-2, pp. 65&ndash;92.</p>",,,,,,,
236,,1144,"<p>
Vandenhelsken, M&eacute;lenie, and Hissey Wongchuk. &quot;Tibetan Masters and the formation of the sacred site of Tashiding.&quot;&nbsp;<em>Bulletin of Tibetology</em>&nbsp;42, no. 1 (2006): 65-90.</p>",,,,,http://himalaya.socanth.cam.ac.uk/collections/journals/bot/pdf/bot_2006_01-02_05.pdf,,
237,,1256,"<p>
Wangdi, S. 2004. &quot;Myth, Legend and History Surrounding Dungsam&quot;.<em> Journal Of Bhutan Studies</em>, 2004, 17-39.</p>",,,,,https://www.repository.cam.ac.uk/handle/1810/227032,,
238,,289,"<p>
Willock, Nicole. &quot;The Revival of the Tulku Institution in Modern China: Narratives and Practices.&quot;<em> Revue d&#39;Etudes Tib&eacute;taines</em> 38 (2017).</p>",,,,,https://digitalcommons.odu.edu/cgi/viewcontent.cgi?article=1055&context=philosophy_fac_pubs,,
239,,1402,"<p> Gamble, Ruth. 2018. <em>Reincarnation in Tibetan Buddhism</em>. The Third Karmapa and the Invention of a Tradition. Kettering: Oxford University Press, p. 112.</p>",112,,,,,,
240,,1049,"<p>Bělka, Lubo&scaron;. 1994. &ldquo;The restoration of Buryat Buddhism: some notes about monasteries.&rdquo;&nbsp;<em>Religio</em>&nbsp;2 (1): 92-106</p>",,,,,https://digilib.phil.muni.cz/node/7004,,
240,,1413,"<p>Bělka, Lubo&scaron;. 1994. &ldquo;The restoration of Buryat Buddhism: some notes about monasteries.&rdquo;&nbsp;<em>Religio</em>&nbsp;2 (1): 92-106</p>",,,,,https://digilib.phil.muni.cz/node/7004,,
241,,1356,"<p>Tsumagari, Shin&#39;ichi (津曲真一). &quot;Bashey with supplement: A Critical Edition of the Tibetan Text and an Annotated Translation (4).&quot;&nbsp;<em>東京大学宗教学年報</em>&nbsp;30 (2012): 193-210.</p>",,,,,https://repository.dl.itc.u-tokyo.ac.jp/records/30434,,
242,,374,"<p>Yangdon Dhondup, &ldquo;Reb kong: Religion, History and Identity of a Sino-Tibetan borderland town &rdquo;, <em>Revue d&rsquo;Etudes Tibétaines</em>, no. 20, Avril 2011, pp. 33-59.&nbsp;</p>",33-59,,,,https://himalaya.socanth.cam.ac.uk/collections/journals/ret/pdf/ret_20_02.pdf,,
,,1640,"<p>
https://www.chagdudgonpa.org/centers/ati-ling</p>",,,,,,,
,,1641,"<p>
https://www.chagdudgonpa.org/centers/rigdzin-ling</p>",,,,,,,
,,1578,"<p>
Tibet Heritage Fund Labu Stupa Project</p>",,,,,https://www.tibetheritagefund.org/page/?r=115,,
,,1354,"<p>
Website of the Namgyal Institute of Tibetology.</p>",,,,,https://tibetology.net/,,
,,1338,<p><em>A Brief History of Kyodrak Monastery</em>. Tib Shelf.</p>,,,,,https://www.tibshelf.org/kyodrak-monastery,,
,,1374,"<p>St. Joseph's School, North Point</p>",,,,,https://www.sjcnorthpoint.com/index.php,,
,,,Khordong History: A Brief History Of Khordhon Monastery,,,,,,,