TOL Source ID,Source,TOL Source Instance,TOL Source location ID,PLACE ID,Source Display,Pages,BDRC ID,VIAF ID,OCLC ID,IRI,url other
1,Zla ba'i 'od zer. 2006. Khams stod dge rgyas nag tshang dgon sde'i byung rabs kyi lo rgyus mes po'i rjes dran. Dge rgyal: dge rgyal nag tshang sde pa'i mes po'i rjes dran tshogs pa spel.,1_522,,522,"<p>
Zla ba&#39;i &#39;od zer. 2006. <em>Khams stod dge rgyas nag tshang dgon sde&#39;i byung rabs kyi lo rgyus mes po&#39;i rjes dran</em>. Dge rgyal: dge rgyal nag tshang sde pa&#39;i mes po&#39;i rjes dran tshogs pa spel.</p>",,MW00EGS1016717,,,,
2,Dzam thang tshe ring bsam grub. 2007. Dzam lha'i me long. Par gzhi dang po. Khreng tu'u: Si khron dpe skrun tshogs pa si khron mi rigs dpe skrun khang.,2_977,2_131-133,977,"<p>&ldquo;g.yu thog rnam rgyal gling.&rdquo; In <em>Dzam lha'i me long</em>, 2007, p. 131&ndash;33. Khreng Tu&rsquo;u: Si khron dpe skrun tshogs pa si khron mi rigs dpe skrun khang.</p>",131-133,MW00KG07610,,,,
3,Lha rnam rgyal rgya mtsho. 1999. lha rgya ri gdung rabs. New Delhi: Paljor Publications,3_1075,3_16-21,1075,"<p>
Lha rnam rgyal rgya mtsho. 1999. <em>lha rgya ri gdung rabs</em>. New Delhi: Paljor Publications, pp. 16-21.</p>",16-21,MW00KG09731,,,,
3,Lha rnam rgyal rgya mtsho. 1999. lha rgya ri gdung rabs. New Delhi: Paljor Publications,3_424,3_20-21,424,"<p>
Lha rnam rgyal rgya mtsho. 1999.&nbsp;<em>lha rgya ri gdung rabs</em>. New Delhi: Paljor Publications, pp. 20-21.</p>",20-21,MW00KG09731,,,,
3,Lha rnam rgyal rgya mtsho. 1999. lha rgya ri gdung rabs. New Delhi: Paljor Publications,3_1077,3_20-21,1077,"<p>
Lha rnam rgyal rgya mtsho. 1999.<em> lha rgya ri gdung rabs</em>. New Delhi: Paljor Publications, pp. 20-21.</p>",20-21,MW00KG09731,,,,
4,Lha rnam rgyal rgya mtsho. 1999. lha rgya ri gdung rabs. New Delhi: Paljor Publications,4_1488,4_45,1488,"<p>Ldan ma &#39;jam dbyangs tshul khrims. 1995-1997. <em>Khams stod kyi lo rgyus thor bsdus su bkod pa gangs phrug bsu ba&#39;i shing rta.&nbsp;</em>Lanzhou: Kan su&#39;u mi rigs dpe skrun khang, p. 45.</p>",45,MW18134,,,,
4,Lha rnam rgyal rgya mtsho. 1999. lha rgya ri gdung rabs. New Delhi: Paljor Publications,4_1489,4_45,1489,"<p>Ldan ma &#39;jam dbyangs tshul khrims. 1995-1997. <em>Khams stod kyi lo rgyus thor bsdus su bkod pa gangs phrug bsu ba&#39;i shing rta.&nbsp;</em>Lanzhou: Kan su&#39;u mi rigs dpe skrun khang, p. 45.</p>",45,MW18134,,,,
4,Lha rnam rgyal rgya mtsho. 1999. lha rgya ri gdung rabs. New Delhi: Paljor Publications,4_1498,4_45,1498,"<p>Ldan ma &#39;jam dbyangs tshul khrims. 1995-1997. <em>Khams stod kyi lo rgyus thor bsdus su bkod pa gangs phrug bsu ba&#39;i shing rta.&nbsp;</em>Lanzhou: Kan su&#39;u mi rigs dpe skrun khang, p. 45.</p>",45,MW18134,,,,
4,Lha rnam rgyal rgya mtsho. 1999. lha rgya ri gdung rabs. New Delhi: Paljor Publications,4_1516,4_47,1516,"<p>Ldan ma &#39;jam dbyangs tshul khrims. 1995-1997. <em>Khams stod kyi lo rgyus thor bsdus su bkod pa gangs phrug bsu ba&#39;i shing rta.&nbsp;</em>Lanzhou: Kan su&#39;u mi rigs dpe skrun khang, p. 47.</p>",47,MW18134,,,,
4,Lha rnam rgyal rgya mtsho. 1999. lha rgya ri gdung rabs. New Delhi: Paljor Publications,4_1002,4_47,1002,"<p>Ldan ma &#39;jam dbyangs tshul khrims. 1995-1997. <em>Khams stod kyi lo rgyus thor bsdus su bkod pa gangs phrug bsu ba&#39;i shing rta.&nbsp;</em>Lanzhou: Kan su&#39;u mi rigs dpe skrun khang, p. 47.</p>",47,MW18134,,,,
5,"Chab spel tshe brtan phun tshogs, mi 'gyur rdo rje. 1991. bod kyi gal che'i lo rgyus yig cha bdams bsgrigs. lha sa: bod ljongs mi dmangs dpe skrun khang, p. 367.",5_219,5_367,219,"<p>Chab spel tshe brtan phun tshogs, mi &#39;gyur rdo rje. 1991.&nbsp;<em>bod kyi gal che&#39;i lo rgyus yig cha bdams bsgrigs</em>. lha sa: bod ljongs mi dmangs dpe skrun khang, p. 367.</p>",367,MW19220,,,,
6,Brug rje mkhan po 69 dge 'dun rin chen. 1976. lho 'brug chos 'byung. Bhutan: Nges don zung 'jug grub pa'i dga' tshal.,6_390,6_147,390,"<p>Brug rje mkhan po 69 dge &#39;dun rin chen. 1976.<em> lho &#39;brug chos &#39;byung</em>. Bhutan: Nges don zung &#39;jug grub pa&#39;i dga&#39; tshal, p. 147.</p>",147,MW19809,,,,
7,Grong khyer lha sa'i lo rgyus rig gnas. 2000. Vol. 9. Snye mo rdzong. Lha sa: Lha sa grong khyer khul,7_1520,7_42,1520,"<p><em>Lha sa grong khyer lha sa srid gros lo rgyus rig gnas dpyad yig rgyu cha rtsom &#39;bri u yon lhan khang</em>, 2000, p. 42.</p>",42,MW19856,,,,
7,Grong khyer lha sa'i lo rgyus rig gnas. 2000. Vol. 9. Snye mo rdzong. Lha sa: Lha sa grong khyer khul,7_1515,7_44-45,1515,"<p><em>Lha sa grong khyer lha sa srid gros lo rgyus rig gnas dpyad yig rgyu cha rtsom &#39;bri u yon lhan khang</em>, 2000, pp. 44-45.</p>",44-45,MW19856,,,,
8,"Reb gong pa 'jigs med bsam grub, ed. 1995. Dkar mdzes khul gyi dgon sde so so'i lo rgyus gsal bar bshad pa. 3 vols. Pe cin: Krung go'i bod kyi shes rig dpe skrun khang.",8_1318,8_141,1318,"<p>&#39;Jigs med bsam grub, ed. 1995. <em>dkar mdzes khul gyi dgon sde so so&#39;i lo rgyus gsal bar bshad pa</em>. TBRC W19997. 3 vols. pe cin: krung go&#39;i bod kyi shes rig dpe skrun khang, vol. 1, p. 141.</p>",141,MW19997,,,,
8,"Reb gong pa 'jigs med bsam grub, ed. 1995. Dkar mdzes khul gyi dgon sde so so'i lo rgyus gsal bar bshad pa. 3 vols. Pe cin: Krung go'i bod kyi shes rig dpe skrun khang.",8_1242,8_198,1242,"<p>&#39;Jigs med bsam grub, ed. 1995. <em>dKar mdzes khul gyi dgon sde so so'i lo rgyus gsal bar bshad pa</em>, Vol. 1. 1995. Reb gong pa 'jigs med bsam grub, ed. Pe cin: Krung go'i bod kyi shes rig dpe skrun khang, p. 198.&nbsp;</p>",198,MW19997,,,,
8,"Reb gong pa 'jigs med bsam grub, ed. 1995. Dkar mdzes khul gyi dgon sde so so'i lo rgyus gsal bar bshad pa. 3 vols. Pe cin: Krung go'i bod kyi shes rig dpe skrun khang.",8_1277,8_252,1277,"<p>&#39;Jigs med bsam grub, ed. 1995. <em>dkar mdzes khul gyi dgon sde so so'i lo rgyus gsal bar bshad pa</em>, Vol. 1. 1995. Reb gong pa 'jigs med bsam grub, ed. Pe cin: Krung go'i bod kyi shes rig dpe skrun khang, p. 252.&nbsp;</p>",252,MW19997,,,,
8,"Reb gong pa 'jigs med bsam grub, ed. 1995. Dkar mdzes khul gyi dgon sde so so'i lo rgyus gsal bar bshad pa. 3 vols. Pe cin: Krung go'i bod kyi shes rig dpe skrun khang.",8_1250,8_274,1250,"<p>&#39;Jigs med bsam grub, ed. 1995. <em>dkar mdzes khul gyi dgon sde so so&#39;i lo rgyus gsal bar bshad pa,</em> Vol. 2. Reb gong pa &#39;jigs med bsam grub, ed. Pe cin: Krung go&#39;i bod kyi shes rig dpe skrun khang, p. 274.</p>",274,MW19997,,,,
8,"Reb gong pa 'jigs med bsam grub, ed. 1995. Dkar mdzes khul gyi dgon sde so so'i lo rgyus gsal bar bshad pa. 3 vols. Pe cin: Krung go'i bod kyi shes rig dpe skrun khang.",8_1224,8_299,1224,"<p>&#39;Jigs med bsam grub, ed. 1995. <em>dKar mdzes khul gyi dgon sde so so'i lo rgyus gsal bar bshad pa</em>, Vol. 1. 1995. Reb gong pa 'jigs med bsam grub, ed. Pe cin: Krung go'i bod kyi shes rig dpe skrun khang, p. 299.</p>",299,MW19997,,,,
8,"Reb gong pa 'jigs med bsam grub, ed. 1995. Dkar mdzes khul gyi dgon sde so so'i lo rgyus gsal bar bshad pa. 3 vols. Pe cin: Krung go'i bod kyi shes rig dpe skrun khang.",8_449,8_302,449,"<p>&#39;Jigs med bsam grub, ed. 1995. <em>dKar mdzes khul gyi dgon sde so so'i lo rgyus gsal bar bshad pa</em>, Vol. 1. 1995. Reb gong pa 'jigs med bsam grub, ed. Pe cin: Krung go'i bod kyi shes rig dpe skrun khang, p. 302.</p>",302,MW19997,,,,
8,"Reb gong pa 'jigs med bsam grub, ed. 1995. Dkar mdzes khul gyi dgon sde so so'i lo rgyus gsal bar bshad pa. 3 vols. Pe cin: Krung go'i bod kyi shes rig dpe skrun khang.",8_518,8_309,518,"<p>&#39;Jigs med bsam grub, ed. 1995. <em>dkar mdzes khul gyi dgon sde so so'i lo rgyus gsal bar bshad pa</em>, Vol. 1. 1995. Reb gong pa 'jigs med bsam grub, ed. Pe cin: Krung go'i bod kyi shes rig dpe skrun khang, p. 309.</p>",309,MW19997,,,,
8,"Reb gong pa 'jigs med bsam grub, ed. 1995. Dkar mdzes khul gyi dgon sde so so'i lo rgyus gsal bar bshad pa. 3 vols. Pe cin: Krung go'i bod kyi shes rig dpe skrun khang.",8_1316,8_423,1316,"<p>&#39;Jigs med bsam grub, ed. 1995. <em>dkar mdzes khul gyi dgon sde so so&#39;i lo rgyus gsal bar bshad pa/</em> Volume 3, p. 423.</p>",423,MW19997,,,,
8,"Reb gong pa 'jigs med bsam grub, ed. 1995. Dkar mdzes khul gyi dgon sde so so'i lo rgyus gsal bar bshad pa. 3 vols. Pe cin: Krung go'i bod kyi shes rig dpe skrun khang.",8_1183,8_445,1183,"<p>&#39;Jigs med bsam grub, ed. 1995. <em>dkar mdzes khul gyi dgon sde so so'i lo rgyus gsal bar bshad pa</em>, Vol. 1. 1995. Reb gong pa 'jigs med bsam grub, ed. Pe cin: Krung go'i bod kyi shes rig dpe skrun khang, p. 445.</p>",445,MW19997,,,,
8,"Reb gong pa 'jigs med bsam grub, ed. 1995. Dkar mdzes khul gyi dgon sde so so'i lo rgyus gsal bar bshad pa. 3 vols. Pe cin: Krung go'i bod kyi shes rig dpe skrun khang.",8_1337,8_449,1337,"<p>&#39;Jigs med bsam grub, ed. 1995. <em>dkar mdzes khul gyi dgon sde so so'i lo rgyus gsal bar bshad pa</em>, Vol. 1. 1995. Reb gong pa 'jigs med bsam grub, ed. Pe cin: Krung go'i bod kyi shes rig dpe skrun khang, p. 449.</p>",449,MW19997,,,,
8,"Reb gong pa 'jigs med bsam grub, ed. 1995. Dkar mdzes khul gyi dgon sde so so'i lo rgyus gsal bar bshad pa. 3 vols. Pe cin: Krung go'i bod kyi shes rig dpe skrun khang.",8_280,8_451,280,"<p>&#39;Jigs med bsam grub, ed. 1995. <em>dkar mdzes khul gyi dgon sde so so'i lo rgyus gsal bar bshad pa</em>, Vol. 1. 1995. Reb gong pa 'jigs med bsam grub, ed. Pe cin: Krung go'i bod kyi shes rig dpe skrun khang, p. 451.</p>",451,MW19997,,,,
8,"Reb gong pa 'jigs med bsam grub, ed. 1995. Dkar mdzes khul gyi dgon sde so so'i lo rgyus gsal bar bshad pa. 3 vols. Pe cin: Krung go'i bod kyi shes rig dpe skrun khang.",8_1238,8_455,1238,"<p>&#39;Jigs med bsam grub, ed. 1995. <em>dkar mdzes khul gyi dgon sde so so'i lo rgyus gsal bar bshad pa</em>, Vol. 1. 1995. Reb gong pa 'jigs med bsam grub, ed. Pe cin: Krung go'i bod kyi shes rig dpe skrun khang, p. 455.</p>",455,MW19997,,,,
8,"Reb gong pa 'jigs med bsam grub, ed. 1995. Dkar mdzes khul gyi dgon sde so so'i lo rgyus gsal bar bshad pa. 3 vols. Pe cin: Krung go'i bod kyi shes rig dpe skrun khang.",8_1491,8_464,1491,"<p>&#39;Jigs med bsam grub, ed. 1995. <em>&#39;Gu zi dgon gyi lo rgyus</em>. In <em>Dkar mdzes khul gyi dgon sde so so&#39;i lo rgyus gsal bar bshad pa</em>, p. 464. Beijing: Krung go&#39;i bod kyi shes rig dpe skrun khang.</p>",464,MW19997,,,,
8,"Reb gong pa 'jigs med bsam grub, ed. 1995. Dkar mdzes khul gyi dgon sde so so'i lo rgyus gsal bar bshad pa. 3 vols. Pe cin: Krung go'i bod kyi shes rig dpe skrun khang.",8_1104,8_486,1104,"<p>&#39;Jigs med bsam grub, ed. 1995. <em>dkar mdzes khul gyi dgon sde so so'i lo rgyus gsal bar bshad pa</em>, Vol. 1. 1995. Reb gong pa 'jigs med bsam grub, ed. Pe cin: Krung go'i bod kyi shes rig dpe skrun khang, p. 486.</p>",486,MW19997,,,,
8,"Reb gong pa 'jigs med bsam grub, ed. 1995. Dkar mdzes khul gyi dgon sde so so'i lo rgyus gsal bar bshad pa. 3 vols. Pe cin: Krung go'i bod kyi shes rig dpe skrun khang.",8_955,8_526,955,"<p>&#39;Jigs med bsam grub, ed. 1995. <em>dkar mdzes khul gyi dgon sde so so'i lo rgyus gsal bar bshad pa</em>, Vol. 1. 1995. Reb gong pa 'jigs med bsam grub, ed. Pe cin: Krung go'i bod kyi shes rig dpe skrun khang, p. 526.</p>",526,MW19997,,,,
8,"Reb gong pa 'jigs med bsam grub, ed. 1995. Dkar mdzes khul gyi dgon sde so so'i lo rgyus gsal bar bshad pa. 3 vols. Pe cin: Krung go'i bod kyi shes rig dpe skrun khang.",8_432,8_545,432,"<p>&#39;Jigs med bsam grub, ed. 1995. <em>dkar mdzes khul gyi dgon sde so so'i lo rgyus gsal bar bshad pa</em>, Vol. 1. 1995. Reb gong pa 'jigs med bsam grub, ed. Pe cin: Krung go'i bod kyi shes rig dpe skrun khang, p. 545.</p>",545,MW19997,,,,
8,"Reb gong pa 'jigs med bsam grub, ed. 1995. Dkar mdzes khul gyi dgon sde so so'i lo rgyus gsal bar bshad pa. 3 vols. Pe cin: Krung go'i bod kyi shes rig dpe skrun khang.",8_1450,8_577,1450,"<p>&#39;Jigs med bsam grub, ed. 1995. <em>Dkar mdzes khul gyi dgon sde so so&#39;i lo rgyus gsal bar bshad pa</em>. Beijing: Krung go&#39;i bod kyi shes rig dpe skrun khang, vol. 1, p. 577.</p>",577,MW19997,,,,
8,"Reb gong pa 'jigs med bsam grub, ed. 1995. Dkar mdzes khul gyi dgon sde so so'i lo rgyus gsal bar bshad pa. 3 vols. Pe cin: Krung go'i bod kyi shes rig dpe skrun khang.",8_1216,8_594,1216,"<p>&#39;Jigs med bsam grub, ed. 1995. <em>dkar mdzes khul gyi dgon sde so so'i lo rgyus gsal bar bshad pa</em>, Vol. 1. 1995. Reb gong pa 'jigs med bsam grub, ed. Pe cin: Krung go'i bod kyi shes rig dpe skrun khang, p. 594.</p>",594,MW19997,,,,
8,"Reb gong pa 'jigs med bsam grub, ed. 1995. Dkar mdzes khul gyi dgon sde so so'i lo rgyus gsal bar bshad pa. 3 vols. Pe cin: Krung go'i bod kyi shes rig dpe skrun khang.",8_145,8_604,145,"<p>&#39;Jigs med bsam grub, ed. 1995. <em>dkar mdzes khul gyi dgon sde so so'i lo rgyus gsal bar bshad pa</em>, Vol. 1. 1995. Reb gong pa 'jigs med bsam grub, ed. Pe cin: Krung go'i bod kyi shes rig dpe skrun khang, p. 604.</p>",604,MW19997,,,,
8,"Reb gong pa 'jigs med bsam grub, ed. 1995. Dkar mdzes khul gyi dgon sde so so'i lo rgyus gsal bar bshad pa. 3 vols. Pe cin: Krung go'i bod kyi shes rig dpe skrun khang.",8_571,8_610,571,"<p>&#39;Jigs med bsam grub, ed. 1995. <em>dkar mdzes khul gyi dgon sde so so'i lo rgyus gsal bar bshad pa</em>, Vol. 1. 1995. Reb gong pa 'jigs med bsam grub, ed. Pe cin: Krung go'i bod kyi shes rig dpe skrun khang, p. 610.</p>",610,MW19997,,,,
8,"Reb gong pa 'jigs med bsam grub, ed. 1995. Dkar mdzes khul gyi dgon sde so so'i lo rgyus gsal bar bshad pa. 3 vols. Pe cin: Krung go'i bod kyi shes rig dpe skrun khang.",8_1199,8_634,1199,"<p>&#39;Jigs med bsam grub, ed. 1995. <em>dkar mdzes khul gyi dgon sde so so'i lo rgyus gsal bar bshad pa</em>, Vol. 1. 1995. Reb gong pa 'jigs med bsam grub, ed. Pe cin: Krung go'i bod kyi shes rig dpe skrun khang, p. 634.</p>",634,MW19997,,,,
8,"Reb gong pa 'jigs med bsam grub, ed. 1995. Dkar mdzes khul gyi dgon sde so so'i lo rgyus gsal bar bshad pa. 3 vols. Pe cin: Krung go'i bod kyi shes rig dpe skrun khang.",8_1556,8_9-11,1556,"<p>&#39;Jigs med bsam grub, ed. 1995. <p>Krung go&#39;i bod kyi shes rig zhib &#39;jug ste gnas.&nbsp;Brag Mkhar dgon pa&#39;i lo rgyus. In&nbsp;Khams <em>phyogs dkar mdzes khul gyi dgon sde so so&#39;i lo rgyus gsal bar bshad pa thub bstan gsal ba&#39;i me long</em>. Vol. 3, pp. 9-11. Beijing: Krung go&#39;i bod kyi shes rig dpe skrun khang, 1995.</p>",9-11,MW19997,,,,
8,"Reb gong pa 'jigs med bsam grub, ed. 1995. Dkar mdzes khul gyi dgon sde so so'i lo rgyus gsal bar bshad pa. 3 vols. Pe cin: Krung go'i bod kyi shes rig dpe skrun khang.",8_421,8_122-131,421,"<p>&#39;Jigs med bsam grub, ed. 1995. <em>dkar mdzes khul gyi dgon sde so so&#39;i lo rgyus gsal bar bshad pa</em>. 3 vols. pe cin: krung go&#39;i bod kyi shes rig dpe skrun khang, v. 1, pp. 122-131.</p>",122-131,MW19997,,,,
8,"Reb gong pa 'jigs med bsam grub, ed. 1995. Dkar mdzes khul gyi dgon sde so so'i lo rgyus gsal bar bshad pa. 3 vols. Pe cin: Krung go'i bod kyi shes rig dpe skrun khang.",8_43,8_140-147,43,"<p>&#39;Jigs med bsam grub, ed. 1995. p>1995. dkar mdzes khul gyi dgon sde so so'i lo rgyus gsal bar bshad pa</em>, vol. 1. Reb gong pa 'jigs med bsam grub, ed. Pe cin: Krung go'i bod kyi shes rig dpe skrun khang, pp. 140-147.</p>",140-147,MW19997,,,,
8,"Reb gong pa 'jigs med bsam grub, ed. 1995. Dkar mdzes khul gyi dgon sde so so'i lo rgyus gsal bar bshad pa. 3 vols. Pe cin: Krung go'i bod kyi shes rig dpe skrun khang.",8_1630,8_163-168,1630,"<p>&#39;Jigs med bsam grub, ed. 1995. <em>Dkar mdzes khul gyi dgon sde so so'i lo rgyus gsal bar bshad pa</em>, Vol. 1. 1995. Reb gong pa 'jigs med bsam grub, ed. Pe cin: Krung go'i bod kyi shes rig dpe skrun khang, pp. 163-168.</p>",163-168,MW19997,,,,
8,"Reb gong pa 'jigs med bsam grub, ed. 1995. Dkar mdzes khul gyi dgon sde so so'i lo rgyus gsal bar bshad pa. 3 vols. Pe cin: Krung go'i bod kyi shes rig dpe skrun khang.",8_826,8_171-174,826,"<p>&#39;Jigs med bsam grub, ed. 1995. <em>dkar mdzes khul gyi dgon sde so so&#39;i lo rgyus gsal bar bshad pa</em>. pe cin: krung go&#39;i bod kyi shes rig dpe skrun khang, vol. 3, pp. 171-174.</p>",171-174,MW19997,,,,
8,"Reb gong pa 'jigs med bsam grub, ed. 1995. Dkar mdzes khul gyi dgon sde so so'i lo rgyus gsal bar bshad pa. 3 vols. Pe cin: Krung go'i bod kyi shes rig dpe skrun khang.",8_447,8_173-177,447,"<p>&#39;Jigs med bsam grub, ed. 1995. <em> Dkar mdzes khul gyi dgon sde so so'i lo rgyus gsal bar bshad pa</em>, Vol. 1. 1995. Reb gong pa 'jigs med bsam grub, ed. Pe cin: Krung go'i bod kyi shes rig dpe skrun khang, pp. 173-177.</p>",173-177,MW19997,,,,
8,"Reb gong pa 'jigs med bsam grub, ed. 1995. Dkar mdzes khul gyi dgon sde so so'i lo rgyus gsal bar bshad pa. 3 vols. Pe cin: Krung go'i bod kyi shes rig dpe skrun khang.",8_547,8_177-181,547,"<p>&#39;Jigs med bsam grub, ed. 1995. <em>dKar mdzes khul gyi dgon sde so so'i lo rgyus gsal bar bshad pa</em>, Vol. 1. 1995. Reb gong pa 'jigs med bsam grub, ed.&nbsp;Pe cin: Krung go'i bod kyi shes rig dpe skrun khang, pp. 177-181.</p>",177-181,MW19997,,,,
8,"Reb gong pa 'jigs med bsam grub, ed. 1995. Dkar mdzes khul gyi dgon sde so so'i lo rgyus gsal bar bshad pa. 3 vols. Pe cin: Krung go'i bod kyi shes rig dpe skrun khang.",8_1415,8_182-191,1415,"<p>&#39;Jigs med bsam grub, ed. 1995. <em>Ban rgan dgon pa (dkar mdzes rdzong)</em>. In <em>Dkar mdzes khul gyi dgon sde so so&#39;i lo rgyus gsal bar bshad pa</em>, vol. 1, pp. 182-191. Beijing: Krung go&#39;i bod kyi shes rig dpe skrun khang.</p>",182-191,MW19997,,,,
8,"Reb gong pa 'jigs med bsam grub, ed. 1995. Dkar mdzes khul gyi dgon sde so so'i lo rgyus gsal bar bshad pa. 3 vols. Pe cin: Krung go'i bod kyi shes rig dpe skrun khang.",8_1434,8_20-21,1434,"<p>&#39;Jigs med bsam grub, ed. 1995. <em>Dkar mdzes khul gyi dgon sde so so&#39;i lo rgyus gsal bar bshad pa</em>, vol. 3, pp. 20-21. Beijing: Krung go&#39;i bod kyi shes rig dpe skrun khang</p>",20-21,MW19997,,,,
8,"Reb gong pa 'jigs med bsam grub, ed. 1995. Dkar mdzes khul gyi dgon sde so so'i lo rgyus gsal bar bshad pa. 3 vols. Pe cin: Krung go'i bod kyi shes rig dpe skrun khang.",8_1743,8_293-297,1743,"<p>&#39;Jigs med bsam grub, ed. 1995. <em>Khams phyogs dkar mdzes khul gyi dgon sde so so&#39;i lo rgyus gsal bar bshad pa thub bstan gsal ba&#39;i me long</em>, vol. 3, pp. 293-297.</p>",293-297,MW19997,,,,
8,"Reb gong pa 'jigs med bsam grub, ed. 1995. Dkar mdzes khul gyi dgon sde so so'i lo rgyus gsal bar bshad pa. 3 vols. Pe cin: Krung go'i bod kyi shes rig dpe skrun khang.",8_1747,8_314-322,1747,"<p>&#39;Jigs med bsam grub, ed. 1995. nyag TAik+ka drug bstod dgon. In Dkar mdzes khul gyi dgon sde so so&#39;i lo rgyus gsal bar bshad pa, vol. 1, pp. 314-322. Beijing: Krung go&#39;i bod kyi shes rig dpe skrung khang.</p>",314-322,MW19997,,,,
8,"Reb gong pa 'jigs med bsam grub, ed. 1995. Dkar mdzes khul gyi dgon sde so so'i lo rgyus gsal bar bshad pa. 3 vols. Pe cin: Krung go'i bod kyi shes rig dpe skrun khang.",8_450,8_324-332,450,"<p>&#39;Jigs med bsam grub, ed. 1995. <em>Dkar mdzes khul gyi dgon sde so so'i lo rgyus gsal bar bshad pa</em>, Vol. 1. 1995. Reb gong pa 'jigs med bsam grub, ed. Pe cin: Krung go'i bod kyi shes rig dpe skrun khang, pp. 324-332.</p>",324-332,MW19997,,,,
8,"Reb gong pa 'jigs med bsam grub, ed. 1995. Dkar mdzes khul gyi dgon sde so so'i lo rgyus gsal bar bshad pa. 3 vols. Pe cin: Krung go'i bod kyi shes rig dpe skrun khang.",8_266,8_40-51,266,"<p>&#39;Jigs med bsam grub, ed. 1995. <em>Dar rgyas dgon gyi lo rgyus</em>. In <em>Khams phyogs dkar mdzes khul gyi dgon sde so so&#39;i lo rgyus gsal bar bshad pa</em>, vol. 1, pp. 40&ndash;51. Beijing: Krung go&#39;i bod kyi shes rig dpe skrun khang.</p>",40-51,MW19997,,,,
8,"Reb gong pa 'jigs med bsam grub, ed. 1995. Dkar mdzes khul gyi dgon sde so so'i lo rgyus gsal bar bshad pa. 3 vols. Pe cin: Krung go'i bod kyi shes rig dpe skrun khang.",8_1322,8_414-418,1322,"<p>&#39;Jigs med bsam grub, ed. 1995. <em>dkar mdzes khul gyi dgon sde so so&#39;i lo rgyus gsal bar bshad pa/</em>. TBRC W19997. 3 vols. pe cin: krung go&#39;i bod kyi shes rig dpe skrun khang, 1995, pp. 414-418.</p>",414-418,MW19997,,,,
8,"Reb gong pa 'jigs med bsam grub, ed. 1995. Dkar mdzes khul gyi dgon sde so so'i lo rgyus gsal bar bshad pa. 3 vols. Pe cin: Krung go'i bod kyi shes rig dpe skrun khang.",8_1404,8_456-458,1404,"<p>&#39;Jigs med bsam grub, ed. 1995. <em>Sga len dgon pa (sde dge rdzong)</em>. In <em>Dkar mdzes khul gyi dgon sde so so&#39;i lo rgyus gsal bar bshad pa</em>, vol. 1, pp. 456-458. Beijing: Krung go&#39;i bod kyi shes rig dpe skrun khang.</p>",456-458,MW19997,,,,
8,"Reb gong pa 'jigs med bsam grub, ed. 1995. Dkar mdzes khul gyi dgon sde so so'i lo rgyus gsal bar bshad pa. 3 vols. Pe cin: Krung go'i bod kyi shes rig dpe skrun khang.",8_282,8_466-471,282,"<p>&#39;Jigs med bsam grub, ed. 1995. <em>dkar mdzes khul gyi dgon sde so so'i lo rgyus gsal bar bshad pa</em>, Vol. 1. 1995. Reb gong pa 'jigs med bsam grub, ed. Pe cin: Krung go'i bod kyi shes rig dpe skrun khang, pp. 466-471.</p>",466-471,MW19997,,,,
8,"Reb gong pa 'jigs med bsam grub, ed. 1995. Dkar mdzes khul gyi dgon sde so so'i lo rgyus gsal bar bshad pa. 3 vols. Pe cin: Krung go'i bod kyi shes rig dpe skrun khang.",8_1056,8_512-517,1056,"<p>&#39;Jigs med bsam grub, ed. 1995. <em>dkar mdzes khul gyi dgon sde so so'i lo rgyus gsal bar bshad pa</em>, Vol. 1. 1995. Reb gong pa 'jigs med bsam grub, ed. Pe cin: Krung go'i bod kyi shes rig dpe skrun khang, pp. 512-517.</p>",512-517,MW19997,,,,
8,"Reb gong pa 'jigs med bsam grub, ed. 1995. Dkar mdzes khul gyi dgon sde so so'i lo rgyus gsal bar bshad pa. 3 vols. Pe cin: Krung go'i bod kyi shes rig dpe skrun khang.",8_1632,8_543-545,1632,"<p>&#39;Jigs med bsam grub, ed. 1995. <em>Dkar mdzes khul gyi dgon sde so so'i lo rgyus gsal bar bshad pa</em>, Vol. 1. 1995. Reb gong pa 'jigs med bsam grub, ed. Pe cin: Krung go'i bod kyi shes rig dpe skrun khang, pp. 543-545.</p>",543-545,MW19997,,,,
8,"Reb gong pa 'jigs med bsam grub, ed. 1995. Dkar mdzes khul gyi dgon sde so so'i lo rgyus gsal bar bshad pa. 3 vols. Pe cin: Krung go'i bod kyi shes rig dpe skrun khang.",8_1339,8_548-550,1339,"<p>&#39;Jigs med bsam grub, ed. 1995. <em>Lha &#39;brang dgon gyi lo rgyus</em>. In <em>Dkar mdzes khul gyi dgon sde so so&#39;i lo rgyus gsal bar bshad pa</em>, vol. 1, pp. 548-550. Beijing: Krung go&#39;i bod kyi shes rig dpe skrun khang.</p>",548-550,MW19997,,,,
8,"Reb gong pa 'jigs med bsam grub, ed. 1995. Dkar mdzes khul gyi dgon sde so so'i lo rgyus gsal bar bshad pa. 3 vols. Pe cin: Krung go'i bod kyi shes rig dpe skrun khang.",8_1341,8_549-550,1341,"<p>&#39;Jigs med bsam grub, ed. 1995. <em>dkar mdzes khul gyi dgon sde so so&#39;i lo rgyus gsal bar bshad pa</em>, Vol. 2. 1995. reb gong pa &#39;jigs med bsam grub, ed. pe cin: krung go&#39;i bod kyi shes rig dpe skrun khang, pp. 549-550</p>",549-550,MW19997,,,,
8,"Reb gong pa 'jigs med bsam grub, ed. 1995. Dkar mdzes khul gyi dgon sde so so'i lo rgyus gsal bar bshad pa. 3 vols. Pe cin: Krung go'i bod kyi shes rig dpe skrun khang.",8_1433,8_591-595,1433,"<p>&#39;Jigs med bsam grub, ed. 1995. <em>Dkar mdzes khul gyi dgon sde so so&#39;i lo rgyus gsal bar bshad pa</em>, vol. 2, pp. 591-595. Beijing: Krung go&#39;i bod kyi shes rig dpe skrun khang</p>",591-595,MW19997,,,,
8,"Reb gong pa 'jigs med bsam grub, ed. 1995. Dkar mdzes khul gyi dgon sde so so'i lo rgyus gsal bar bshad pa. 3 vols. Pe cin: Krung go'i bod kyi shes rig dpe skrun khang.",8_1435,8_595-598,1435,"<p>&#39;Jigs med bsam grub, ed. 1995. <em>Dkar mdzes khul gyi dgon sde so so&#39;i lo rgyus gsal bar bshad pa</em>, vol. 2, pp. 595-598. Beijing: Krung go&#39;i bod kyi shes rig dpe skrun khang.</p>",595-598,MW19997,,,,
8,"Reb gong pa 'jigs med bsam grub, ed. 1995. Dkar mdzes khul gyi dgon sde so so'i lo rgyus gsal bar bshad pa. 3 vols. Pe cin: Krung go'i bod kyi shes rig dpe skrun khang.",8_1429,8_91-92,1429,"<p>&#39;Jigs med bsam grub, ed. 1995. <em>Dkar mdzes khul gyi dgon sde so so&#39;i lo rgyus gsal bar bshad pa</em>. Beijing: Krung go&#39;i bod kyi shes rig dpe skrun khang,&nbsp;vol. 3, pp. 91-92</p>",91-92,MW19997,,,,
8,"Reb gong pa 'jigs med bsam grub, ed. 1995. Dkar mdzes khul gyi dgon sde so so'i lo rgyus gsal bar bshad pa. 3 vols. Pe cin: Krung go'i bod kyi shes rig dpe skrun khang.",8_1431,8_477-490,1431,"<p>&#39;Jigs med bsam grub, ed. 1995.  <em>Dkar mdzes khul gyi dgon sde so so&#39;i lo rgyus gsal bar bshad pa</em>, vol. 2, pp. 477-490.</p>",477-490,MW19997,,,,
8,"Reb gong pa 'jigs med bsam grub, ed. 1995. Dkar mdzes khul gyi dgon sde so so'i lo rgyus gsal bar bshad pa. 3 vols. Pe cin: Krung go'i bod kyi shes rig dpe skrun khang.",8_1562,8_454-455,1562,"<p>&#39;Jigs med bsam grub, ed. 1995.  <em>Drwa ma dgon gyi lo rgyus</em>. In <em>Khams phyogs dkar mdzes khul gyi dgon sde so so&#39;i lo rgyus gsal bar bshad pathub bstan gsal ba&#39;i me long</em>. Vol. 1, pp. 454-455. Beijing: Krung go&#39;i bod kyi shes rig dpe skrun khang</p>",454-455,MW19997,,,,
8,"Reb gong pa 'jigs med bsam grub, ed. 1995. Dkar mdzes khul gyi dgon sde so so'i lo rgyus gsal bar bshad pa. 3 vols. Pe cin: Krung go'i bod kyi shes rig dpe skrun khang.",8_1567,8_485,1567,"<p>&#39;Jigs med bsam grub, ed. 1995. Krung go&#39;i bod kyi shes rig zhib &#39;jug ste gnas. Mgon gzigs rab brtan dgon gi lo rgyus. In Khams phyogs dkar mdzes khul gyi dgon sde so so&#39;i lo rgyus gsal bar bshad pathub bstan gsal ba&#39;i me long. Vol. 3, p. 485. Beijing: Krung go&#39;i bod kyi shes rig dpe skrun khang/p>",485,MW19997,,,,
8,"Reb gong pa 'jigs med bsam grub, ed. 1995. Dkar mdzes khul gyi dgon sde so so'i lo rgyus gsal bar bshad pa. 3 vols. Pe cin: Krung go'i bod kyi shes rig dpe skrun khang.",8_351,8_524-523,351,"<p>&#39;Jigs med bsam grub, ed. 1995. ""Yang steng dgon ('dab pa rdzong)."" In <em>dKar mdzes khul gyi dgon sde so so'i lo rgyus gsal bar bshad pa</em> (Vol. 3, pp. 524&ndash;532). Krung go'i bod kyi shes rig dpe skrun khang</p>",524-523,MW19997,,,,
9,Zhang zhung chos dbang grags pa. 2006. Zhang zhung chos dbang grags pa'i bstod tshogs. Sangs rgyas mkhar gyis legs sgrig byas. Lan Chou: Kan Su’u Mi Rigs Dpe Skrun Khang.,9_1018,9_3,1018,"<p>
Zhang zhung chos dbang grags pa. 2006. <em>Zhang zhung chos dbang grags pa'i bstod tshogs. Sangs rgyas mkhar gyis legs sgrig byas</em>. Lan Chou: Kan Su&rsquo;u Mi Rigs Dpe Skrun Khang, p. 3.</p>",3,MW1CZ2423,,,,
10,2003. Rdzogs chen dgon dang rdzogs chen pa rim byon. sde dge rdzong: rdzogs chen shrI seng lnga rig nang bstan slob grwa.,10_1335,10_6,1335,"<p>2003. <em>Rdzogs chen dgon dang rdzogs chen pa rim byon</em>. sde dge rdzong: rdzogs chen shrI seng lnga rig nang bstan slob grwa, p. 6.</p>",6,MW1CZ2507,,,,
11,Tā la'i bla ma 02 dge 'dun rgya mtsho. 2006. gSung 'bum dge 'dun rgya mtsho. 6 vols. Dharamsala: Library Of Tibetan Works & Archives.,11_952,11_233-236,952,"<p>
Tā la&#39;i bla ma 02 dge 'dun rgya mtsho. &ldquo;rDo rje 'chang kun dga' rgyal mtshan dpal bzang po'i zhal snga nas kyi rnam par thar pa la gsol ba 'debs pa.&rdquo; In<em> gSung 'bum dge 'dun rgya mtsho</em>, pp. 233&ndash;36. Dharamsala: Library Of Tibetan Works &amp; Archives, 2006.</p>",233-236,MW1CZ2857,,,,
12,"1995. Dpal ldan bla ma dam pa ku mā ra ma ti'zhal snga nas kyi rnam par thar pa mdo tsam du bya ba ngo mtshar bkod pa'i sprin gyi rnga sgra, 3rd ed. New Delhi: Nagwang Topgyel.",12_1259,12_385,1259,"<p>
1995. <em>dpal ldan bla ma dam pa ku mā ra ma ti&#39;zhal snga nas kyi rnam par thar pa mdo tsam du bya ba ngo mtshar bkod pa&#39;i sprin gyi rnga sgra</em>, 3rd ed. New Delhi: Nagwang Topgyel, p. 385</p>",385,MW1GS140233,,,,
13,1995. Kan lho'i bod brgyud nang bstan dgon sde so so'i lo rgyus mdor bsdus. Lan kru'u: Kan lho'i lo rgyus dpyad gzhi'i yig rigs cus.,13_416,13_121,416,"<p>
1995. <em>kan lho&#39;i bod brgyud nang bstan dgon sde so so&#39;i lo rgyus mdor bsdus</em>. Lan kru&#39;u: Kan lho&#39;i lo rgyus dpyad gzhi&#39;i yig rigs cus, p. 121.&nbsp;",121,MW1GS49973,,,,
13,1995. Kan lho'i bod brgyud nang bstan dgon sde so so'i lo rgyus mdor bsdus. Lan kru'u: Kan lho'i lo rgyus dpyad gzhi'i yig rigs cus.,13_409,13_235,409,"<p>1995. <em>kan lho&#39;i bod brgyud nang bstan dgon sde so so&#39;i lo rgyus mdor bsdus</em>. Lan kru&#39;u: Kan lho&#39;i lo rgyus dpyad gzhi&#39;i yig rigs cus,&nbsp;v. 2, p. 235.</p>",235,MW1GS49973,,,,
14,Chu skyes dge 'dun dpal bzang. 2007. Reb gong yul skor zin tho. lan kru'u: kan su'u mi rigs dpe skrun khang.,14_396,14_232,396,"<p>
chu skyes dge &#39;dun dpal bzang. 2007. <em>reb gong yul skor zin tho</em>. lan kru&#39;u: kan su&#39;u mi rigs dpe skrun khang, p. 232.</p>",232,MW1GS91829,,,,
15,Blo gros mtha' yas. 2007-2008. Rin chen gter mdzod chen mo. New Delhi: Shechen Publications.,15_1227,15_362,1227,"<p>
Blo gros mtha&#39; yas. 2007-2008.&nbsp;<em>Rin chen gter mdzod chen mo</em>. Vol 13. New Delhi: Shechen Publications, p. 362.</p>",362,MW1KG14,,,,
16,"Chos lo thar. 2000. Lha sa man rtsis khang gi gdan rab dri med shel gyi me long. Dharamasala, H.P.: bod gzhung sman rtsis khang.",16_915,,915,"<p>
Chos lo thar. 2000. <em>Lha sa man rtsis khang gi gdan rab dri med shel gyi me long</em>. Dharamasala, H.P.: bod gzhung sman rtsis khang. </p>",,MW1KG22207,,,,
16,"Chos lo thar. 2000. Lha sa man rtsis khang gi gdan rab dri med shel gyi me long. Dharamasala, H.P.: bod gzhung sman rtsis khang.",16_1530,,1530,"<p>
Chos lo thar. 2000. <em>Lha sa man rtsis khang gi gdan rab dri med shel gyi me long</em>. Dharamasala, H.P.: bod gzhung sman rtsis khang.</p>",,MW1KG22207,,,,
17,"Tshul khrims bzang po. 2016. sTong 'khor chos 'byung lha'i rgyud mang. Par gzhi dang po, Tongkhor Shabdrung Ladrang.",17_411,,411,"<p>
Tshul khrims bzang po. 2016.<em> sTong 'khor chos 'byung lha'i rgyud mang</em>. Par gzhi dang po, Tongkhor Shabdrung Ladrang.</p>",,MW1KG26067,,,,
18,"Gdong thog bstan pa'i rgyal mtshan. 1979. Ma bcos dngos &#39;brel brjod pa dus kyi sbrang char.New Delhi, T. D. Dhongthog Rinpoche.",18_445,18_61,445,"<p>
gDong thog bstan pa'i rgyal mtshan. 1979. <em>Ma bcos dngos &#39;brel brjod pa dus kyi sbrang char.</em> New Delhi, T. D. Dhongthog Rinpoche, p. 61.&nbsp;</p>",61,MW1KG26091,,,,
19,Chi med rdo rje and Zla dbyangs. 2009. Khams sde dge rgyal po'i srid don lo rgyus. Pe cin: Krung go'i bod rig pa dpe skrun khang.,19_1491,19_123,1491,"<p>&#39;Chi med rdo rje and Zla dbyangs. 2009. <em>Khams sde dge rgyal po&#39;i srid don lo gyus</em>. Beijing: Krung go&#39;i bod rig pa dpe skrun khang, p. 123</p>",123,MW1KG5539,,,,
19,Chi med rdo rje and Zla dbyangs. 2009. Khams sde dge rgyal po'i srid don lo rgyus. Pe cin: Krung go'i bod rig pa dpe skrun khang.,19_1361,,1361,"<p>
Lha lung &#39;chi med rdo rje and Zla g.yang. 2009. <em>Khams sde dge rgyal po&#39;i srid don lo rgyus</em>. Beijing: krung go&#39;i bod rig pa dpe skrun khang, p. 158.</p>",,MW1KG5539,,,,
19,Chi med rdo rje and Zla dbyangs. 2009. Khams sde dge rgyal po'i srid don lo rgyus. Pe cin: Krung go'i bod rig pa dpe skrun khang.,19_1558,,1558,"<p>
Lha lung &#39;chi med rdo rje.&nbsp;2009.<em> Khams sde dge rgyal po'i srid don lo rgyus</em>. Pe cin: Krung go'i bod rig pa dpe skrun khang.</p>",,MW1KG5539,,,,
20,"Acharya Samten Gyatso Lapcha. 2008. 'Bras ljongs dgon sde' lo rgyus. Gangtok, Namgyal Institute of Tibetology.</p>",20_1353,20_9,1353,"<p>
Acharya Samten Gyatso Lapcha. 2008. <em>&#39;bras ljongs dgon sde&#39;i lo rgyus.&nbsp;</em>Gangtok, Namgyal Institute of Tibetology, p. 9.&nbsp;</p>",9,MW1KG879,,,,
20,"Acharya Samten Gyatso Lapcha. 2008. 'Bras ljongs dgon sde' lo rgyus. Gangtok, Namgyal Institute of Tibetology.</p>",20_1144,20_44,1144,"<p>
Acharya Samten Gyatso Lapcha. 2008. <em>&#39;bras ljongs dgon sde&#39;i lo rgyus.</em>&nbsp;Gangtok, Namgyal Institute of Tibetology, p. 44.</p>",44,MW1KG879,,,,
20,"Acharya Samten Gyatso Lapcha. 2008. 'Bras ljongs dgon sde' lo rgyus. Gangtok, Namgyal Institute of Tibetology.</p>",20_1529,20_88,1529,"<p>
Acharya Samten Gyatso Lapcha. 2008. &#39;bras ljongs dgon sde&#39;i lo rgyus. Gangtok, Namgyal Institute of Tibetology, p. 88.</p>",88,MW1KG879,,,,
20,"Acharya Samten Gyatso Lapcha. 2008. 'Bras ljongs dgon sde' lo rgyus. Gangtok, Namgyal Institute of Tibetology.</p>",20_1526,20_114,1526,"<p>
Acharya Samten Gyatso Lapcha. 2008.&nbsp;<em>&#39;bras ljongs dgon sde&#39;i lo rgyus</em>. Gangtok, Namgyal Institute of Tibetology, p. 114.</p>",114,MW1KG879,,,,
20,"Acharya Samten Gyatso Lapcha. 2008. 'Bras ljongs dgon sde' lo rgyus. Gangtok, Namgyal Institute of Tibetology.</p>",20_1528,20_143,1528,"<p>
Acharya Samten Gyatso Lapcha. 2008. <em>&#39;bras ljongs dgon sde&#39;i lo rgy</em>us. Gangtok: Namgyal Institute of Tibetology, p. 143.</p>",143,MW1KG879,,,,
21,"Smith, E. Gene. Dbus gtsang khul du shing par ji bzhugs kyi dkar chag phan bde'i pad tshal 'byed pa'i nyin byed.",21_1229,21_145-146,1229,"<p>
Smith, Gene. N.D. &quot;har gdong khams tshan (&#39;bras spungs sgo mang).&quot; In&nbsp;D<em>bus gtsang khul du shing par ji bzhugs kyi dkar chag phan bde&#39;i pad tshal &#39;byed pa&#39;i nyin byed</em>, pp.&nbsp;145-146.</p>",145-146,MW1KG9262,,,,
21,"Smith, E. Gene. Dbus gtsang khul du shing par ji bzhugs kyi dkar chag phan bde'i pad tshal 'byed pa'i nyin byed.",21_1469,21_147-148,1469,"<p>
Smith, Gene. N.D. <em>Sgar pa ri khrod</em>. In <em>Dbus gtsang khul du shing par ji bzhugs kyi dkar chag phan bde&#39;i pad tshal &#39;byed pa&#39;i nyin byed</em>, pp. 147-148.</p>",147-148,MW1KG9262,,,,
22,Thub bstan chos dar. 2008. Mdo mkhyen brtse ye shes rdo rje'i gdung rgyud rim byon gyi rnam thar gsal ba'i me long. Beijing: Krung go’i bod rig pa dpe skrun khang/,22_420,22_14,420,"<p>
Thub bstan chos dar. 2008.&nbsp;<em>Mdo mkhyen brtse ye shes rdo rje&#39;i gdung rgyud rim byon gyi rnam thar gsal ba&#39;i me long</em>. Beijing, Krung go&rsquo;i bod rig pa dpe skrun khang, p. 14.</p>",14,MW1KG987,,,,
22,Thub bstan chos dar. 2008. Mdo mkhyen brtse ye shes rdo rje'i gdung rgyud rim byon gyi rnam thar gsal ba'i me long. Beijing: Krung go’i bod rig pa dpe skrun khang.,22_1436,22_85_246,1436,"<p>
Thub bstan chos dar. 2008. <i>Mdo mkhyen brtse ye shes rdo rje&#39;i gdung rgyud rim byon gyi rnam thar gsal ba&#39;i me long</i>. Pe cin: Krung go&#39;i bod rig pa dpe skrun khang, pp. 85, 246.</p>","85, 246",MW1KG987,,,,
22,Thub bstan chos dar. 2008. Mdo mkhyen brtse ye shes rdo rje'i gdung rgyud rim byon gyi rnam thar gsal ba'i me long. Beijing: Krung go’i bod rig pa dpe skrun khang.,,,1172,"<p>
thub bstan chos dar. 2008. <em>mdo mkhyen brtse ye shes rdo rje&#39;i gdung rgyud rim byon gyi rnam thar gsal ba&#39;i me long</em>. 1 vols. pe cin: krung go&#39;i bod rig pa dpe skrun khang.</p>",,MW1KG987,,,,
22,Thub bstan chos dar. 2008. Mdo mkhyen brtse ye shes rdo rje'i gdung rgyud rim byon gyi rnam thar gsal ba'i me long. Beijing: Krung go’i bod rig pa dpe skrun khang.,,,1432,"<p>
mi nyag pa thub bstan chos dar. 2008. <em>mdo mkhyen brtse ye shes rdo rje&#39;i gdung rgyud rim byon gyi rnam thar gsal ba&#39;i me long</em>. pe cin: krung go&#39;i bod rig pa dpe skrun khang, p. 98.</p>
<p>
&nbsp;</p>",,MW1KG987,,,,
23,"Krung go'i bod brgyud dgon pa'i dkar chag las kan su'u glegs bam. lan kru'u: kan su'u mi rigs dpe skrun khang, 2009.",23_1228,23_718,1228,"<p>
<em>Krung go&#39;i bod brgyud dgon pa&#39;i dkar chag las kan su&#39;u glegs bam</em>. lan kru&#39;u: kan su&#39;u mi rigs dpe skrun khang, 2009, p. 718.</p>",718,MW1PD105777,,,,
23,"Krung go'i bod brgyud dgon pa'i dkar chag las kan su'u glegs bam. lan kru'u: kan su'u mi rigs dpe skrun khang, 2009.",23_983,23_756,983,"<p>
<em>Krung go&#39;i bod brgyud dgon pa&#39;i dkar chag las kan su&#39;u glegs bam</em>.&nbsp;lan kru&#39;u:&nbsp;kan su&#39;u mi rigs dpe skrun khang, 2009, p. 756.</p>",756,MW1PD105777,,,,
23,"Krung go'i bod brgyud dgon pa'i dkar chag las kan su'u glegs bam. lan kru'u: kan su'u mi rigs dpe skrun khang, 2009.",23_274,23_442-443,274,"<p>Krung go&#39;i bod brgyud dgon pa&#39;i dkar chag las kan su&#39;u glegs bam</em>. lan kru&#39;u/: kan su&#39;u mi rigs dpe skrun khang, 2009, p. 442-443.&nbsp;",442-443,MW1PD105777,,,,
23,"Krung go'i bod brgyud dgon pa'i dkar chag las kan su'u glegs bam. lan kru'u: kan su'u mi rigs dpe skrun khang, 2009.",23_1274,23_753-754,1274,"<p>
<em>Krung go&#39;i bod brgyud dgon pa&#39;i dkar chag las kan su&#39;u glegs bam</em>. lan kru&#39;u/: kan su&#39;u mi rigs dpe skrun khang, 2009, pp. 753-754.</p>",753-754,MW1PD105777,,,,
24,"Bsod gnam rgya mtsho, nor bu sgrol dkar. 2000. Bstan rtsis ka phreng lag deb. pe cin: mi rigs dpe skrun khang.",24_339,24_88,339,"<p>
bsod gnam rgya mtsho, nor bu sgrol dkar.<em> bstan rtsis ka phreng lag deb</em>. 2000.&nbsp;1 vols. pe cin: mi rigs dpe skrun khang, p. 88.&nbsp;</p>",88,MW20115,,,,
24,"Bsod gnam rgya mtsho, nor bu sgrol dkar. 2000. Bstan rtsis ka phreng lag deb. pe cin: mi rigs dpe skrun khang.",24_136,,136,"<p>
Nor bu sgrol dkar, and bsod gnam rgya mtsho. 2000. <em>Bstan rtsis ka phreng lag deb</em>. Pe cin: Mi rigs dpe skrun khang, p. 601.</p>",,MW20115,,,,
25,Don grub dbang rgyal. 1992. Mgo log lo rgyus deb ther. Zi ling: Mtsho sngon mi rigs dpe skrun khang.,25_488,25_148,488,"<p>
Don grub dbang rgyal. 1992. <em>Mgo log lo rgyus deb ther</em>. Zi ling: mTsho sngon mi rigs dpe skrun khang, p. 148.</p>",148,MW20140,,,,
25,Don grub dbang rgyal. 1992. Mgo log lo rgyus deb ther. Zi ling: Mtsho sngon mi rigs dpe skrun khang.,25_621,25_152,621,"Don grub dbang rgyal. 1992. Mgo log lo rgyus deb ther. Zi ling: mtsho sngon mi rigs dpe skrun khang, p. 162.",152,MW20140,,,,
25,Don grub dbang rgyal. 1992. Mgo log lo rgyus deb ther. Zi ling: Mtsho sngon mi rigs dpe skrun khang.,25_696,25_154,696,"<p>
Don grub dbang rgyal. 1992. <em>Mgo log lo rgyus deb ther</em>. Zi ling: mtsho sngon mi rigs dpe skrun khang, p. 154.</p>",154,MW20140,,,,
25,Don grub dbang rgyal. 1992. Mgo log lo rgyus deb ther. Zi ling: Mtsho sngon mi rigs dpe skrun khang.,25_1244,25_155,1244,"<p>
Don grub dbang rgyal. 1992. <em>Mgo log lo rgyus deb ther</em>. Zi ling: mtsho sngon mi rigs dpe skrun khang, p. 155.&nbsp;</p>",155,MW20140,,,,
25,Don grub dbang rgyal. 1992. Mgo log lo rgyus deb ther. Zi ling: Mtsho sngon mi rigs dpe skrun khang.,25_489,25_193,489,"<p>
Don grub dbang rgyal. 1992. <em>Mgo log lo rgyus deb ther</em>. Zi ling: mtsho sngon mi rigs dpe skrun khang, p. 193.</p>",193,MW20140,,,,
25,Don grub dbang rgyal. 1992. Mgo log lo rgyus deb ther. Zi ling: Mtsho sngon mi rigs dpe skrun khang.,,,490,"<p>
Nor sde and Don grub dbang rgyal. 1992. <em>Go log lo rgyus deb ther</em>. Zi ling: mTsho sngon mi rigs dpe skrun khang, p. 196.&nbsp;</p>",,MW20140,,,,
26,Grong khyer lha sa'i lo rgyus rig gnas. 1997. Vol. 5. Mal gro gung dkar rdzong. Lha sa: Lha sa grong khyer khul.,26_370,26_39,370,"<p><em>Grong khyer lha sa'i lo rgyus rig gnas. 1997. Vol. 5. </em>Mal gro gung dkar rdzong&quot;. Lha sa: Lha sa grong khyer khul, p. 39.</p>",39,MW20169,,,,
26,Grong khyer lha sa'i khul. 1994. Vol. 2. Dga' ldan dgon pa dang brag yer pa'i lo rgyus. Lha sa: Lha sa grong khyer khul.,26_539,26_59,539,"<p>
Grong khyer lha sa'i khul. 1994. Vol 2. <em>Dga&#39; ldan dgon pa dang brag yer pa'i lo rgyus</em>, p. 59.</p>",59,MW20212,,,,
27,"Mtsho lho khul gyi dgon sde khag gi lo rgyus snying bsdus. Zi ling: mtsho sngon mi rigs dpe skrun khang, 1999.",27_296,27_87,296,"<p><em>Mtsho lho khul gyi dgon sde khag gi lo rgyus snying bsdus</em>. Zi ling: mtsho sngon mi rigs dpe skrun khang, 1999, p. 87.</p>",87,MW20214,,,,
27,"Mtsho lho khul gyi dgon sde khag gi lo rgyus snying bsdus. Zi ling: mtsho sngon mi rigs dpe skrun khang, 1999.",27_1042,27_156,1042,"<p><em>Mtsho lho khul gyi dgon sde khag gi lo rgyus snying bsdus</em>. Zi ling: mtsho sngon mi rigs dpe skrun khang, 1999, p. 156.</p>",156,MW20214,,,,
27,"Mtsho lho khul gyi dgon sde khag gi lo rgyus snying bsdus. Zi ling: mtsho sngon mi rigs dpe skrun khang, 1999.",27_442,27_231,442,"<p><em>Mtsho lho khul gyi dgon sde khag gi lo rgyus snying bsdus</em>. Zi ling: mtsho sngon mi rigs dpe skrun khang, 1999, p. 231.</p>",231,MW20214,,,,
27,"Mtsho lho khul gyi dgon sde khag gi lo rgyus snying bsdus. Zi ling: mtsho sngon mi rigs dpe skrun khang, 1999.",27_982,27_446,982,"<p><em>Mtsho lho khul gyi dgon sde khag gi lo rgyus snying bsdus</em>. Zi ling: mtsho sngon mi rigs dpe skrun khang, 1999, p. 446.&nbsp;</p>",446,MW20214,,,,
27,"Mtsho lho khul gyi dgon sde khag gi lo rgyus snying bsdus. Zi ling: mtsho sngon mi rigs dpe skrun khang, 1999.",27_1041,27_561,1041,"<p><em>Mtsho lho khul gyi dgon sde khag gi lo rgyus snying bsdus</em>. Zi ling: mtsho sngon mi rigs dpe skrun khang, 1999, p. 561.</p>",561,MW20214,,,,
27,"Mtsho lho khul gyi dgon sde khag gi lo rgyus snying bsdus. Zi ling: mtsho sngon mi rigs dpe skrun khang, 1999.",27_464,27_675,464,"<p><em>Mtsho lho khul gyi dgon sde khag gi lo rgyus snying bsdus</em>. Zi ling: mtsho sngon mi rigs dpe skrun khang, 1999, p. 675.</p>",675,MW20214,,,,
28,Grong khyer lha sa'i lo rgyus rig gnas. 1999. Vol. 8. Chu shur rdzong. Lha sa: Lha sa grong khyer khul.,28_1317,28_39-40,1317,"Grong khyer lha sa'i lo rgyus rig gnas. 1999. Vol. 8. <em>Chu shur rdzong</em>. Lha sa: Lha sa grong khyer khul, pp. 39-40.</p>",39-40,MW20234,,,,
29,"Krung go'i bod kyi shes rig, Vol. 18. Beijing: Krung go'i bod kyi shes rig dus deb khang, 1992.",29_445,29_122-134,445,"<p>
Blo gros phun tshogs. 1992. &ldquo;Khams bye bshad grwa'i lo rgyus mdo tsam brjod pa.&rdquo; In <em>Krung go'i bod kyi shes rig</em>, vol. 18, pp. 122&ndash;34. Beijing: Krung go'i bod kyi shes rig dus deb khang.&nbsp;</p>",122-134,MW20242,,,,
30,Blo bzang bstan 'dzin.  1995. Se ra theg chen gling gi lo rgyus. Beijing: Mi rigs dpe skrun khang.,30_1480,30_117,1480,"<p>
Tshe dbang rin chen gyis par brgyab pa. 1995. <em>Se ra theg chen gling</em>. Beijing: Mi rigs dpe skrun khang, p. 117.</p>",117,MW20473,,,,
31,"Spo bo'i lo rgyus. Lha sa: Bod ljongs mi dmangs dpe skrun khang, 1988.",31_1330,31_125,1330,"<p><em>spo bo'i lo rgyus</em>. lha sa: bod ljongs mi dmangs dpe skrun khang, 1988, pp. 125</p>",125,MW20520,,,,
31,"Spo bo'i lo rgyus. Lha sa: Bod ljongs mi dmangs dpe skrun khang, 1988.",31_150,31_117_125,150,"<p><em>spo bo'i lo rgyus</em>. lha sa: bod ljongs mi dmangs dpe skrun khang, 1988, pp. 117, 125.</p>","117, 125",MW20520,,,,
31,"Spo bo'i lo rgyus. Lha sa: Bod ljongs mi dmangs dpe skrun khang, 1988.",31_687,31_66_125,687,"<p><em>spo bo'i lo rgyus</em>. lha sa: bod ljongs mi dmangs dpe skrun khang, 1988, p. 66, 125</p>","66, 125",MW20520,,,,
32,Ldong yon tan rgya mtsho. 2000. Rnga yul sgo mang dgon gyi gdan rabs. Beijing: Mi rigs dpe skrun khang.,32_1486,32_89,1486,"<p>
Ldong yon tan rgya mtsho. 2000. <em>Rnga yul sgo mang dgon gyi gdan rabs</em>. Beijing: Mi rigs dpe skrun khang, p. 89.</p>",89,MW21017,,,,
32,Ldong yon tan rgya mtsho. 2000. Rnga yul sgo mang dgon gyi gdan rabs. Beijing: Mi rigs dpe skrun khang.,32_1009,32_141-142,1009,"<p>
ldong yon tan rgya mtsho. 2000. <em>Rnga yul sgo mang dgon gyi gdan rabs.&nbsp;</em>Par gzhi dang po, Vol. 1. Mi rigs dpe skrun khang, 141-142.</p>",141-142,MW21017,,,,
33,"Stod mnga' ris skor gsum gyi lo rgyus. Lha sa: Bod ljongs mi dmangs dpe skrun khang, 1996.",33_1234,33_256-266,1234,"<p><em>Stod mnga&#39; ris skor gsum gyi lo rgyus</em>. Lha sa: Bod ljongs mi dmangs dpe skrun khang, 1996, p. 256-266.</p>",256-266,MW21366,,,,
34,"Dar rgyas, Skal bzang thar. 2000. Da tshang dgon pa'i  rgyus. Ngawa: gangs ljongs gtsug lag rtsom sgrig khang.",34_1518,34_260,1518,"<p>
Si tu chos kyi rgya mtsho. 1999. <em>Dbus gtsang gi gnas yig</em>. Lhasa: Bod ljongs bod yig dpe rnying dpe skrun khang, p. 260.</p>",260,MW21611,,,,
35,"Dar rgyas, Skal bzang thar. 2000. Da tshang dgon pa'i  rgyus. Ngawa: gangs ljongs gtsug lag rtsom sgrig khang.",,,1487,"<p>
Dar rgyas and Skal bzang thar. 2000. <em>Da tshang dgon pa&#39;i lo rgyus</em>. Ngawa: gangs ljongs gtsug lag rtsom sgrig khang.</p>",,MW21636,,,,
36,"BShes gnyen tshul khrims, ed. 2001. Lha sa'i dgon tho rin chen spungs rgya. Lha sa: Bod ljongs mi dmangs dpe skrun khang.",36_1409,36_57,1409,"<p>
bShes gnyen tshul khrims, ed. 2001.<em> Lha sa'i dgon tho rin chen spungs rgyan</em>. Par gzhi dang po. 1 vols. Lha sa: Bod ljongs mi dmangs dpe skrun khang, p. 57.</p>",57,MW23664,,,,
37,"Chos 'phel. 2002. Gangs can bod kyi gnas bshad lam yig gsar ma, Vol. 3. Pe cin: mig rigs dpe skrun khang.",37_546,37_135,546,"<p>
chos &#39;phel. 2002. <em>gangs can bod kyi gnas bshad lam yig gsar ma</em>, vol. 3. Pe cin: mig rigs dpe skrun khang, p.135.</p>",135,MW23847,,,,
37,"Chos 'phel. 2002. Gangs can bod kyi gnas bshad lam yig gsar ma, Vol. 3. Pe cin: mig rigs dpe skrun khang.",37_1501,37_6-8,1501,"<p>
Chos &#39;phel. 2002. <em>Gangs can bod kyi gnas bshad lam yig gsar ma</em>. Beijing: Mi rigs dpe skrun khang, vol. 1, pp. 6-8.</p>",6-8,MW23847,,,,
37,"Chos 'phel. 2002. Gangs can bod kyi gnas bshad lam yig gsar ma, Vol. 3. Pe cin: mig rigs dpe skrun khang.",37_151,37_101-103,151,"<p>
chos &#39;phel. 2002. <em>gangs can bod kyi gnas bshad lam yig gsar ma. 4 vols</em>. pe cin: mi rigs dpe skrun khang, vol. 2, pp. 113-115. v. 2, pp. 101-103.</p>",101-103,MW23847,,,,
37,"Chos 'phel. 2002. Gangs can bod kyi gnas bshad lam yig gsar ma, Vol. 3. Pe cin: mig rigs dpe skrun khang.",37_112,37_113-115,112,"<p>
chos &#39;phel. 2002. gangs can bod kyi gnas bshad lam yig gsar ma. 4 vols. pe cin: mi rigs dpe skrun khang, vol. 2, pp. 113-115.&nbsp;</p>",113-115,MW23847,,,,
37,"Chos 'phel. 2002. Gangs can bod kyi gnas bshad lam yig gsar ma, Vol. 3. Pe cin: mig rigs dpe skrun khang.",37_1247,37_119-119,1247,"<p>
Chos &#39;phel. &nbsp;2002. <em>gangs can bod kyi gnas bshad lam yig gsar ma</em>. 4 vols. pe cin: mi rigs dpe skrun khang, vol. 2., p. 118-119.</p>",119-119,MW23847,,,,
37,"Chos 'phel. 2002. Gangs can bod kyi gnas bshad lam yig gsar ma, Vol. 3. Pe cin: mig rigs dpe skrun khang.",37_1521,37_146-148,1521,"<p>
chos &#39;phel. 2002. <em>gangs can bod kyi gnas bshad lam yig gsar ma</em>, volume 2. pe cin: mi rigs dpe skrun khang, pp. 146-148.</p>",146-148,MW23847,,,,
37,"Chos 'phel. 2002. Gangs can bod kyi gnas bshad lam yig gsar ma, Vol. 3. Pe cin: mig rigs dpe skrun khang.",37_291,37_193-194,291,"<p>
Chos &#39;phel. 2002. <em>gangs can bod kyi gnas bshad lam yig gsar ma</em>. 4 vols. pe cin: mi rigs dpe skrun khang, v. 2, pp. 193-194.</p>",193-194,MW23847,,,,
37,"Chos 'phel. 2002. Gangs can bod kyi gnas bshad lam yig gsar ma, Vol. 3. Pe cin: mig rigs dpe skrun khang.",37_224,37_194-195,224,"<p>
Chos &#39;phel. 2002. <em>gangs can bod kyi gnas bshad lam yig gsar ma</em>. 4 vols. pe cin: mi rigs dpe skrun khang, v. 2, pp. 194-195</p>",194-195,MW23847,,,,
37,"Chos 'phel. 2002. Gangs can bod kyi gnas bshad lam yig gsar ma, Vol. 3. Pe cin: mig rigs dpe skrun khang.",37_1281,37_195-196,1281,"<p>
Chos &#39;phel. 2002. <em>gangs can bod kyi gnas bshad lam yig gsar ma</em>. 4 vols. pe cin: mi rigs dpe skrun khang, v. 2, pp. 195-196</p>",195-196,MW23847,,,,
37,"Chos 'phel. 2002. Gangs can bod kyi gnas bshad lam yig gsar ma, Vol. 3. Pe cin: mig rigs dpe skrun khang.",37_246,37_202-203,246,"<p>
Chos &#39;phel. 2002. gangs can bod kyi gnas bshad lam yig gsar ma. 4 vols. pe cin: mi rigs dpe skrun khang, vol. 2, pp. 202-203.</p>",202-203,MW23847,,,,
37,"Chos 'phel. 2002. Gangs can bod kyi gnas bshad lam yig gsar ma, Vol. 3. Pe cin: mig rigs dpe skrun khang.",37_1390,37_249-251,1390,"Chos 'phel. 2002. gangs can bod kyi gnas bshad lam yig gsar ma. 4 vols. pe cin: mi rigs dpe skrun khang, vol. 2, pp. 249-251.",249-251,MW23847,,,,
37,"Chos 'phel. 2002. Gangs can bod kyi gnas bshad lam yig gsar ma, Vol. 3. Pe cin: mig rigs dpe skrun khang.",37_1518,37_98-100,1518,"<p>
Chos &#39;phel. 2002. <em>Gangs can bod kyi gnas bshad lam yig gsar ma</em>, vol. 1, pp. 98&ndash;100. Beijing: mi rigs dpe skrun khang.</p>",98-100,MW23847,,,,
38,Shar yul phun tshogs tshe ring. 2002. Bod kyi bon dgon khag gi lo rgyus dang da lta'i gnas bab. Pe cin: mi rigs dpe skrun khang.,38_1087,38_81-182,1087,"<p>
shar yul phun tshogs tshe ring. 2002. <em>bod kyi bon dgon khag gi lo rgyus dang da lta'i gnas bab</em>. Pe cin: mi rigs dpe skrun khang, 81-182.</p>",81-182,MW25095,,,,
39,Rta tshag tshe dbang rgyal. 1994. Lho rong chos 'byung. Lha sa: Bod ljongs bod yig dpe rnying dpe skrun khang.,39_154,39_202,154,"<p>
rta tshag tshe dbang rgyal. 1994. <em>lho rong chos &#39;byung</em>. Lha sa: Bod ljongs bod yig dpe rnying dpe skrun khang, p. 202.</p>",202,MW27302,,,,
40,Bstan 'dzin lung rtogs nyi ma. 2004. Snga 'gyur rdzogs chen chos 'byung chen mo. Beijing: Krung go'i bod rig pa dpe skrun khang.,40_445,40_310,445,"<p>
Bstan &#39;dzin lung rtogs nyi ma. 2004. <em>Snga &#39;gyur rdzogs chen chos &#39;byung chen mo</em>. Beijing: Krung go&#39;i bod rig pa dpe skrun khang, p. 310.&nbsp;</p>",310,MW27401,,,,
40,Bstan 'dzin lung rtogs nyi ma. 2004. Snga 'gyur rdzogs chen chos 'byung chen mo. Beijing: Krung go'i bod rig pa dpe skrun khang.,40_1095,40_313,1095,"<p>
bstan &#39;dzin lung rtogs nyi ma. 2004. <em>snga &#39;gyur rdzogs chen chos &#39;byung chen mo</em>. Pe cin: krung go&#39;i bod rig pa dpe skrun khang, p. 313.</p>",313,MW27401,,,,
40,Bstan 'dzin lung rtogs nyi ma. 2004. Snga 'gyur rdzogs chen chos 'byung chen mo. Beijing: Krung go'i bod rig pa dpe skrun khang.,40_1441,40_314,1441,"<p>
Bstan &#39;dzin lung rtogs nyi ma. 2004. <em>Snga &#39;gyur rdzogs chen chos &#39;byung chen mo</em>. Beijing: krung go&#39;i bod rig pa dpe skrun khang, p. 314.</p>",314,MW27401,,,,
40,Bstan 'dzin lung rtogs nyi ma. 2004. Snga 'gyur rdzogs chen chos 'byung chen mo. Beijing: Krung go'i bod rig pa dpe skrun khang.,40_527,40_316,527,"<p>Bstan &#39;dzin kun bzang lung rtogs bstan pa&#39;i nyi ma. 2004. <em>Snga &#39;gyur rdzogs chen chos &#39;byung chen mo</em>. Pe cin: Krung go&#39;i bod rig pa dpe skrun khang, p. 316.</p>",316,MW27401,,,,
41,KaH thog si tu 03 chos kyi rgya mtsho. 2001. Dbus gtsang gnas yig. Chengdu: si khron mi rigs dpe skrun khang.,41_1205,41_16,1205,"<p>
chos kyi rgya mtsho.&nbsp; 2001.&nbsp;<em>dbus gtsang gnas yig</em>. 1 vols. khreng tu&#39;u: si khron mi rigs dpe skrun khang, p. 16.&nbsp;</p>",16,MW27524,,,,
41,KaH thog si tu 03 chos kyi rgya mtsho. 2001. Dbus gtsang gnas yig. Chengdu: si khron mi rigs dpe skrun khang.,41_1438,41_63,1438,"<p>
kaH thog si tu 03 chos kyi rgya mtsho. 2001. <em>Dbus gtsang gnas yig</em>. Chengdu: si khron mi rigs dpe skrun khang, vol. 1, p. 63.</p>",63,MW27524,,,,
41,KaH thog si tu 03 chos kyi rgya mtsho. 2001. Dbus gtsang gnas yig. Chengdu: si khron mi rigs dpe skrun khang.,41_574,41_402,574,"<p>
Kaḥthog si tu 03 chos kyi rgya mtsho.&nbsp;2001.&nbsp;<em>dBus gtsang gnas yig</em>. 1 vols. Khreng Tu&rsquo;u: Si khron mi rigs dpe skrun khang, p. 402.</p>",402,MW27524,,,,
41,KaH thog si tu 03 chos kyi rgya mtsho. 2001. Dbus gtsang gnas yig. Chengdu: si khron mi rigs dpe skrun khang.,41_309,41_485,309,"<p>
Chos kyi rgya mtsho. 2001. <em>Dbus gtsang gnas yig</em>. 1 vols. khreng tu&#39;u: si khron mi rigs dpe skrun khang, p. 485.</p>",485,MW27524,,,,
41,KaH thog si tu 03 chos kyi rgya mtsho. 2001. Dbus gtsang gnas yig. Chengdu: si khron mi rigs dpe skrun khang.,,41_154-156,1303,"<p>
chos kyi rgya mtsho. &quot;gangs ri thod dkar/.&quot; In&nbsp;<em>dbus gtsang gnas yig</em>, pp. 154 - 156. 2001.&nbsp;khreng tu&#39;u: si khron mi rigs dpe skrun khang.&nbsp;</p>",154-156,MW27524,,,,
42,Tshe ring bla ma 'jam dpal bzang po. 1985. Gyal dbang dpal yul ba'i gdan rabs ngo mtshar 'chi med yongs 'du'i ljon pa'i phreng ba. Karnataka: Nyingmapa Monastery.,,,14,"<p>
Tshe ring bla ma 'jam dpal bzang po. 1985. <em>Gyal dbang dpal yul ba'i gdan rabs ngo mtshar 'chi med yongs 'du'i ljon pa'i phreng ba</em>.&nbsp; Bylakuppe, Dist. Mysore, Karnataka: Nyingmapa Monastery.</p>",,MW27596,,,,
43,Dkon mchog bstan pa rab rgyas. 1982. Mdo smad chos 'byung. Lanzhou: Kan su'u mi dmangs dpe skrun khang.,43_1147,43_577,1147,"<p>
dkon mchog bstan pa rab rgyas. <em>mdo smad chos &#39;byung</em>. 1982. 1 vols. lanzhou: kan su&#39;u mi dmangs dpe skrun khang, p. 577.&nbsp;</p>",577,MW28064,,,,
44,"Ye shes 'od zer sgrol ma,  lce nag tshang nyi zla he ru ka, eds. 2004. Reb kong sngags mang gi lo rgyus phyogs bsgrigs. Sngags mang dpe tshog 10. Pe cin: Mi rigs dpe skrun khang.",,44_26-28,1004,"<p>
Ye shes 'od zer sgrol ma, &amp; lce nag tshang nyi zla he ru ka. 2004. <em>Reb kong sngags mang gi lo rgyus phyogs bsgrigs</em>. (Par gzhi dang po, Vol. 1). Mi rigs dpe skrun khang, pp. 26-28.</p>",26-28,MW28803,,,,
45,"Bod pa sprul sku mdo sngags bstan pa'i nyi ma. 2004. Gsung 'bum mdo sngags bstan pa'i nyi ma. Khreng tu'u: 
Si khron mi rigs dpe skrun khang.",45_1050,45_5,1050,"<p>
Bod pa sprul sku mdo sngags bstan pa&#39;i nyi ma. <em>gsung &#39;bum mdo sngags bstan pa&#39;i nyi ma</em>. Vol 1. Khreng tu&#39;u: Si khron mi rigs dpe skrun khang, p. 5.</p>",5,MW29059,,,,
46,Karma rgyal mtshan. 2005. Mdo khams gnas yig phyogs bsgrigs dad bskul lha dbang rnga sgra. Pe cin: Mi rigs dpe skrun khang.,46_1633,46_151-156,1633,"<p>
Karma rgyal mtshan. 2005. <em>Khyung ltag gnas yig rgya rong mkha' 'gro chen mo'i dgongs nyams</em>. In <em>Mdo khams gnas yig phyogs bsgrigs dad bskul lha dbang rnga sgra</em>, pp. 151-156.&nbsp; Beijing: Mi rigs dpe skrun khang.</p>",151-156,MW29295,,,,
47,"Jam mgon a mes zhabs. 2000. Gsung 'bum ngag dbang kun dga' bsod nams, Vol. 3. Kathmandu: Sa skya rgyal yongs gsung rab slob gnyer khang.",47_1276,47_283,1276,"<p>
'Jam mgon a mes zhabs. 2000. <em>Gsung 'bum ngag dbang kun dga' bsod nams</em>, vol. 3. Kathmandu: Sa skya rgyal yongs gsung rab slob gnyer khang, p. 283.</p>",283,MW29307,,,,
48,Jigs med. 2009. Mdo smad lo rgyus chen mo. Dharamsala: Library Of Tibetan Works & Archive.,48_1309,48_726,1309,"<p>
&#39;Jigs med. 2009.&nbsp;<em>Mdo smad lo rgyus chen mo</em>, vol 5. Dharamsala Kangra HP India: The Library Of Tibetan Works &amp; Archive, p. 726.</p>",726,MW2CZ7959,,,,
48,Jigs med. 2009. Mdo smad lo rgyus chen mo. Dharamsala: Library Of Tibetan Works & Archive.,48_1113,48_795,1113,"<p>&#39;jigs med. 2009. <em>mdo smad lo rgyus chen mo</em>, vol 5. Dharamsala Kangra HP india: The Library Of Tibetan Works &amp; Archives, p. 795.</p>",795,MW2CZ7959,,,,
48,Jigs med. 2009. Mdo smad lo rgyus chen mo. Dharamsala: Library Of Tibetan Works & Archive.,48_474,48_342-343,474,"<p>
jigs med. 2009.<em>Mdo smad lo rgyus chen mo</em>, vol 5. Dharamsala Kangra HP India: The Library Of Tibetan Works &amp; Archives, pp. 342-343.</p>",342-343,MW2CZ7959,,,,
48,Jigs med. 2009. Mdo smad lo rgyus chen mo. Dharamsala: Library Of Tibetan Works & Archive.,48_499,48_363,499,"<p>
jigs med. 2009. <em>mdo smad lo rgyus chen mo</em>, vol 5. Dharamsala Kangra HP India: The Library Of Tibetan Works &amp; Archives, p. 363.</p>",363,MW2CZ7959,,,,
48,Jigs med. 2009. Mdo smad lo rgyus chen mo. Dharamsala: Library Of Tibetan Works & Archive.,48_1148,48_491-492,1148,"<p>
jigs med. 2009. <em>Mdo smad lo rgyus chen mo</em>, vol 5. Dharamsala Kangra HP India: The Library Of Tibetan Works &amp; Archives, pp. 491-492.</p>",491-492,MW2CZ7959,,,,
48,Jigs med. 2009. Mdo smad lo rgyus chen mo. Dharamsala: Library Of Tibetan Works & Archive.,48_360,48_510,360,"<p>
jigs med. 2009. <em>Mdo smad lo rgyus chen mo</em>, vol 5. Dharamsala Kangra HP India: The Library Of Tibetan Works &amp; Archives, p. 510.</p>",510,MW2CZ7959,,,,
48,Jigs med. 2009. Mdo smad lo rgyus chen mo. Dharamsala: Library Of Tibetan Works & Archive.,48_1054,48_521-522,1054,"<p>
jigs med. 2009. <em>Mdo smad lo rgyus chen mo</em>, vol 5. Dharamsala Kangra HP India: The Library Of Tibetan Works &amp; Archives, pp. 521-522.</p>",521-522,MW2CZ7959,,,,
48,Jigs med. 2009. Mdo smad lo rgyus chen mo. Dharamsala: Library Of Tibetan Works & Archive.,48_1093,48_662-663,1093,"<p>
jigs med. 2009. <em>Mdo smad lo rgyus chen mo</em>, vol 5. Dharamsala Kangra HP India: The Library Of Tibetan Works &amp; Archives, pp. 662-663.</p>",662-663,MW2CZ7959,,,,
48,Jigs med. 2009. Mdo smad lo rgyus chen mo. Dharamsala: Library Of Tibetan Works & Archive.,48_804,48_740-741,804,"<p>
jigs med. 2009. <em>mdo smad lo rgyus chen mo, vol 5</em>. Dharamsala Kangra HP India: The Library Of Tibetan Works &amp; Archives, pp. 740-741.</p>",740-741,MW2CZ7959,,,,
48,Jigs med. 2009. Mdo smad lo rgyus chen mo. Dharamsala: Library Of Tibetan Works & Archive.,48_407,48_780,407,"<p>
jigs med. 2009.<em>Mdo smad lo rgyus chen mo</em>, vol 5. Dharamsala Kangra HP India: The Library Of Tibetan Works &amp; Archives, p. 780.</p>",780,MW2CZ7959,,,,
48,Jigs med. 2009. Mdo smad lo rgyus chen mo. Dharamsala: Library Of Tibetan Works & Archive.,48_988,48_816-817,988,"<p>&#39;jgs med. <em>mdo smad lo rgyus chen mo</em>, vol 5. 2009. Dharamsala Kangra HP India: The Library Of Tibetan Works &amp; Archives, pp. 816-817.</p>",816-817,MW2CZ7959,,,,
49,Dge bshes thub bstan ngag dbang. 1996. Dar rgyas dgon pa'i lo rgyus nye mkho kun 'dus.,,,266,"<p>
Dge bshes thub bstan ngag dbang. 1996.<em> Dar rgyas dgon pa'i lo rgyus nye mkho kun 'dus </em>.",,MW2DB15921,,,,
50,"Rgya kong mkhan chen gzhan phan chos kyi snang ba. 2006. Gsung 'bum gzhan phan chos kyi snang ba, 13 Vols. Snga 'gyur rgyal ba rdzogs chen pa'i dpe tshogs. Khreng tu'u: Si khron mi rigs dpe skrun khang.",50_1182,50_60-73,1182,"<p>
gzhan phan chos kyi snang ba. 2006.&nbsp;<em>gsung &#39;bum gzhan phan chos kyi snang ba</em>. khreng tu&#39;u: si khron mi rigs dpe skrun khang, volume 1, pp. 60 - 73</p>",60-73,MW2DB4578,,,,
51,KaH thog si tu 03 chos kyi rgya mtsho. 2007. Rje btsun bla ma shAkya shrI dznyA na'i rnam thar. Pe cin: Krung go'i bod rig pa dpe skrun khang.,,,1017,"<p>
KaH thog si tu 03 chos kyi rgya mtsho. 2007.<em> rje btsun bla ma shākya shrī dznyā na'i rnam thar</em>. Pe cin: Krung go'i bod rig pa dpe skrun khang.</p>",,MW2DB5977,,,,
52,"Dpal ldan 'bras spungs dgon gyi dkar chag dri med dwangs gsal shel gyi me long zhes bya ba bzhugs so. Xining: Krung go'i bod rig pa dpe skrun khang, 2009.",,52_293,1231,"<p><em>Dpal-ldan 'bras-spungs dgon gyi dkar chag dri med dwangs gsal shel gyi me long zhes bya ba bzhugs so.</em>&nbsp;Xining: Krung-go'i Bod-rig-pa dpe-skrun Khang, 2009, p. 293.</p>",293,MW2GS1123,,,,
53,"Dpal 'jam, ed. 2005. Jo nang ba'i gdan rabs mdor bsdus drang srong rgan po'i zhal lung. Pe cin: Mi rigs dpe skrun khang, 2005.",53_976,53_18,976,"<p>Dpal 'jam, ed. 2005. <em>Jo nang ba&#39;i gdan rabs mdor bsdus drang srong rgan po&#39;i zhal lung.</em> Pe cin: mi rigs dpe skrun khang, p. 18. </p>",18,MW30408,,,,
53,"Dpal 'jam, ed. 2005. Jo nang ba'i gdan rabs mdor bsdus drang srong rgan po'i zhal lung. Pe cin: Mi rigs dpe skrun khang, 2005.",53_205,53_19,205,"<p>Dpal 'jam, ed. 2005. <em>Jo nang ba&#39;i gdan rabs mdor bsdus drang srong rgan po&#39;i zhal lung.</em> Pe cin: mi rigs dpe skrun khang, p. 19.</p>",19,MW30408,,,,
54,Blo gros phun tshogs. 2004. Rdzong gsar mkhyen brtse'i rten khrod las rten gyi nang gzhug phyogs bsdus ril bu khag sogs kyi dkar chag rin chen mchog gi mdzod. Rgya gar: Rdzongs sar dgon.,,,1464,"<p>
Blo gros phun tshogs. 2004. <em>Rdzong gsar mkhyen brtse&#39;i rten khrod las rten gyi nang gzhug phyogs bsdus ril bu khag sogs kyi dkar chag rin chen mchog gi mdzod</em>. Rdzongs sar.</p>",,MW3JT13625,,,,
55,Grub rigs khyu mchog. Gsung 'bum grub rigs khyu mchog.,55_1541,55_495-500,1541,"<p>
Grub rigs khyu mchog. <em>Pad+ma khyung rdzong gi lo rgyus mdor bsdus</em>. In Gsung &#39;bum/ grub rigs khyu mchog, vol. 1, pp. 495-500.</p>",495-500,MW3PD236,,,,
56,Bod kyi lo rgyus rnam thar phyogs bsgrigs. 2015. Zi ling: Mtsho sngon mi rigs dpe skrun khang.,56_1598,56_467_644-646,1598,"<p>
Blo gter dbang po. 2015. <em>Shrī e waṃ pa&#39;i gdan rabs nor bu&#39;i phreng ba&#39;i zhal skong bdud rtsi&#39;i thigs phreng</em>. In <em>Bod kyi lo rgyus rnam thar phyogs bsgrigs</em>, vol. 10, pp. 417&ndash;473. Xining: Mtsho sngon mi rigs dpe skrun khang, pp. 467. </p>","467, 644-646",MW4PD3075,,,,
57,Sde srid sangs rgyas rgya mtsho. 1998. Dga' ldan chos 'byung baiḍū rya ser po. Pe cin: Krung go bod kyi shes rig dpe skrun khang.,57_1143,57_242,1143,"<p>
Sangs rgyas rgya mtsho. 1998. Gga&#39; ldan chos &#39;byung baiDU r+ya ser po. 1 vols. Pe cin: krung go bod kyi shes rig dpe skrun khang, p. 242.</p>",242,MW8224,,,,
57,Sde srid sangs rgyas rgya mtsho. 1998. Dga' ldan chos 'byung baiḍū rya ser po. Pe cin: Krung go bod kyi shes rig dpe skrun khang.,57_1273,57_308,1273,"<p>
Sangs rgyas gya mtsho. 1989. <em>dga&#39; ldan chos &#39;byung baiḍūrya ser po</em>. Zi ling: krung go bod kyi shes rig dpe skrun khang, p. 308.</p>",308,MW8224,,,,
57,Sde srid sangs rgyas rgya mtsho. 1998. Dga' ldan chos 'byung baiḍū rya ser po. Pe cin: Krung go bod kyi shes rig dpe skrun khang.,57_1439,57_403-404,1439,"<p>
Sangs rgyas rgya mtsho. 1998. <em>Thang sag dga&#39; ldan chos &#39;khor</em>. In <em>Dga&#39; ldan chos &#39;byung baiDU r+ya ser po</em>, pp. 403-404. Beijing:&nbsp; Krung go bod kyi shes rig dpe skrun khang.</p>",403-404,MW8224,,,,
58,Padma rgyal mtshan. 2015. SBag sa chos sgar gyi lo rgyus. Dharamsala: Bod kyi dpe mdzod khang.,58_1473,,1473,"<p><em>Sbag sa chos sgar tgyi lo rgyus, Ngag rgyun lo rgyus deb phreng</em> Series 37. Dharamsala: Library of Tibetan Works and Archives, 2015.&nbsp;</p>",,MW8LS22905,,,,
59,Zho ra padma dbang chen. 2007. Reb gong zho 'ong dpyis sde ba'i lo rgyus. Kan su'u mi rigs dpe skrun khang.,59_1141,,1141,"<p>
zho ra padma dbang chen. 2007. <em>reb gong zho &#39;ong dpyis sde ba'i lo rgyus.</em> Lan gru: Kan su'u mi rigs dpe skrun khang.</p>",,MW8LS42248,,,,
60,Katok Situ. 1972. Dbus gtsang gnas yig. Palampur: Sungrab Nyamso Gyunphel Parkhang.,60_1356,60_216,1356,"<p>Katok Situ. 1972.<em> Dbus gtsang gnas yig</em>. Palampur: Sungrab Nyamso Gyunphel Parkhang, p. 216.&nbsp;</p>",216,MW9668,,,,
60,Katok Situ. 1972. Dbus gtsang gnas yig. Palampur: Sungrab Nyamso Gyunphel Parkhang.,60_1000,,1000,"<p>
Kaḥthog si tu 03 chos kyi rgya mtsho. 1972.<em> dBus gtsang gi gnas yig</em>. 1 vols. Palampur, Himachal Pradesh: Sungrab Nyamso Gyunphel Parkhang, p. 402.</p>",,MW9668,,,,
61,Tā laʼi bla ma 14 bstan ʼdzin rgya mtsho. 1970. Rgya gar hi ma cal mngaʼ sde dha ram sa la theg chen chos gling gtsug lag khang rten dang  brten par bcas paʼi lo rgyus dkar chag dad gsum ʼdren paʼi shing rta. Dharamsala: Office Of Private Secretary To His Holiness Dalai Lama.,61_1678,,1678,"<p>
Tā la'i bla ma 14 bstan 'dzin rgya mtsho. 1970. <em>rgya gar hi ma cal mnga' sde dha ram sa la theg chen chos gling gtsug lag khang rten dang brten par bcas pa'i lo rgyus dkar chag dad gsum 'dren pa'i shing rta</em>. Dharamsala (H.P): The Office Of Private Secretary To His Holiness Dalai Lama.</p>",,MW8LS43877,,,,
62,Skal bzang don grub. 2016. Brag dkar sprel rdzong gi gnas bshad. Pecin: Mi rigs dpe skrun khang.,62_1711,,1711,<p>Skal bzang don grub. 2016. <em>Brag dkar sprel rdzong gi gnas bshad</em>Pecin: Mi rigs dpe skrun khang.</p>,,MW1KG25661,,,,
63,"Bkra shis tshe ring, ed. 2008. ʼBras ljongs nang dgon sde khag gcig gi chags rabs yig cha. Gangtok and Dharamsala: Namgyal Institute Of Tibetology and Amnye Machen Institute.",63_1685,,1685,"<p>
Bkra shis tshe ring, editor. 2008.&nbsp;<em>&#39;Bras ljongs nang dgon sde khag gcig gi chags rabs yig cha</em>. Gangtok: Namgyal Institute of Tibetology, and Amnye Machen Institute, Dharamsala.</p>",,MW1KG819,,,,
64,"Dpal ldan stag lung paʼi gsung rnams nor bzhi bang mdzod. Nor bzhi bstan rgyas tshogs pa. Khun men: Nor bzhi bstan rgyas tshogs pa, 2007. ",64_992,,992,"<p><em>Dpal ldan stag lung pa'i gsung rnams nor bzhi bang mdzod</em>, vol. 53. Khun men: Nor bzhi bstan rgyas tshogs pa, 2007.</p>",,W1PD166109,,,,
65,"Lha mkhar yongs 'dzin bstan pa rgyal mtshan. 1985. Rgyal thang yul lung dgon gnas dang bcas pa'i byung ba mdo tsam brjod pa. Delhi: rgyal thang bya 'thab ngag dbang thabs mkhas.
",65_369,,369,"<p>
Lha mkhar yongs 'dzin bstan pa rgyal mtshan. 1985. <em>rGyal thang yul lung dgon gnas dang bcas pa'i byung ba mdo tsam brjod pa</em> (Vol. 1&ndash;1). Delhi: Ngag Dbang Thabs Mtkas.&nbsp;</p>",,MW1PD9229,,,,
65,Tshul khrims rin chen. 1971. The Autobiography of Tshul khrims rin chen of Sde dge and Other Selected Writings.  Delhi: N. Lungtok and N. Gyaltsan.</p>,65_1375,,1375,"<p>
Tshul khrims rin chen. 1971. <em>The Autobiography of Tshul-khrims-rin-chen of Sde-dge and Other Selected Writings</em>. Delhi: N. Lungtok and N. Gyaltsan.</p>",,MW23862,,,,
66,ʼBri gung chung tshang 06 chos kyi blo gros. La phyiʼi gnas yig.,66_1163,,1163,<p>&#39;bri gung chung tshang 06 chos kyi blo gros. <em>la phyi&#39;i gnas yig</em>.</p>,,MW1CZ887,,,,
67,Grong khyer lha sa'i lo rgyus rig gnas. 1994. Vol. 8. Stag rtse rdzong. Lha sa: Lha sa grong khyer khul.,67_1400,67_72,1400,"<p>Grong khyer lha sa'i lo rgyus rig gnas. 1994. Vol. 8. <em>Stag rtse rdzong</em>. Lha sa: Lha sa grong khyer khul, p. 72.</p>",72,MWA20233,,,,
68,"Bstan 'dzin rgya mtsho, Ta' la'i bla ma. 1989. 'Jam mgon rgyal ba'i rgyal tshab yongs 'dzin gling sprul rdo rje 'chang thub bstan lung rtogs rnam rgyal 'phrin las dpal bzang po'i zhal snga nas kyi thun mong ba'i mdzad pa rnam thar mdo tsam brjod pa nor bu'i do shal. Dharamsala: Tibetan Cultural Printing Press.",,,1470,"<p>Bstan &#39;dzin rgya mtsho, Ta&#39; la&#39;i bla ma.&nbsp; 1989.&nbsp; &#39;<em>Jam mgon rgyal ba&#39;i rgyal tshab yongs &#39;dzin gling sprul rdo rje &#39;chang thub bstan lung rtogs rnam rgyal &#39;phrin las dpal bzang po&#39;i zhal snga nas kyi thun mong ba&#39;i mdzad pa rnam thar mdo tsam brjod pa nor bu&#39;i do shal</em>. Dharamsala: Tibetan Cultural Printing Press.&nbsp;</p>",,MWA22379,,,,
69,"Akester, Matthew. 2016. Jamyang Khyentse Wangpo's Guide to Central Tibet. Chicago, IL: Serindia Publications.",69_1359,69_102,1359,"<p>
Akester, Matthew. 2016. <em>Jamyang Khyentse Wangpo&#39;s Guide to Central Tibet</em>. Chicago, IL: Serindia Publications, p. 102.</p>",102,,,1087869026,,https://search.worldcat.org/title/1087869026
69,"Akester, Matthew. 2016. Jamyang Khyentse Wangpo's Guide to Central Tibet. Chicago, IL: Serindia Publications.",69_342,69_110,342,"<p>
Akester, Matthew. 2016. <em>Jamyang Khyentse Wangpo&#39;s Guide to Central Tibet</em>. Chicago, IL: Serindia Publications, p. 110.</p>",110,,,1087869026,,https://search.worldcat.org/title/1087869026
69,"Akester, Matthew. 2016. Jamyang Khyentse Wangpo's Guide to Central Tibet. Chicago, IL: Serindia Publications.",69_908,69_110,908,"<p>
Akester, Matthew. 2016. <em>Jamyang Khyentse Wangpo&#39;s Guide to Central Tibet</em>. Chicago, IL: Serindia Publications, p. 110.</p>",110,,,1087869026,,https://search.worldcat.org/title/1087869026
69,"Akester, Matthew. 2016. Jamyang Khyentse Wangpo's Guide to Central Tibet. Chicago, IL: Serindia Publications.",69_842,69_114,842,"<p>
Akester, Matthew. 2016. <em>Jamyang Khyentse Wangpo&#39;s Guide to Central Tibet</em>. Chicago, IL: Serindia Publications, p. 114.</p>",114,,,1087869026,,https://search.worldcat.org/title/1087869026
69,"Akester, Matthew. 2016. Jamyang Khyentse Wangpo's Guide to Central Tibet. Chicago, IL: Serindia Publications.",69_907,69_116,907,"<p>
Akester, Matthew. 2016. <em>Jamyang Khyentse Wangpo&#39;s Guide to Central Tibet</em>. Chicago, IL: Serindia Publications, p. 116.</p>",116,,,1087869026,,https://search.worldcat.org/title/1087869026
69,"Akester, Matthew. 2016. Jamyang Khyentse Wangpo's Guide to Central Tibet. Chicago, IL: Serindia Publications.",69_349,69_118,349,"<p>
Akester, Matthew. 2016. <em>Jamyang Khyentse Wangpo&#39;s Guide to Central Tibet</em>. Chicago, IL: Serindia Publications, p. 118.</p>",118,,,1087869026,,https://search.worldcat.org/title/1087869026
69,"Akester, Matthew. 2016. Jamyang Khyentse Wangpo's Guide to Central Tibet. Chicago, IL: Serindia Publications.",69_322,69_119,322,"<p>
Akester, Matthew. 2016. <em>Jamyang Khyentse Wangpo&#39;s Guide to Central Tibet</em>. Chicago, IL: Serindia Publications, p. 119.</p>",119,,,1087869026,,https://search.worldcat.org/title/1087869026
69,"Akester, Matthew. 2016. Jamyang Khyentse Wangpo's Guide to Central Tibet. Chicago, IL: Serindia Publications.",69_1560,69_126,1560,"<p>
Akester, Matthew. 2016. <em>Jamyang Khyentse Wangpo&#39;s Guide to Central Tibet</em>. Chicago, IL: Serindia Publications, p. 126.</p>",126,,,1087869026,,https://search.worldcat.org/title/1087869026
69,"Akester, Matthew. 2016. Jamyang Khyentse Wangpo's Guide to Central Tibet. Chicago, IL: Serindia Publications.",69_1230,69_190,1230,"<p>
Akester, Matthew. 2016. <em>Jamyang Khyentse Wangpo&#39;s Guide to Central Tibet</em>. Chicago, IL: Serindia Publications, p. 190, f.1.</p>",190,,,1087869026,,https://search.worldcat.org/title/1087869026
69,"Akester, Matthew. 2016. Jamyang Khyentse Wangpo's Guide to Central Tibet. Chicago, IL: Serindia Publications.",69_1275,69_344,1275,"<p>
Akester, Matthew. 2016. <em>Jamyang Khyentse Wangpo&#39;s Guide to Central Tibet</em>. Chicago, IL: Serindia Publications, p. 344.</p>",344,,,1087869026,,https://search.worldcat.org/title/1087869026
69,"Akester, Matthew. 2016. Jamyang Khyentse Wangpo's Guide to Central Tibet. Chicago, IL: Serindia Publications.",69_840,69_387,840,"<p>
Akester, Matthew. 2016. <em>Jamyang Khyentse Wangpo&#39;s Guide to Central Tibet</em>. Chicago, IL: Serindia Publications, p. 387.</p>",387,,,1087869026,,https://search.worldcat.org/title/1087869026
69,"Akester, Matthew. 2016. Jamyang Khyentse Wangpo's Guide to Central Tibet. Chicago, IL: Serindia Publications.",69_824,69_492,824,"<p>
Akester, Matthew. 2016. <em>Jamyang Khyentse Wangpo&#39;s Guide to Central Tibet</em>. Chicago, IL: Serindia Publications, p. 492.</p>",492,,,1087869026,,https://search.worldcat.org/title/1087869026
69,"Akester, Matthew. 2016. Jamyang Khyentse Wangpo's Guide to Central Tibet. Chicago, IL: Serindia Publications.",69_1450,69_551,1450,"<p>
Akester, Matthew. 2016. <em>Jamyang Khyentse Wangpo&#39;s Guide to Central Tibet</em>. Chicago, IL: Serindia Publications, p. 551.</p>",551,,,1087869026,,https://search.worldcat.org/title/1087869026
69,"Akester, Matthew. 2016. Jamyang Khyentse Wangpo's Guide to Central Tibet. Chicago, IL: Serindia Publications.",69_618,69_566,618,"<p>
Akester, Matthew. 2016. <em>Jamyang Khyentse Wangpo&#39;s Guide to Central Tibet</em>. Chicago, IL: Serindia Publications, p. 566.</p>",566,,,1087869026,,https://search.worldcat.org/title/1087869026
69,"Akester, Matthew. 2016. Jamyang Khyentse Wangpo's Guide to Central Tibet. Chicago, IL: Serindia Publications.",69_935,69_587,935,"<p>
Akester, Matthew. 2016. <em>Jamyang Khyentse Wangpo&#39;s Guide to Central Tibet</em>. Chicago, IL: Serindia Publications, p. 587.&nbsp;</p>",587,,,1087869026,,https://search.worldcat.org/title/1087869026
69,"Akester, Matthew. 2016. Jamyang Khyentse Wangpo's Guide to Central Tibet. Chicago, IL: Serindia Publications.",69_995,69_622,995,"<p>
Akester, Matthew. 2016.<em> Jamyang Khyentse Wangpo&#39;s Guide to Central Tibet</em>. Chicago, IL: Serindia Publications, p. 622.&nbsp;</p>",622,,,1087869026,,https://search.worldcat.org/title/1087869026
69,"Akester, Matthew. 2016. Jamyang Khyentse Wangpo's Guide to Central Tibet. Chicago, IL: Serindia Publications.",69_560,69_633,560,"<p>
Akester, Matthew. 2016. <em>Jamyang Khyentse Wangpo&#39;s Guide to Central Tibet</em>. Chicago, IL: Serindia Publications, p. 633.</p>",633,,,1087869026,,https://search.worldcat.org/title/1087869026
69,"Akester, Matthew. 2016. Jamyang Khyentse Wangpo's Guide to Central Tibet. Chicago, IL: Serindia Publications.",69_443,69_101-104,443,"<p>
Akester, Matthew. 2016. <em>Jamyang Khyentse Wangpo&#39;s Guide to Central Tibet</em>. Chicago, IL: Serindia Publications, pp. 101-104.</p>",101-104,,,1087869026,,https://search.worldcat.org/title/1087869026
69,"Akester, Matthew. 2016. Jamyang Khyentse Wangpo's Guide to Central Tibet. Chicago, IL: Serindia Publications.",69_873,69_104-105,873,"<p>
Akester, Matthew. 2016. <em>Jamyang Khyentse Wangpo&#39;s Guide to Central Tibet</em>. Chicago, IL: Serindia Publications, 104-105.</p>",104-105,,,1087869026,,https://search.worldcat.org/title/1087869026
69,"Akester, Matthew. 2016. Jamyang Khyentse Wangpo's Guide to Central Tibet. Chicago, IL: Serindia Publications.",69_536,69_105-106,536,"<p>
Akester, Matthew. 2016.<em> Jamyang Khyentse Wangpo&#39;s Guide to Central Tibet</em>. Chicago, IL: Serindia Publications, p. 105-106.</p>",105-106,,,1087869026,,https://search.worldcat.org/title/1087869026
69,"Akester, Matthew. 2016. Jamyang Khyentse Wangpo's Guide to Central Tibet. Chicago, IL: Serindia Publications.",69_871,69_106-107,871,"<p>
Akester, Matthew. 2016. <em>Jamyang Khyentse Wangpo&#39;s Guide to Central Tibet</em>. Chicago, IL: Serindia Publications, pp. 106-107.</p>",106-107,,,1087869026,,https://search.worldcat.org/title/1087869026
69,"Akester, Matthew. 2016. Jamyang Khyentse Wangpo's Guide to Central Tibet. Chicago, IL: Serindia Publications.",69_38,69_109-113,38,"<p>
Akester, Matthew. 2016. Jamyang Khyentse Wangpo&#39;s Guide to Central Tibet. Chicago, IL: Serindia Publications, pp. 109-113.</p>",109-113,,,1087869026,,https://search.worldcat.org/title/1087869026
69,"Akester, Matthew. 2016. Jamyang Khyentse Wangpo's Guide to Central Tibet. Chicago, IL: Serindia Publications.",69_355,69_110,355,"<p>
Akester, Matthew. 2016.<em> Jamyang Khyentse Wangpo&#39;s Guide to Central Tibet</em>. Chicago, IL: Serindia Publications, p. 110.</p>",110,,,1087869026,,https://search.worldcat.org/title/1087869026
69,"Akester, Matthew. 2016. Jamyang Khyentse Wangpo's Guide to Central Tibet. Chicago, IL: Serindia Publications.",69_893,69_112-113,893,"<p>
Akester, Matthew. 2016. <em>Jamyang Khyentse Wangpo&#39;s Guide to Central Tibet</em>. Chicago, IL: Serindia Publications, pp. 112-113.</p>",112-113,,,1087869026,,https://search.worldcat.org/title/1087869026
69,"Akester, Matthew. 2016. Jamyang Khyentse Wangpo's Guide to Central Tibet. Chicago, IL: Serindia Publications.",69_909,69_112-113,909,"<p>Akester, Matthew. 2016. <em>Jamyang Khyentse Wangpo&#39;s Guide to Central Tibet</em>. Chicago, IL: Serindia Publications, pp. 112-113.</p>",112-113,,,1087869026,,https://search.worldcat.org/title/1087869026
69,"Akester, Matthew. 2016. Jamyang Khyentse Wangpo's Guide to Central Tibet. Chicago, IL: Serindia Publications.",69_37,69_115-118,37,"<p>
Akester, Matthew. 2016. <em>Jamyang Khyentse Wangpo&#39;s Guide to Central Tibet</em>. Chicago, IL: Serindia Publications, pp. 115-118.</p>",115-118,,,1087869026,,https://search.worldcat.org/title/1087869026
69,"Akester, Matthew. 2016. Jamyang Khyentse Wangpo's Guide to Central Tibet. Chicago, IL: Serindia Publications.",69_348,69_117,348,"<p>
Akester, Matthew. 2016.<em> Jamyang Khyentse Wangpo&#39;s Guide to Central Tibet</em>. Chicago, IL: Serindia Publications, p. 117.</p>",117,,,1087869026,,https://search.worldcat.org/title/1087869026
69,"Akester, Matthew. 2016. Jamyang Khyentse Wangpo's Guide to Central Tibet. Chicago, IL: Serindia Publications.",69_321,69_127,321,"<p>
Akester, Matthew. 2016.<em>&nbsp;Jamyang Khyentse Wangpo&#39;s Guide to Central Tibet</em>. Chicago, IL: Serindia Publications, p. 127.</p>",127,,,1087869026,,https://search.worldcat.org/title/1087869026
69,"Akester, Matthew. 2016. Jamyang Khyentse Wangpo's Guide to Central Tibet. Chicago, IL: Serindia Publications.",69_862,69_132-139,862,"<p>
Akester, Matthew. 2016. <em>Jamyang Khyentse Wangpo&#39;s Guide to Central Tibet</em>. Chicago, IL: Serindia Publications, pp. 132-139.</p>",132-139,,,1087869026,,https://search.worldcat.org/title/1087869026
69,"Akester, Matthew. 2016. Jamyang Khyentse Wangpo's Guide to Central Tibet. Chicago, IL: Serindia Publications.",69_45,69_168-173,45,"<p>
Akester, Matthew. 2016. <em>Jamyang Khyentse Wangpo&#39;s Guide to Central Tibet</em>. Chicago, IL: Serindia Publications, pp. 168-173.</p>",168-173,,,1087869026,,https://search.worldcat.org/title/1087869026
69,"Akester, Matthew. 2016. Jamyang Khyentse Wangpo's Guide to Central Tibet. Chicago, IL: Serindia Publications.",69_420,69_175-176,420,"<p>
Akester, Matthew. 2016. <em>Jamyang Khyentse Wangpo&#39;s Guide to Central Tibet</em>. Chicago, IL: Serindia Publications, pp. 175-176.</p>",175-176,,,1087869026,,https://search.worldcat.org/title/1087869026
69,"Akester, Matthew. 2016. Jamyang Khyentse Wangpo's Guide to Central Tibet. Chicago, IL: Serindia Publications.",69_822,69_182-186,822,"<p>
Akester, Matthew. 2016.<em> Jamyang Khyentse Wangpo&#39;s Guide to Central Tibet</em>. Chicago, IL: Serindia Publications, p. 182-186.</p>",182-186,,,1087869026,,https://search.worldcat.org/title/1087869026
69,"Akester, Matthew. 2016. Jamyang Khyentse Wangpo's Guide to Central Tibet. Chicago, IL: Serindia Publications.",69_1289,69_182_291,1289,"<p>
Akester, Matthew. 2016.<em> Jamyang Khyentse Wangpo&#39;s Guide to Central Tibet</em>. Chicago, IL: Serindia Publications, pp. 182, 291.</p>","182, 291",,,1087869026,,https://search.worldcat.org/title/1087869026
69,"Akester, Matthew. 2016. Jamyang Khyentse Wangpo's Guide to Central Tibet. Chicago, IL: Serindia Publications.",69_92,69_219-225,92,"<p>
Akester, Matthew. 2016. <em>Jamyang Khyentse Wangpo&#39;s Guide to Central Tibet</em>. Chicago, IL: Serindia Publications, pp. 219-225.</p>",219-225,,,1087869026,,https://search.worldcat.org/title/1087869026
69,"Akester, Matthew. 2016. Jamyang Khyentse Wangpo's Guide to Central Tibet. Chicago, IL: Serindia Publications.",69_305,69_223-227,305,"<p>
Akester, Matthew. 2016. <em>Jamyang Khyentse Wangpo&#39;s Guide to Central Tibet</em>. Chicago, IL: Serindia Publications, pp. 223-227.</p>",223-227,,,1087869026,,https://search.worldcat.org/title/1087869026
69,"Akester, Matthew. 2016. Jamyang Khyentse Wangpo's Guide to Central Tibet. Chicago, IL: Serindia Publications.",69_91,69_226-229,91,"<p>
Akester, Matthew. 2016. <em>Jamyang Khyentse Wangpo&#39;s Guide to Central Tibet</em>. Chicago, IL: Serindia Publications, pp. 226-229.</p>",226-229,,,1087869026,,https://search.worldcat.org/title/1087869026
69,"Akester, Matthew. 2016. Jamyang Khyentse Wangpo's Guide to Central Tibet. Chicago, IL: Serindia Publications.",69_85,69_235-237,85,"<p>
Akester, Matthew. 2016. <em>Jamyang Khyentse Wangpo&#39;s Guide to Central Tibet</em>. Chicago, IL: Serindia Publications, pp.&nbsp;235-237.</p>",235-237,,,1087869026,,https://search.worldcat.org/title/1087869026
69,"Akester, Matthew. 2016. Jamyang Khyentse Wangpo's Guide to Central Tibet. Chicago, IL: Serindia Publications.",69_1303,69_235-237,1303,"<p>
Akester, Matthew. 2016. Jamyang Khyentse Wangpo&#39;s Guide to Central Tibet. Chicago, IL: Serindia Publications, pp. 235-237.</p>",235-237,,,1087869026,,https://search.worldcat.org/title/1087869026
69,"Akester, Matthew. 2016. Jamyang Khyentse Wangpo's Guide to Central Tibet. Chicago, IL: Serindia Publications.",69_1236,69_238-239,1236,"<p>
Akester, Matthew. 2016. <em>Jamyang Khyentse Wangpo&#39;s Guide to Central Tibet</em>. Chicago, IL: Serindia Publications, pp. 238-239.</p>",238-239,,,1087869026,,https://search.worldcat.org/title/1087869026
69,"Akester, Matthew. 2016. Jamyang Khyentse Wangpo's Guide to Central Tibet. Chicago, IL: Serindia Publications.",69_1136,69_246_248_262_280_518,1136,"<p>
Akester, Matthew. 2016. <em>Jamyang Khyentse Wangpo&#39;s Guide to Central Tibet</em>. Chicago, IL: Serindia Publications, pp. 246, 248, 262, 280, 518.</p>","246, 248, 262, 280, 518",,,1087869026,,https://search.worldcat.org/title/1087869026
69,"Akester, Matthew. 2016. Jamyang Khyentse Wangpo's Guide to Central Tibet. Chicago, IL: Serindia Publications.",69_327,69_27-34,327,"<p>
Akester, Matthew. 2016. <em>Jamyang Khyentse Wangpo&#39;s Guide to Central Tibet</em>. Chicago, IL: Serindia Publications, pp. 27-34.</p>",27-34,,,1087869026,,https://search.worldcat.org/title/1087869026
69,"Akester, Matthew. 2016. Jamyang Khyentse Wangpo's Guide to Central Tibet. Chicago, IL: Serindia Publications.",69_1373,69_275-277,1373,"<p>
Akester, Matthew. 2016. <em>Jamyang Khyentse Wangpo&#39;s Guide to Central Tibet</em>. Chicago, IL: Serindia Publications, pp. 275-277.</p>",275-277,,,1087869026,,https://search.worldcat.org/title/1087869026
69,"Akester, Matthew. 2016. Jamyang Khyentse Wangpo's Guide to Central Tibet. Chicago, IL: Serindia Publications.",69_10,69_288-294,10,"<p>
Akester, Matthew. 2016. Jamyang Khyentse Wangpo&#39;s Guide to Central Tibet. Chicago, IL: Serindia Publications, pp. 288-294.</p>",288-294,,,1087869026,,https://search.worldcat.org/title/1087869026
69,"Akester, Matthew. 2016. Jamyang Khyentse Wangpo's Guide to Central Tibet. Chicago, IL: Serindia Publications.",69_1356,69_303-304,1356,"<p>Akester, Matthew, and Mkhyen-brtse'i-dbang-po. 2016.&nbsp;<em>Jamyang Khyentsé Wangpo&#39;s Guide to Central Tibet</em>. Chicago: Serindia Publications, pp. 300, 303-304.</p>",303-304,,,1087869026,,
69,"Akester, Matthew. 2016. Jamyang Khyentse Wangpo's Guide to Central Tibet. Chicago, IL: Serindia Publications.",69_165,69_305-328,165,"<p>
Akester, Matthew. 2016. <em>Jamyang Khyentse Wangpo&#39;s Guide to Central Tibet</em>. Chicago, IL: Serindia Publications, pp. 305-328.</p>",305-328,,,1087869026,,https://search.worldcat.org/title/1087869026
69,"Akester, Matthew. 2016. Jamyang Khyentse Wangpo's Guide to Central Tibet. Chicago, IL: Serindia Publications.",69_951,69_329-335,951,"<p>
Akester, Matthew. 2016. <em>Jamyang Khyentse Wangpo&#39;s Guide to Central Tibet</em>. Chicago, IL: Serindia Publications, pp. 329-335.</p>",329-335,,,1087869026,,https://search.worldcat.org/title/1087869026
69,"Akester, Matthew. 2016. Jamyang Khyentse Wangpo's Guide to Central Tibet. Chicago, IL: Serindia Publications.",69_1465,69_333-334,1465,"<p>
Akester, Matthew. 2016. <em>Jamyang Khyentse Wangpo&#39;s Guide to Central Tibet</em>. Chicago, IL: Serindia Publications, pp. 333-334.</p>",333-334,,,1087869026,,https://search.worldcat.org/title/1087869026
69,"Akester, Matthew. 2016. Jamyang Khyentse Wangpo's Guide to Central Tibet. Chicago, IL: Serindia Publications.",69_1214,69_341_353-357,1214,"<p>
Akester, Matthew. 2016. <em>Jamyang Khyentse Wangpo&#39;s Guide to Central Tibet</em>. Chicago, IL: Serindia Publications, p. 341, 353-357.&nbsp;</p>","341, 353-357",,,1087869026,,https://search.worldcat.org/title/1087869026
69,"Akester, Matthew. 2016. Jamyang Khyentse Wangpo's Guide to Central Tibet. Chicago, IL: Serindia Publications.",69_11,69_353-357,11,"<p>
Akester, Matthew. 2016. Jamyang Khyentse Wangpo&#39;s Guide to Central Tibet. Chicago, IL: Serindia Publications, pp. 353-357.</p>",353-357,,,1087869026,,https://search.worldcat.org/title/1087869026
69,"Akester, Matthew. 2016. Jamyang Khyentse Wangpo's Guide to Central Tibet. Chicago, IL: Serindia Publications.",69_73,69_357-358,73,"<p>
Akester, Matthew. 2016. <em>Jamyang Khyentse Wangpo&#39;s Guide to Central Tibet</em>. Chicago, IL: Serindia Publications, pp. 357-358.</p>",357-358,,,1087869026,,https://search.worldcat.org/title/1087869026
69,"Akester, Matthew. 2016. Jamyang Khyentse Wangpo's Guide to Central Tibet. Chicago, IL: Serindia Publications.",69_80,69_37-44,80,"<p>
Akester, Matthew. 2016. <em>Jamyang Khyentse Wangpo&#39;s Guide to Central Tibet</em>. Chicago, IL: Serindia Publications, pp. 37-44.</p>",37-44,,,1087869026,,https://search.worldcat.org/title/1087869026
69,"Akester, Matthew. 2016. Jamyang Khyentse Wangpo's Guide to Central Tibet. Chicago, IL: Serindia Publications.",69_960,69_385-387,960,"<p>
Akester, Matthew. 2016. <em>Jamyang Khyentse Wangpo&#39;s Guide to Central Tibet</em>. Chicago, IL: Serindia Publications,&nbsp; pp. 385-387.</p>",385-387,,,1087869026,,https://search.worldcat.org/title/1087869026
69,"Akester, Matthew. 2016. Jamyang Khyentse Wangpo's Guide to Central Tibet. Chicago, IL: Serindia Publications.",69_63,69_394-401,63,"<p>
Akester, Matthew. 2016.&nbsp;<em>Jamyang Khyentse Wangpo&#39;s Guide to Central Tibet</em>. Chicago, IL: Serindia Publications, p. 394-401.</p>",394-401,,,1087869026,,https://search.worldcat.org/title/1087869026
69,"Akester, Matthew. 2016. Jamyang Khyentse Wangpo's Guide to Central Tibet. Chicago, IL: Serindia Publications.",69_485,69_405-408,485,"<p>
Akester, Matthew. 2016. <em>Jamyang Khyentse Wangpo&#39;s Guide to Central Tibet</em>. Chicago, IL: Serindia Publications, pp. 405-408.</p>",405-408,,,1087869026,,https://search.worldcat.org/title/1087869026
69,"Akester, Matthew. 2016. Jamyang Khyentse Wangpo's Guide to Central Tibet. Chicago, IL: Serindia Publications.",69_1196,69_410-411,1196,"<p>
Akester, Matthew. 2016. <em>Jamyang Khyentse Wangpo&#39;s Guide to Central Tibet</em>. Chicago, IL: Serindia Publications, pp. 410-411.</p>",410-411,,,1087869026,,https://search.worldcat.org/title/1087869026
69,"Akester, Matthew. 2016. Jamyang Khyentse Wangpo's Guide to Central Tibet. Chicago, IL: Serindia Publications.",69_1345,69_417-418,1345,"<p>
Akester, Matthew. 2016. <em>Jamyang Khyentse Wangpo&#39;s Guide to Central Tibet</em>. Chicago, IL: Serindia Publications, p. 417-418.</p>",417-418,,,1087869026,,https://search.worldcat.org/title/1087869026
69,"Akester, Matthew. 2016. Jamyang Khyentse Wangpo's Guide to Central Tibet. Chicago, IL: Serindia Publications.",69_1082,69_419-420,1082,"<p>
Akester, Matthew. 2016. <em>Jamyang Khyentse Wangpo&#39;s Guide to Central Tibet</em>. Chicago, IL: Serindia Publications, pp. 419-420.</p>",419-420,,,1087869026,,https://search.worldcat.org/title/1087869026
69,"Akester, Matthew. 2016. Jamyang Khyentse Wangpo's Guide to Central Tibet. Chicago, IL: Serindia Publications.",69_1184,69_425-428,1184,"<p>
Akester, Matthew. 2016. <em>Jamyang Khyentse Wangpo&#39;s Guide to Central Tibet</em>. Chicago, IL: Serindia Publications, pp. 425-428.</p>",425-428,,,1087869026,,https://search.worldcat.org/title/1087869026
69,"Akester, Matthew. 2016. Jamyang Khyentse Wangpo's Guide to Central Tibet. Chicago, IL: Serindia Publications.",69_253,69_438-489,253,"<p>
Akester, Matthew. 2016. <em>Jamyang Khyentse Wangpo&#39;s Guide to Central Tibet</em>. Chicago, IL: Serindia Publications, pp. 438-489.</p>",438-489,,,1087869026,,https://search.worldcat.org/title/1087869026
69,"Akester, Matthew. 2016. Jamyang Khyentse Wangpo's Guide to Central Tibet. Chicago, IL: Serindia Publications.",69_553,69_447-450,553,"<p>
Akester, Matthew. 2016.<em> Jamyang Khyentse Wangpo&#39;s Guide to Central Tibet</em>. Chicago, IL: Serindia Publications, pp. 447-450.</p>",447-450,,,1087869026,,https://search.worldcat.org/title/1087869026
69,"Akester, Matthew. 2016. Jamyang Khyentse Wangpo's Guide to Central Tibet. Chicago, IL: Serindia Publications.",69_102,69_491-495,102,"<p>
Akester, Matthew. 2016. <em>Jamyang Khyentse Wangpo&#39;s Guide to Central Tibet</em>. Chicago, IL: Serindia Publications, pp. 491-495.</p>",491-495,,,1087869026,,https://search.worldcat.org/title/1087869026
69,"Akester, Matthew. 2016. Jamyang Khyentse Wangpo's Guide to Central Tibet. Chicago, IL: Serindia Publications.",69_93,69_495-497,93,"<p>
Akester, Matthew. 2016. <em>Jamyang Khyentse Wangpo&#39;s Guide to Central Tibet</em>. Chicago, IL: Serindia Publications, pp. 495-497.</p>",495-497,,,1087869026,,https://search.worldcat.org/title/1087869026
69,"Akester, Matthew. 2016. Jamyang Khyentse Wangpo's Guide to Central Tibet. Chicago, IL: Serindia Publications.",69_101,69_497,101,"<p>
Akester, Matthew. 2016.<em> Jamyang Khyentse Wangpo&#39;s Guide to Central Tibet</em>. Chicago, IL: Serindia Publications, p. 497.</p>",497,,,1087869026,,https://search.worldcat.org/title/1087869026
69,"Akester, Matthew. 2016. Jamyang Khyentse Wangpo's Guide to Central Tibet. Chicago, IL: Serindia Publications.",69_226,69_50,226,"<p>
Akester, Matthew. 2016. Jamyang Khyentse Wangpo&#39;s Guide to Central Tibet. Chicago, IL: Serindia Publications, p. 50.</p>",50,,,1087869026,,https://search.worldcat.org/title/1087869026
69,"Akester, Matthew. 2016. Jamyang Khyentse Wangpo's Guide to Central Tibet. Chicago, IL: Serindia Publications.",69_199,69_50-52,199,"<p>
Akester, Matthew. 2016. <em>Jamyang Khyentse Wangpo&#39;s Guide to Central Tibet</em>. Chicago, IL: Serindia Publications, pp. 50-52.</p>",50-52,,,1087869026,,https://search.worldcat.org/title/1087869026
69,"Akester, Matthew. 2016. Jamyang Khyentse Wangpo's Guide to Central Tibet. Chicago, IL: Serindia Publications.",69_35,69_500-504,35,"<p>
Akester, Matthew. 2016.<em> Jamyang Khyentse Wangpo&#39;s Guide to Central Tibet</em>. Chicago, IL: Serindia Publications, pp. 500-504.</p>",500-504,,,1087869026,,https://search.worldcat.org/title/1087869026
69,"Akester, Matthew. 2016. Jamyang Khyentse Wangpo's Guide to Central Tibet. Chicago, IL: Serindia Publications.",69_657,69_505-506,657,"<p>
Akester, Matthew. 2016.<em> Jamyang Khyentse Wangpo&#39;s Guide to Central Tibet</em>. Chicago, IL: Serindia Publications, pp. 505-506.</p>",505-506,,,1087869026,,https://search.worldcat.org/title/1087869026
69,"Akester, Matthew. 2016. Jamyang Khyentse Wangpo's Guide to Central Tibet. Chicago, IL: Serindia Publications.",69_446,69_507-508,446,"<p>
Akester, Matthew. 2016. <em>Jamyang Khyentse Wangpo&#39;s Guide to Central Tibet</em>. Chicago, IL: Serindia Publications, pp. 507-508.</p>",507-508,,,1087869026,,https://search.worldcat.org/title/1087869026
69,"Akester, Matthew. 2016. Jamyang Khyentse Wangpo's Guide to Central Tibet. Chicago, IL: Serindia Publications.",69_185,69_518,185,"<p>
Akester, Matthew. 2016.<em> Jamyang Khyentse Wangpo&#39;s Guide to Central Tibet</em>. Chicago, IL: Serindia Publications, p. 518.</p>",518,,,1087869026,,https://search.worldcat.org/title/1087869026
69,"Akester, Matthew. 2016. Jamyang Khyentse Wangpo's Guide to Central Tibet. Chicago, IL: Serindia Publications.",69_105,69_519_522,105,"<p>
Akester, Matthew. 2016. <em>Jamyang Khyentse Wangpo&#39;s Guide to Central Tibet</em>. Chicago, IL: Serindia Publications, pp. 519, 522.&nbsp;</p>","519, 522",,,1087869026,,https://search.worldcat.org/title/1087869026
69,"Akester, Matthew. 2016. Jamyang Khyentse Wangpo's Guide to Central Tibet. Chicago, IL: Serindia Publications.",69_229,69_523-524,229,"<p>
Akester, Matthew. 2016. <em>Jamyang Khyentse Wangpo&#39;s Guide to Central Tibet</em>. Chicago, IL: Serindia Publications, pp. 523-524.</p>",523-524,,,1087869026,,https://search.worldcat.org/title/1087869026
69,"Akester, Matthew. 2016. Jamyang Khyentse Wangpo's Guide to Central Tibet. Chicago, IL: Serindia Publications.",69_1336,69_524-525,1336,"<p>
Akester, Matthew. 2016. <em>Jamyang Khyentse Wangpo&#39;s Guide to Central Tibet</em>. Chicago, IL: Serindia Publications, pp. 524-525.</p>",524-525,,,1087869026,,https://search.worldcat.org/title/1087869026
69,"Akester, Matthew. 2016. Jamyang Khyentse Wangpo's Guide to Central Tibet. Chicago, IL: Serindia Publications.",69_275,69_526-527,275,"<p>
Akester, Matthew. 2016. <em>Jamyang Khyentse Wangpo&#39;s Guide to Central Tibet</em>. Chicago, IL: Serindia Publications, pp. 526-527.</p>",526-527,,,1087869026,,https://search.worldcat.org/title/1087869026
69,"Akester, Matthew. 2016. Jamyang Khyentse Wangpo's Guide to Central Tibet. Chicago, IL: Serindia Publications.",69_839,69_529-530,839,"<p>
Akester, Matthew. 2016. <em>Jamyang Khyentse Wangpo&#39;s Guide to Central Tibet</em>. Chicago, IL: Serindia Publications, pp. 529-530.</p>",529-530,,,1087869026,,https://search.worldcat.org/title/1087869026
69,"Akester, Matthew. 2016. Jamyang Khyentse Wangpo's Guide to Central Tibet. Chicago, IL: Serindia Publications.",69_216,69_53-54,216,"<p>
Akester, Matthew. 2016. <em>Jamyang Khyentse Wangpo&#39;s Guide to Central Tibet</em>. Chicago, IL: Serindia Publications, pp. 53-54.</p>",53-54,,,1087869026,,https://search.worldcat.org/title/1087869026
69,"Akester, Matthew. 2016. Jamyang Khyentse Wangpo's Guide to Central Tibet. Chicago, IL: Serindia Publications.",69_183,69_532-533,183,"<p>
Akester, Matthew. 2016. <em>Jamyang Khyentse Wangpo&#39;s Guide to Central Tibet</em>. Chicago, IL: Serindia Publications, pp. 532-533.</p>",532-533,,,1087869026,,https://search.worldcat.org/title/1087869026
69,"Akester, Matthew. 2016. Jamyang Khyentse Wangpo's Guide to Central Tibet. Chicago, IL: Serindia Publications.",69_197,69_549-550,197,"<p>
Akester, Matthew. 2016. <em>Jamyang Khyentse Wangpo&#39;s Guide to Central Tibet</em>. Chicago, IL: Serindia Publications, pp. 549-550.</p>",549-550,,,1087869026,,https://search.worldcat.org/title/1087869026
69,"Akester, Matthew. 2016. Jamyang Khyentse Wangpo's Guide to Central Tibet. Chicago, IL: Serindia Publications.",69_270,69_557-559,270,"<p>
Akester, Matthew. 2016. <em>Jamyang Khyentse Wangpo&#39;s Guide to Central Tibet</em>. Chicago, IL: Serindia Publications, pp. 557-559.</p>",557-559,,,1087869026,,https://search.worldcat.org/title/1087869026
69,"Akester, Matthew. 2016. Jamyang Khyentse Wangpo's Guide to Central Tibet. Chicago, IL: Serindia Publications.",69_128,69_56-61,128,"<p>
Akester, Matthew. 2016. <em>Jamyang Khyentse Wangpo&#39;s Guide to Central Tibet</em>. Chicago, IL: Serindia Publications, pp. 56-61.</p>",56-61,,,1087869026,,https://search.worldcat.org/title/1087869026
69,"Akester, Matthew. 2016. Jamyang Khyentse Wangpo's Guide to Central Tibet. Chicago, IL: Serindia Publications.",69_62,69_566-569,62,"<p>
Akester, Matthew. 2016. <em>Jamyang Khyentse Wangpo&#39;s Guide to Central Tibet</em>. Chicago, IL: Serindia Publications, pp. 566-569.</p>",566-569,,,1087869026,,https://search.worldcat.org/title/1087869026
69,"Akester, Matthew. 2016. Jamyang Khyentse Wangpo's Guide to Central Tibet. Chicago, IL: Serindia Publications.",69_453,69_566_598-599,453,"<p>
Akester, Matthew. 2016. <em>Jamyang Khyentse Wangpo&#39;s Guide to Central Tibet</em>. Chicago, IL: Serindia Publications, pp. 566, 598-599.</p>","566, 598-599",,,1087869026,,https://search.worldcat.org/title/1087869026
69,"Akester, Matthew. 2016. Jamyang Khyentse Wangpo's Guide to Central Tibet. Chicago, IL: Serindia Publications.",69_33,69_566_602,33,"<p>
Akester, Matthew. 2016. <em>Jamyang Khyentse Wangpo&#39;s Guide to Central Tibet</em>. Chicago, IL: Serindia Publications, pp. 566, 602.</p>","566, 602",,,1087869026,,https://search.worldcat.org/title/1087869026
69,"Akester, Matthew. 2016. Jamyang Khyentse Wangpo's Guide to Central Tibet. Chicago, IL: Serindia Publications.",69_1329,69_570-571,1329,"<p>
Akester, Matthew. 2016. <em>Jamyang Khyentse Wangpo&#39;s Guide to Central Tibet</em>. Chicago, IL: Serindia Publications, pp. 570-571.</p>",570-571,,,1087869026,,https://search.worldcat.org/title/1087869026
69,"Akester, Matthew. 2016. Jamyang Khyentse Wangpo's Guide to Central Tibet. Chicago, IL: Serindia Publications.",69_32,69_572-576,32,"<p>
Akester, Matthew. 2016. <em>Jamyang Khyentse Wangpo&#39;s Guide to Central Tibet</em>. Chicago, IL: Serindia Publications, pp. 572-576.</p>",572-576,,,1087869026,,https://search.worldcat.org/title/1087869026
69,"Akester, Matthew. 2016. Jamyang Khyentse Wangpo's Guide to Central Tibet. Chicago, IL: Serindia Publications.",69_603,69_577-591,603,"<p>
Akester, Matthew. 2016.&nbsp;<em>Jamyang Khyentse Wangpo&#39;s Guide to Central Tibet</em>. Chicago, IL: Serindia Publications, pp.&nbsp;577-591.</p>",577-591,,,1087869026,,https://search.worldcat.org/title/1087869026
69,"Akester, Matthew. 2016. Jamyang Khyentse Wangpo's Guide to Central Tibet. Chicago, IL: Serindia Publications.",69_1220,69_583,1220,"<p>
Akester, Matthew. 2016. <em>Jamyang Khyentse Wangpo&#39;s Guide to Central Tibet</em>. Chicago, IL: Serindia Publications,&nbsp;p. 583.</p>",583,,,1087869026,,https://search.worldcat.org/title/1087869026
69,"Akester, Matthew. 2016. Jamyang Khyentse Wangpo's Guide to Central Tibet. Chicago, IL: Serindia Publications.",69_936,69_587,936,"<p>
Akester, Matthew. 2016. <em>Jamyang Khyentse Wangpo&#39;s Guide to Central Tibet</em>. Chicago, IL: Serindia Publications,&nbsp;p. 587.</p>",587,,,1087869026,,https://search.worldcat.org/title/1087869026
69,"Akester, Matthew. 2016. Jamyang Khyentse Wangpo's Guide to Central Tibet. Chicago, IL: Serindia Publications.",69_90,69_613-622,90,"<p>
Akester, Matthew. 2016.<em> Jamyang Khyentse Wangpo&#39;s Guide to Central Tibet</em>. Chicago, IL: Serindia Publications, pp. 613-622.</p>",613-622,,,1087869026,,https://search.worldcat.org/title/1087869026
69,"Akester, Matthew. 2016. Jamyang Khyentse Wangpo's Guide to Central Tibet. Chicago, IL: Serindia Publications.",69_119,69_621_627,119,"<p>
Akester, Matthew. 2016. <em>Jamyang Khyentse Wangpo&#39;s Guide to Central Tibet</em>. Chicago, IL: Serindia Publications, pp. 621, 627.&nbsp;</p>","621, 627",,,1087869026,,https://search.worldcat.org/title/1087869026
69,"Akester, Matthew. 2016. Jamyang Khyentse Wangpo's Guide to Central Tibet. Chicago, IL: Serindia Publications.",69_994,69_622,994,"<p>
Akester, Matthew. 2016.<em> Jamyang Khyentse Wangpo&#39;s Guide to Central Tibet</em>. Chicago, IL: Serindia Publications, p. 622.</p>",622,,,1087869026,,https://search.worldcat.org/title/1087869026
69,"Akester, Matthew. 2016. Jamyang Khyentse Wangpo's Guide to Central Tibet. Chicago, IL: Serindia Publications.",69_110,69_623-628,110,"<p>
Akester, Matthew. 2016.<em> Jamyang Khyentse Wangpo&#39;s Guide to Central Tibet</em>. Chicago, IL: Serindia Publications, pp. 623-628.</p>",623-628,,,1087869026,,https://search.worldcat.org/title/1087869026
69,"Akester, Matthew. 2016. Jamyang Khyentse Wangpo's Guide to Central Tibet. Chicago, IL: Serindia Publications.",69_612,69_631-634,612,"<p>
Akester, Matthew. 2016. <em>Jamyang Khyentse Wangpo&#39;s Guide to Central Tibet</em>. Chicago, IL: Serindia Publications, pp. 631-634.</p>",631-634,,,1087869026,,https://search.worldcat.org/title/1087869026
69,"Akester, Matthew. 2016. Jamyang Khyentse Wangpo's Guide to Central Tibet. Chicago, IL: Serindia Publications.",69_1100,69_641-642,1100,"<p>
Akester, Matthew. 2016. <em>Jamyang Khyentse Wangpo&#39;s Guide to Central Tibet</em>. Chicago, IL: Serindia Publications, pp. 641-642.</p>",641-642,,,1087869026,,https://search.worldcat.org/title/1087869026
69,"Akester, Matthew. 2016. Jamyang Khyentse Wangpo's Guide to Central Tibet. Chicago, IL: Serindia Publications.",69_877,69_65-80,877,"<p>
Akester, Matthew. 2016. Jamyang Khyentse Wangpo&#39;s Guide to Central Tibet. Chicago, IL: Serindia Publications, pp. 65-80.</p>",65-80,,,1087869026,,https://search.worldcat.org/title/1087869026
69,"Akester, Matthew. 2016. Jamyang Khyentse Wangpo's Guide to Central Tibet. Chicago, IL: Serindia Publications.",69_514,69_660-662,514,"<p>
Akester, Matthew. 2016. Jamyang Khyentse Wangpo&#39;s Guide to Central Tibet. Chicago, IL: Serindia Publications, pp. 660-662.</p>",660-662,,,1087869026,,https://search.worldcat.org/title/1087869026
69,"Akester, Matthew. 2016. Jamyang Khyentse Wangpo's Guide to Central Tibet. Chicago, IL: Serindia Publications.",69_894,69_80,894,"<p>
Akester, Matthew. 2016.<em> Jamyang Khyentse Wangpo&#39;s Guide to Central Tibet</em>. Chicago, IL: Serindia Publications, p. 80.</p>",80,,,1087869026,,https://search.worldcat.org/title/1087869026
69,"Akester, Matthew. 2016. Jamyang Khyentse Wangpo's Guide to Central Tibet. Chicago, IL: Serindia Publications.",69_895,69_80,895,"<p>
Akester, Matthew. 2016.<em> Jamyang Khyentse Wangpo&#39;s Guide to Central Tibet</em>. Chicago, IL: Serindia Publications, p. 80.</p>",80,,,1087869026,,https://search.worldcat.org/title/1087869026
69,"Akester, Matthew. 2016. Jamyang Khyentse Wangpo's Guide to Central Tibet. Chicago, IL: Serindia Publications.",69_897,69_80,897,"<p>
Akester, Matthew. 2016.<em>&nbsp;Jamyang Khyentse Wangpo&#39;s Guide to Central Tibet</em>. Chicago, IL: Serindia Publications, p. 80.</p>",80,,,1087869026,,https://search.worldcat.org/title/1087869026
69,"Akester, Matthew. 2016. Jamyang Khyentse Wangpo's Guide to Central Tibet. Chicago, IL: Serindia Publications.",69_896,69_80,896,"<p>
Akester, Matthew. 2016.<em>&nbsp;Jamyang Khyentse Wangpo&#39;s Guide to Central Tibet</em>. Chicago, IL: Serindia Publications, p. 80.</p>",80,,,1087869026,,https://search.worldcat.org/title/1087869026
69,"Akester, Matthew. 2016. Jamyang Khyentse Wangpo's Guide to Central Tibet. Chicago, IL: Serindia Publications.",69_899,69_81-86,899,"<p>
Akester, Matthew. 2016. <em>Jamyang Khyentse Wangpo&#39;s Guide to Central Tibet</em>. Chicago, IL: Serindia Publications, pp. 81-86.</p>",81-86,,,1087869026,,https://search.worldcat.org/title/1087869026
69,"Akester, Matthew. 2016. Jamyang Khyentse Wangpo's Guide to Central Tibet. Chicago, IL: Serindia Publications.",69_900,69_90-91,900,"<p>
Akester, Matthew. 2016. <em>Jamyang Khyentse Wangpo&#39;s Guide to Central Tibet</em>. Chicago, IL: Serindia Publications, pp. 90-91.</p>",90-91,,,1087869026,,https://search.worldcat.org/title/1087869026
69,"Akester, Matthew. 2016. Jamyang Khyentse Wangpo's Guide to Central Tibet. Chicago, IL: Serindia Publications.",69_723,69_92-93,723,"<p>
Akester, Matthew. 2016. <em>Jamyang Khyentse Wangpo&#39;s Guide to Central Tibet</em>. Chicago, IL: Serindia Publications, pp. 92-93.</p>",92-93,,,1087869026,,https://search.worldcat.org/title/1087869026
69,"Akester, Matthew. 2016. Jamyang Khyentse Wangpo's Guide to Central Tibet. Chicago, IL: Serindia Publications.",69_905,69_95-100,905,"<p>
Akester, Matthew. 2016. <em>Jamyang Khyentse Wangpo&#39;s Guide to Central Tibet</em>. Chicago, IL: Serindia Publications, pp. 95-100.</p>",95-100,,,1087869026,,https://search.worldcat.org/title/1087869026
69,"Akester, Matthew. 2016. Jamyang Khyentse Wangpo's Guide to Central Tibet. Chicago, IL: Serindia Publications.",69_724,,724,"<p>
Akester, Matthew. 2016. Jamyang Khyentse Wangpo&#39;s Guide to Central Tibet. Chicago, IL: Serindia Publications.</p>",,,,1087869026,,
69,Jonang Foundation Website,,,210,"<p>Dzamthang Tsangwa Monastery. Jonang Foundation. Accessed December 8, 2020.</p>",,,,,,https://jonangfoundation.org/sites/dzamthang-tsangwa-monastery
70,Gyurme Dorje. 2004.Tibet Handbook. Bath: Footprint.,70_599,70_142,599,"<p>
Gyurme Dorje. 2004. <em>Tibet Handbook</em>. Bath: Footprint, p. 142.</p>",142,,,877441763,,
70,Gyurme Dorje. 2004.Tibet Handbook. Bath: Footprint.,70_143,70_155,143,"<p>
Gyurme Dorje. 2004.<em> Tibet Handbook</em>. Bath: Footprint, p. 155.</p>",155,,,877441763,,https://search.worldcat.org/title/877441763
70,Gyurme Dorje. 2004.Tibet Handbook. Bath: Footprint.,70_822,70_157,822,"<p>
Gyurme Dorje. 2004.&nbsp;<em>Tibet Handbook</em>. Bath: Footprint, p. 157.</p>",157,,,877441763,,https://search.worldcat.org/title/877441763
70,Gyurme Dorje. 2004.Tibet Handbook. Bath: Footprint.,70_1196,70_193,1196,"<p>
Gyurme Dorje. 2004. <em>Tibet Handbook</em>. Bath: Footprint, p. 193.</p>",193,,,877441763,,https://search.worldcat.org/title/877441763
70,Gyurme Dorje. 2004.Tibet Handbook. Bath: Footprint.,70_225,70_203,225,"<p>
Gyurme Dorje. 2004. <em>Tibet Handbook</em>. Bath: Footprint, p. 203.</p>",203,,,877441763,,https://search.worldcat.org/title/877441763
70,Gyurme Dorje. 2004.Tibet Handbook. Bath: Footprint.,70_1351,70_203,1351,"<p>
Gyurme Dorje. 2004. <em>Tibet Handbook</em>. Bath: Footprint, p. 203.</p>",203,,,877441763,,https://search.worldcat.org/title/877441763
70,Gyurme Dorje. 2004.Tibet Handbook. Bath: Footprint.,70_63,70_232,63,"<p>
Gyurme Dorje. 2004.&nbsp;<em>Tibet Handbook</em>. Bath: Footprint, p. 232.</p>",232,,,877441763,,https://search.worldcat.org/title/877441763
70,Gyurme Dorje. 2004.Tibet Handbook. Bath: Footprint.,70_295,70_295,295,"<p>
Gyurme Dorje. 2004. <em>Tibet Handbook</em>. Bath: Footprint, p. 295.</p>",295,,,877441763,,https://search.worldcat.org/title/877441763
70,Gyurme Dorje. 2004.Tibet Handbook. Bath: Footprint.,70_110,70_305,110,"<p>
Gyurme Dorje. 2004.&nbsp;<em>Tibet Handbook</em>. Bath: Footprint, p. 305.</p>",305,,,877441763,,https://search.worldcat.org/title/877441763
70,Gyurme Dorje. 2004.Tibet Handbook. Bath: Footprint.,70_561,70_314,561,"<p>
Gyurme Dorje. 2004. <em>Tibet Handbook</em>. Bath: Footprint, p. 314.</p>",314,,,877441763,,https://search.worldcat.org/title/877441763
70,Gyurme Dorje. 2004.Tibet Handbook. Bath: Footprint.,70_228,70_370,228,"<p>
Gyurme Dorje. 2004. <em>Tibet Handbook</em>. Bath: Footprint, p. 370.</p>",370,,,877441763,,https://search.worldcat.org/title/877441763
70,Gyurme Dorje. 2004.Tibet Handbook. Bath: Footprint.,70_241,70_410,241,"<p>
Gyurme Dorje. 2004. <em>Tibet Handbook</em>. Bath: Footprint, p. 410.</p>",410,,,877441763,,https://search.worldcat.org/title/877441763
70,Gyurme Dorje. 2004.Tibet Handbook. Bath: Footprint.,70_1330,70_431,1330,"<p>
Gyurme Dorje. 2004. <em>Tibet Handbook</em>. Bath: Footprint, p. 431.</p>",431,,,877441763,,https://search.worldcat.org/title/877441763
70,Gyurme Dorje. 2004.Tibet Handbook. Bath: Footprint.,70_1010,70_464,1010,"<p>
Gyurme Dorje. 2004. <em>Tibet Handbook</em>. Bath: Footprint, p. 464.</p>",464,,,877441763,,https://search.worldcat.org/title/877441763
70,Gyurme Dorje. 2004.Tibet Handbook. Bath: Footprint.,70_1164,70_486,1164,"<p>
Gyurme Dorje. 2004. <em>Tibet Handbook</em>. Bath: Footprint, p. 486.</p>",486,,,877441763,,https://search.worldcat.org/title/877441763
70,Gyurme Dorje. 2004.Tibet Handbook. Bath: Footprint.,70_1114,70_490,1114,"<p>
Gyurme Dorje. 2004. <em>Tibet Handbook</em>. Bath: Footprint, p. 490.</p>",490,,,877441763,,https://search.worldcat.org/title/877441763
70,Gyurme Dorje. 2004.Tibet Handbook. Bath: Footprint.,70_1307,70_491,1307,"<p>
Gyurme Dorje. 2004. <em>Tibet Handbook</em>. Bath: Footprint, p. 491.</p>",491,,,877441763,,https://search.worldcat.org/title/877441763
70,Gyurme Dorje. 2004.Tibet Handbook. Bath: Footprint.,70_1096,70_495,1096,"<p>
Gyurme Dorje. 2004. <em>Tibet Handbook</em>. Bath: Footprint, p. 495.</p>",495,,,877441763,,https://search.worldcat.org/title/877441763
70,Gyurme Dorje. 2004.Tibet Handbook. Bath: Footprint.,70_43,70_498,43,"<p>
Gyurme Dorje. 2004. <em>Tibet Handbook</em>. Bath: Footprint, p. 498.</p>",498,,,877441763,,https://search.worldcat.org/title/877441763
70,Gyurme Dorje. 2004.Tibet Handbook. Bath: Footprint.,70_282,70_500,282,"<p>
Gyurme Dorje. 2004. <em>Tibet Handbook</em>. Bath: Footprint, p. 500.</p>",500,,,877441763,,https://search.worldcat.org/title/877441763
70,Gyurme Dorje. 2004.Tibet Handbook. Bath: Footprint.,70_412,70_504,412,"<p>
Gyurme Dorje. 2004. <em>Tibet Handbook</em>. Bath: Footprint, p. 504.</p>",504,,,877441763,,https://search.worldcat.org/title/877441763
70,Gyurme Dorje. 2004.Tibet Handbook. Bath: Footprint.,70_1344,70_505,1344,"<p>
Gyurme Dorje. 2004.<em> Tibet Handbook</em>. Bath: Footprint, p. 505.</p>",505,,,877441763,,https://search.worldcat.org/title/877441763
70,Gyurme Dorje. 2004.Tibet Handbook. Bath: Footprint.,70_512,70_519,512,"<p>
Gyurme Dorje. 2004.&nbsp;<em>Tibet Handbook</em>. Bath: Footprint, p. 519.</p>",519,,,877441763,,https://search.worldcat.org/title/877441763
70,Gyurme Dorje. 2004.Tibet Handbook. Bath: Footprint.,70_404,70_571,404,"<p>
Gyurme Dorje. 2004.&nbsp;<em>Tibet Handbook</em>. Bath: Footprint, p. 571.</p>",571,,,877441763,,https://search.worldcat.org/title/877441763
70,Gyurme Dorje. 2004.Tibet Handbook. Bath: Footprint.,70_345,70_571,345,"<p>
Gyurme Dorje. 2004.<em> Tibet Handbook</em>. Bath: Footprint, p. 571.</p>",571,,,877441763,,https://search.worldcat.org/title/877441763
70,Gyurme Dorje. 2004.Tibet Handbook. Bath: Footprint.,70_440,70_573,440,"<p>
Gyurme Dorje. 2004. <em>Tibet Handbook</em>. Bath: Footprint, p. 573.</p>",573,,,877441763,,https://search.worldcat.org/title/877441763
70,Gyurme Dorje. 2004.Tibet Handbook. Bath: Footprint.,70_340,70_582,340,"<p>
Gyurme Dorje. 2004. <em>Tibet Handbook</em>. Bath: Footprint, p. 582.</p>",582,,,877441763,,https://search.worldcat.org/title/877441763
70,Gyurme Dorje. 2004.Tibet Handbook. Bath: Footprint.,70_441,70_586,441,"<p>
Gyurme Dorje. 2004. <em>Tibet Handbook</em>. Bath: Footprint, p. 586.</p>",586,,,877441763,,https://search.worldcat.org/title/877441763
70,Gyurme Dorje. 2004.Tibet Handbook. Bath: Footprint.,70_212,70_595,212,"<p>
Gyurme Dorje. 2004. <em>Tibet Handbook</em>. Bath: Footprint, p. 595.</p>",595,,,877441763,,https://search.worldcat.org/title/877441763
70,Gyurme Dorje. 2004.Tibet Handbook. Bath: Footprint.,70_375,70_595,375,"<p>
Gyurme Dorje. 2004.<em> Tibet Handbook</em>. Bath: Footprint, p. 595.</p>",595,,,877441763,,https://search.worldcat.org/title/877441763
70,Gyurme Dorje. 2004.Tibet Handbook. Bath: Footprint.,70_1248,70_610,1248,"<p>
Gyurme Dorje. 2004. <em>Tibet Handbook</em>. Bath: Footprint, p. 610.</p>",610,,,877441763,,https://search.worldcat.org/title/877441763
70,Gyurme Dorje. 2004.Tibet Handbook. Bath: Footprint.,70_1043,70_614,1043,"<p>
Gyurme Dorje. 2004.<em> Tibet Handbook</em>. Bath: Footprint, p. 614.</p>",614,,,877441763,,https://search.worldcat.org/title/877441763
70,Gyurme Dorje. 2004.Tibet Handbook. Bath: Footprint.,70_1112,70_648,1112,"<p>
Gyurme Dorje. 2004. <em>Tibet Handbook</em>. Bath: Footprint, p. 648.</p>",648,,,877441763,,https://search.worldcat.org/title/877441763
70,Gyurme Dorje. 2004.Tibet Handbook. Bath: Footprint.,70_1320,70_649,1320,"<p>
Gyurme Dorje. 2004. <em>Tibet Handbook</em>. Bath: Footprint, p. 649.</p>",649,,,877441763,,https://search.worldcat.org/title/877441763
70,Gyurme Dorje. 2004.Tibet Handbook. Bath: Footprint.,70_208,70_650,208,"<p>
Gyurme Dorje. 2004. <em>Tibet Handbook</em>. Bath: Footprint, p. 650.</p>",650,,,877441763,,https://search.worldcat.org/title/877441763
70,Gyurme Dorje. 2004.Tibet Handbook. Bath: Footprint.,70_368,70_651,368,"<p>
Gyurme Dorje. 2004. <em>Tibet Handbook</em>. Bath: Footprint, p. 651.</p>",651,,,877441763,,https://search.worldcat.org/title/877441763
70,Gyurme Dorje. 2004.Tibet Handbook. Bath: Footprint.,70_1091,70_682,1091,"<p>
Gyurme Dorje. 2004. <em>Tibet Handbook</em>. Bath: Footprint, p. 682.</p>",682,,,877441763,,https://search.worldcat.org/title/877441763
70,Gyurme Dorje. 2004.Tibet Handbook. Bath: Footprint.,70_36,70_146-149,36,"<p>
Gyurme Dorje. 2004. <em>Tibet Handbook</em>. Bath: Footprint, pp. 146-149.</p>",146-149,,,877441763,,https://search.worldcat.org/title/877441763
70,Gyurme Dorje. 2004.Tibet Handbook. Bath: Footprint.,70_1121,70_154-155,1121,"<p>
Gyurme Dorje. 2004. <em>Tibet Handbook</em>. Bath: Footprint, pp. 154-155.</p>",154-155,,,877441763,,https://search.worldcat.org/title/877441763
70,Gyurme Dorje. 2004.Tibet Handbook. Bath: Footprint.,70_1157,70_174-175,1157,"<p>
Gyurme Dorje. 2004.<em> Tibet Handbook</em>. Bath: Footprint, pp. 174-175.</p>",174-175,,,877441763,,https://search.worldcat.org/title/877441763
70,Gyurme Dorje. 2004.Tibet Handbook. Bath: Footprint.,70_672,70_201-203,672,"<p>
Gyurme Dorje. 2004.<em> Tibet Handbook</em>. Bath: Footprint, pp. 201-203.</p>",201-203,,,877441763,,https://search.worldcat.org/title/877441763
70,Gyurme Dorje. 2004.Tibet Handbook. Bath: Footprint.,70_195,70_210-211,195,"<p>
Gyurme Dorje. 2004. <em>Tibet Handbook</em>. Bath: Footprint, p. 210-211.</p>",210-211,,,877441763,,https://search.worldcat.org/title/877441763
70,Gyurme Dorje. 2004.Tibet Handbook. Bath: Footprint.,70_564,70_226-227,564,"<p>
Gyurme Dorje. 2004. <em>Tibet Handbook</em>. Bath: Footprint, 226-227.</p>",226-227,,,877441763,,https://search.worldcat.org/title/877441763
70,Gyurme Dorje. 2004.Tibet Handbook. Bath: Footprint.,70_90,70_304-305,90,"<p>
Gyurme Dorje. 2004. <em>Tibet Handbook</em>. Bath: Footprint, p. 304-305.</p>",304-305,,,877441763,,https://search.worldcat.org/title/57410229
70,Gyurme Dorje. 2004.Tibet Handbook. Bath: Footprint.,70_1083,70_443-447,1083,"<p>
Gyurme Dorje. 2004. <em>Tibet Handbook</em>. Bath: Footprint, pp. 443-447.</p>",443-447,,,877441763,,https://search.worldcat.org/title/877441763
70,Gyurme Dorje. 2004.Tibet Handbook. Bath: Footprint.,70_369,70_453-453,369,"<p>
Gyurme Dorje. 2004. Tibet Handbook. Bath: Footprint, p. 453-453.</p>",453-453,,,877441763,,https://search.worldcat.org/title/877441763
70,Gyurme Dorje. 2004.Tibet Handbook. Bath: Footprint.,70_9,70_493-495.,9,"<p>
Gyurme Dorje. 2004. <em>Tibet Handbook</em>. Bath: Footprint, pp. 493-495.</p>",493-495.,,,877441763,,https://search.worldcat.org/title/877441763
70,Gyurme Dorje. 2004.Tibet Handbook. Bath: Footprint.,70_180,70_497-498,180,"<p>
Gyurme Dorje. 2004. <em>Tibet Handbook</em>. Bath: Footprint, pp. 497-498.</p>",497-498,,,877441763,,https://search.worldcat.org/title/877441763
70,Gyurme Dorje. 2004.Tibet Handbook. Bath: Footprint.,70_1046,70_498-499,1046,"<p>
Gyurme Dorje. 2004.<em> Tibet Handbook</em>. Bath: Footprint, pp. 498-499.</p>",498-499,,,877441763,,https://search.worldcat.org/title/877441763
70,Gyurme Dorje. 2004.Tibet Handbook. Bath: Footprint.,70_207,70_501-503,207,"<p>
Gyurme Dorje. 2004. <em>Tibet Handbook</em>. Bath: Footprint, pp. 501-503.</p>",501-503,,,877441763,,https://search.worldcat.org/title/877441763
70,Gyurme Dorje. 2004.Tibet Handbook. Bath: Footprint.,70_12,70_505-507,12,"<p>
Gyurme Dorje. 2004. <em>Tibet Handbook</em>. Bath: Footprint, pp. 505-507.</p>",505-507,,,877441763,,https://search.worldcat.org/title/877441763
70,Gyurme Dorje. 2004.Tibet Handbook. Bath: Footprint.,70_266,70_531-532,266,"<p>
Gyurme Dorje. 2004. <em>Tibet Handbook</em>. Bath: Footprint, pp. 531-532.</p>",531-532,,,877441763,,https://search.worldcat.org/title/877441763
70,Gyurme Dorje. 2004.Tibet Handbook. Bath: Footprint.,70_805,70_568-567,805,"<p>
Gyurme Dorje. 2004.<em> Tibet Handbook</em>. Bath: Footprint, pp. 568-567.</p>",568-567,,,877441763,,https://search.worldcat.org/title/877441763
70,Gyurme Dorje. 2004.Tibet Handbook. Bath: Footprint.,70_156,70_581-582,156,"<p>
Gyurme Dorje. 2004.<em> Tibet Handbook</em>. Bath: Footprint, pp. 581-582.</p>",581-582,,,877441763,,https://search.worldcat.org/title/877441763
70,Gyurme Dorje. 2004.Tibet Handbook. Bath: Footprint.,70_434,70_599-601,434,"<p>
Gyurme Dorje. 2004. <em>Tibet Handbook</em>. Bath: Footprint, p. 599-601.</p>",599-601,,,877441763,,https://search.worldcat.org/title/877441763
70,Gyurme Dorje. 2004.Tibet Handbook. Bath: Footprint.,70_1165,70_600-601,1165,"<p>
Gyurme Dorje. 2004. <em>Tibet Handbook</em>. Bath: Footprint, p. 600-601.</p>",600-601,,,877441763,,https://search.worldcat.org/title/877441763
70,Gyurme Dorje. 2004.Tibet Handbook. Bath: Footprint.,70_716,70_626-627,716,"<p>
Gyurme Dorje. 2004.&nbsp;<em>Tibet Handbook</em>. Bath: Footprint, p. 626-627.</p>",626-627,,,877441763,,https://search.worldcat.org/title/877441763
70,Gyurme Dorje. 2004.Tibet Handbook. Bath: Footprint.,70_1185,70_668-669,1185,"<p>
Gyurme Dorje. 2004. <em>Tibet Handbook</em>. Bath: Footprint, pp. 668-669.</p>",668-669,,,877441763,,https://search.worldcat.org/title/877441763
70,Gyurme Dorje. 2004.Tibet Handbook. Bath: Footprint.,70_41,70_668-670,41,"<p>
Gyurme Dorje. 2004. <em>Tibet Handbook</em>. Bath: Footprint, pp. 668-670.</p>",668-670,,,877441763,,https://search.worldcat.org/title/877441763
70,Gyurme Dorje. 2004.Tibet Handbook. Bath: Footprint.,70_484,70_675-676,484,"<p>
Gyurme Dorje. 2004. <em>Tibet Handbook</em>. Bath:&nbsp;Footprint, pp. 675-676.</p>",675-676,,,877441763,,https://search.worldcat.org/title/877441763
70,Gyurme Dorje. 2004.Tibet Handbook. Bath: Footprint.,70_1022,70_85-86,1022,"<p>
Gyurme Dorje. 2004. <em>Tibet Handbook</em>. Bath: Footprint, pp. 85-86.</p>",85-86,,,877441763,,https://search.worldcat.org/title/877441763
70,Gyurme Dorje. 2004.Tibet Handbook. Bath: Footprint.,70_1273,,1273,"<p>
Gyurme Dorje. 2004. <em>Tibet Handbook</em>. Bath: Footprint.</p>",,,,877441763,,https://search.worldcat.org/title/877441763
70,Gyurme Dorje. 2004.Tibet Handbook. Bath: Footprint.,70_532,,532,"<p>
Gyurme Dorje. 2004.<em> Tibet Handbook</em>. Bath: Footprint.</p>",,,,877441763,,https://search.worldcat.org/title/877441763
71,Gyurme Dorje. 2009.Tibet Handbook. Bath: Footprint.,71_879,71_101,879,"<p>
Gyurme Dorje. 2009. <em>Tibet Handbook</em>. Bath: Footprint, p. 101.</p>",101,,,191754549,,https://search.worldcat.org/title/877441763
71,Gyurme Dorje. 2009.Tibet Handbook. Bath: Footprint.,71_536,71_122,536,"<p>
Gyurme Dorje. 2009. <em>Tibet Handbook.</em> Bath: Footprint, p. 122.</p>",122,,,191754549,,https://search.worldcat.org/title/191754549
71,Gyurme Dorje. 2009.Tibet Handbook. Bath: Footprint.,71_873,71_122,873,"<p>
Gyurme Dorje. 2009. <em>Tibet Handbook</em>. Bath: Footprint, p. 122</p>",122,,,191754549,,https://search.worldcat.org/title/191754549
71,Gyurme Dorje. 2009.Tibet Handbook. Bath: Footprint.,71_842,71_132,842,"<p>Gyurme Dorje. 2009. <em>Tibet Handbook.</em> Bath: Footprint, p. 132.</p>",132,,,191754549,,https://search.worldcat.org/title/191754549
71,Gyurme Dorje. 2009.Tibet Handbook. Bath: Footprint.,71_348,71_137,348,"<p>
Gyurme Dorje. 2009. <em>Tibet Handbook</em>. Bath: Footprint, p. 137.</p>",137,,,191754549,,https://search.worldcat.org/title/191754549
71,Gyurme Dorje. 2009.Tibet Handbook. Bath: Footprint.,71_823,71_160,823,"<p>
Gyurme Dorje. 2009. <em>Tibet Handbook</em>. Bath: Footprint, p. 160.</p>",160,,,191754549,,https://search.worldcat.org/title/191754549
71,Gyurme Dorje. 2009.Tibet Handbook. Bath: Footprint.,71_331,71_161,331,"<p>
Gyurme Dorje. 2009. <em>Tibet Handbook</em>. Bath: Footprint, p. 161.</p>",161,,,191754549,,https://search.worldcat.org/title/191754549
71,Gyurme Dorje. 2009.Tibet Handbook. Bath: Footprint.,71_1541,71_164,1541,"<p>
Gyurme Dorje. 2009. <em>Tibet Handbook</em>. Bath: Footprint, p. 164.</p>",164,,,191754549,,https://search.worldcat.org/title/191754550
71,Gyurme Dorje. 2009.Tibet Handbook. Bath: Footprint.,71_68,71_168,68,"<p>
Dorje, Gyurme. 2009. <em>Tibet Handbook</em>. Bath: Footprint, p. 168.</p>",168,,,191754549,,https://search.worldcat.org/title/191754551
71,Gyurme Dorje. 2009.Tibet Handbook. Bath: Footprint.,71_315,71_170,315,"<p>
Gyurme Dorje. 2009. <em>Tibet Handbook</em>. Bath: Footprint, p. 170.</p>",170,,,191754549,,https://search.worldcat.org/title/191754552
71,Gyurme Dorje. 2009.Tibet Handbook. Bath: Footprint.,71_1399,71_178,1399,"<p>
Gyurme Dorje. 2009. <em>Tibet Handbook</em>. Bath: Footprint, p. 178.</p>",178,,,191754549,,https://search.worldcat.org/title/191754549
71,Gyurme Dorje. 2009.Tibet Handbook. Bath: Footprint.,71_305,71_187,305,"<p>
Gyurme Dorje. 2009. <em>Tibet Handbook</em>. Bath: Footprint, p. 187.</p>",187,,,191754549,,https://search.worldcat.org/title/191754550
71,Gyurme Dorje. 2009.Tibet Handbook. Bath: Footprint.,71_1348,71_215,1348,"<p>
Dorje, Gyurme. 2009. <em>Tibet Handbook</em>. Bath: Footprint, p. 215.</p>",215,,,191754549,,https://search.worldcat.org/title/191754551
71,Gyurme Dorje. 2009.Tibet Handbook. Bath: Footprint.,71_1500,71_222,1500,"<p>
Gyurme Dorje. 2009. <em>Tibet Handbook</em>. Bath: Footprint, p. 222.</p>",222,,,191754549,,https://search.worldcat.org/title/191754552
71,Gyurme Dorje. 2009.Tibet Handbook. Bath: Footprint.,71_1345,71_236,1345,"<p>
Gyurme Dorje. 2009. <em>Tibet Handbook</em>. Bath: Footprint, p. 236.</p>",236,,,191754549,,https://search.worldcat.org/title/191754553
71,Gyurme Dorje. 2009.Tibet Handbook. Bath: Footprint.,71_1518,71_240,1518,"<p>
Gyurme Dorje. 2009. <em>Footprints Guide to Tibet</em>. Bath: Footprints, p. 240.</p>",240,,,191754549,,https://search.worldcat.org/en/title/57410229
71,Gyurme Dorje. 2009.Tibet Handbook. Bath: Footprint.,71_960,71_264,960,"<p>
Gyurme Dorje. 2009. <em>Tibet Handbook</em>. Bath: Footprint, p. 264.</p>",264,,,191754549,,https://search.worldcat.org/title/191754550
71,Gyurme Dorje. 2009.Tibet Handbook. Bath: Footprint.,71_840,71_264,840,"<p>
Gyurme Dorje. 2009. <em>Tibet Handbook</em>. Bath: Footprint, p. 264.</p>",264,,,191754549,,https://search.worldcat.org/title/191754551
71,Gyurme Dorje. 2009.Tibet Handbook. Bath: Footprint.,71_466,71_265,466,"<p>Gyurme Dorje. 2009. <em>Tibet Handbook</em>. Bath: Footprint, p. 265.</p>",265,,,191754549,,https://search.worldcat.org/title/191754552
71,Gyurme Dorje. 2009.Tibet Handbook. Bath: Footprint.,71_244,71_300,244,"<p>
Dorje, Gyurme. 2009.&nbsp;<em>Tibet Handbook</em>. Bath: Footprint, p. 300.</p>",300,,,191754549,,https://search.worldcat.org/title/191754553
71,Gyurme Dorje. 2009.Tibet Handbook. Bath: Footprint.,71_1492,71_339,1492,"<p>
Gyurme Dorje. 2009. <em>Footprints Guide to Tibet</em>. Bath: Footprints, p. 339.</p>",339,,,191754549,,https://search.worldcat.org/title/191754554
71,Gyurme Dorje. 2009.Tibet Handbook. Bath: Footprint.,71_535,71_501,535,"<p>
Dorje, Gyurme. 2009.&nbsp;<em>Tibet Handbook</em>. Bath: Footprint, pp. 501.</p>",501,,,191754549,,https://search.worldcat.org/title/191754555
71,Gyurme Dorje. 2009.Tibet Handbook. Bath: Footprint.,71_280,71_588,280,"<p>
Dorje, Gyurme. 2009. <em>Tibet Handbook.</em> Bath: Footprint, p. 588.</p>",588,,,191754549,,https://search.worldcat.org/title/191754556
71,Gyurme Dorje. 2009.Tibet Handbook. Bath: Footprint.,71_178,71_611,178,"<p>
Dorje, Gyurme. 2009. <em>Tibet Handbook.</em> Bath: Footprint, p. 611.</p>",611,,,191754549,,https://search.worldcat.org/title/191754557
71,Gyurme Dorje. 2009.Tibet Handbook. Bath: Footprint.,71_247,71_624,247,"<p>
Gyurme Dorje. 2009. <em>Footprints Guide to Tibet, fourth edition</em>. Bath: Footprints, p. 624.</p>",624,,,191754549,,https://search.worldcat.org/title/191754558
71,Gyurme Dorje. 2009.Tibet Handbook. Bath: Footprint.,71_1152,71_696,1152,"Gyurme Dorje. 2009. Tibet Handbook. Bath: Footprint, p. 696.",696,,,191754549,,https://search.worldcat.org/title/191754559
71,Gyurme Dorje. 2009.Tibet Handbook. Bath: Footprint.,71_346,71_699,346,"<p>
Dorje, Gyurme. 2009. <em>Tibet Handbook</em>. Bath: Footprint, p. 699.</p>",699,,,191754549,,https://search.worldcat.org/title/191754560
71,Gyurme Dorje. 2009.Tibet Handbook. Bath: Footprint.,71_831,71_702,831,"<p>
Dorje, Gyurme. 2009. <em>Tibet Handbook</em>. Bath: Footprint, p. 702.</p>",702,,,191754549,,https://search.worldcat.org/title/191754561
71,Gyurme Dorje. 2009.Tibet Handbook. Bath: Footprint.,71_942,71_727,942,"<p>
Dorje, Gyurme. 2009. <em>Tibet Handbook</em>. Bath: Footprint, p. 727.</p>",727,,,191754549,,https://search.worldcat.org/title/191754562
71,Gyurme Dorje. 2009.Tibet Handbook. Bath: Footprint.,71_374,71_727,374,"<p>Dorje, Gyurme. 2009. <em>Tibet Handbook</em>. Bath: Footprint, p. 727.</p>",727,,,191754549,,https://search.worldcat.org/title/191754563
71,Gyurme Dorje. 2009.Tibet Handbook. Bath: Footprint.,71_899,71_103-104,899,"<p>
Gyurme Dorje. 2009.&nbsp;<em>Tibet Handbook</em>. Bath: Footprint, p. 103-104.</p>",103-104,,,191754549,,https://search.worldcat.org/title/191754564
71,Gyurme Dorje. 2009.Tibet Handbook. Bath: Footprint.,71_1162,71_104-105,1162,"<p>
Dorje, Gyurme. 2004. <em>Bhutan</em>. Bath: Footprint, pp. 104-105.</p>",104-105,,,191754549,,https://search.worldcat.org/title/191754565
71,Gyurme Dorje. 2009.Tibet Handbook. Bath: Footprint.,71_905,71_108-118,905,"<p>
Gyurme Dorje. 2009. <em>Tibet Handbook</em>. Bath: Footprint, pp. 108-118.</p>",108-118,,,191754549,,https://search.worldcat.org/title/191754566
71,Gyurme Dorje. 2009.Tibet Handbook. Bath: Footprint.,71_443,71_119,443,"<p>
Gyurme Dorje. 2009.<em> Tibet Handbook</em>. Bath: Footprint, pp. 119.</p>",119,,,191754549,,https://search.worldcat.org/title/191754567
71,Gyurme Dorje. 2009.Tibet Handbook. Bath: Footprint.,71_1359,71_119-120,1359,"<p>
Dorje, Gyurme. 2009. <em>Tibet Handbook</em>. Bath: Footprint, p. 119-120.</p>",119-120,,,191754549,,https://search.worldcat.org/title/191754568
71,Gyurme Dorje. 2009.Tibet Handbook. Bath: Footprint.,71_38,71_127-132,38,"<p>
Gyurme Dorje. 2009. Tibet Handbook. Bath: Footprint, pp. 127-132.</p>",127-132,,,191754549,,https://search.worldcat.org/title/191754569
71,Gyurme Dorje. 2009.Tibet Handbook. Bath: Footprint.,71_909,71_130-131,909,"<p>
Gyurme Dorje. 2009. <em>Tibet Handbook.</em> Bath: Footprint, pp. 130-131.</p>",130-131,,,191754549,,https://search.worldcat.org/title/191754570
71,Gyurme Dorje. 2009.Tibet Handbook. Bath: Footprint.,71_342,71_131,342,"<p>
Gyurme Dorje. 2009. Tibet Handbook. Bath: Footprint, p. 131.</p>",131,,,191754549,,https://search.worldcat.org/title/191754571
71,Gyurme Dorje. 2009.Tibet Handbook. Bath: Footprint.,71_355,71_131,355,"<p>
Gyurme Dorje. 2009.<em> Tibet Handbook</em>. Bath: Footprint, p. 131.</p>",131,,,191754549,,https://search.worldcat.org/title/191754572
71,Gyurme Dorje. 2009.Tibet Handbook. Bath: Footprint.,71_908,71_131-132,908,"<p>
Gyurme Dorje. 2009. <em>Tibet Handbook</em>. Bath: Footprint, pp. 131-132.</p>",131-132,,,191754549,,https://search.worldcat.org/title/191754573
71,Gyurme Dorje. 2009.Tibet Handbook. Bath: Footprint.,71_893,71_132-133,893,"<p>
Gyurme Dorje. 2009. <em>Tibet Handbook</em>. Bath: Footprint, pp. 132-133.</p>",132-133,,,191754549,,https://search.worldcat.org/title/191754574
71,Gyurme Dorje. 2009.Tibet Handbook. Bath: Footprint.,71_907,71_136-137,907,"<p>
Gyurme Dorje. 2009. <em>Tibet Handbook</em>. Bath: Footprint, pp. 136-137.</p>",136-137,,,191754549,,https://search.worldcat.org/title/191754575
71,Gyurme Dorje. 2009.Tibet Handbook. Bath: Footprint.,71_1402,71_159_164_166,1402,"<p>
Dorje, Gyurme. 2009. <em>Tibet Handbook</em>. Bath: Footprint, pp. 159, 164, 166.</p>","159, 164, 166",,,191754549,,https://search.worldcat.org/title/191754576
71,Gyurme Dorje. 2009.Tibet Handbook. Bath: Footprint.,71_862,71_169-170,862,"<p>
Gyurme Dorje. 2009.<em> Tibet Handbook</em>. Bath: Footprint, pp. 169-170.</p>",169-170,,,191754549,,https://search.worldcat.org/title/191754577
71,Gyurme Dorje. 2009.Tibet Handbook. Bath: Footprint.,71_199,71_174,199,"<p>
Gyurme Dorje. 2009.&nbsp;<em>Tibet Handbook</em>. Bath: Footprint, p. 174.</p>",174,,,191754549,,https://search.worldcat.org/title/191754578
71,Gyurme Dorje. 2009.Tibet Handbook. Bath: Footprint.,71_128,71_174-175,128,"<p>
Gyurme Dorje. 2009.<em> Tibet Handbook</em>. Bath: Footprint, pp. 174-175.</p>",174-175,,,191754549,,https://search.worldcat.org/title/191754579
71,Gyurme Dorje. 2009.Tibet Handbook. Bath: Footprint.,71_80,71_175-176,80,"<p>
Gyurme Dorje. 2009. <em>Tibet Handbook</em>. Bath: Footprint, pp. 175-176.</p>",175-176,,,191754549,,https://search.worldcat.org/title/191754580
71,Gyurme Dorje. 2009.Tibet Handbook. Bath: Footprint.,71_327,71_176-177,327,"<p>
Gyurme Dorje. 2009. <em>Tibet Handbook</em>. Bath: Footprint, pp. 176-177.</p>",176-177,,,191754549,,https://search.worldcat.org/title/191754581
71,Gyurme Dorje. 2009.Tibet Handbook. Bath: Footprint.,71_92,71_186,92,"<p>
Gyurme Dorje. 2009. <em>Tibet Handbook</em>. Bath: Footprint,, p. 186.</p>",186,,,191754549,,https://search.worldcat.org/title/191754582
71,Gyurme Dorje. 2009.Tibet Handbook. Bath: Footprint.,71_1236,71_187,1236,"<p>
Gyurme Dorje. 2009.&nbsp;<em>Tibet Handbook</em>. Bath: Footprint, p. 187.</p>",187,,,191754549,,https://search.worldcat.org/title/191754583
71,Gyurme Dorje. 2009.Tibet Handbook. Bath: Footprint.,71_1303,71_189,1303,"<p>
Gyurme Dorje. 2009. Tibet Handbook. Bath: Footprint, p. 189.</p>",189,,,191754549,,https://search.worldcat.org/title/191754584
71,Gyurme Dorje. 2009.Tibet Handbook. Bath: Footprint.,71_11,71_197-198,11,"<p>
Gyurme Dorje. 2009. <em>Tibet Handbook</em>. Bath: Footprint, pp. 197-198.</p>",197-198,,,191754549,,https://search.worldcat.org/title/191754585
71,Gyurme Dorje. 2009.Tibet Handbook. Bath: Footprint.,71_1373,71_201-202,1373,"<p>
Gyurme Dorje. 2009.<em> Tibet Handbook</em>. Bath: Footprint, pp. 201-202.</p>",201-202,,,191754549,,https://search.worldcat.org/title/191754586
71,Gyurme Dorje. 2009.Tibet Handbook. Bath: Footprint.,71_10,71_205-208,10,"<p>
Gyurme Dorje. 2009. <em>Tibet Handbook</em>. Bath: Footprint, p. 205-208.</p>",205-208,,,191754549,,https://search.worldcat.org/title/191754587
71,Gyurme Dorje. 2009.Tibet Handbook. Bath: Footprint.,71_1465,71_216-217,1465,"<p>
Gyurme Dorje. 2009.&nbsp;<em>Footprint Guide to Tibet</em>. Bath: Footprint, pp. 216-217.</p>",216-217,,,191754549,,https://search.worldcat.org/title/191754588
71,Gyurme Dorje. 2009.Tibet Handbook. Bath: Footprint.,71_485,71_222,485,"<p>
Gyurme Dorje. 2009.<em> Tibet Handbook</em>. Bath: Footprint, p. 222.</p>",222,,,191754549,,https://search.worldcat.org/title/191754589
71,Gyurme Dorje. 2009.Tibet Handbook. Bath: Footprint.,71_253,71_248,253,"<p>
Gyurme Dorje. 2009.&nbsp;<em>Tibet Handbook</em>. Bath: Footprint, p. 248.</p>",248,,,191754549,,https://search.worldcat.org/title/191754590
71,Gyurme Dorje. 2009.Tibet Handbook. Bath: Footprint.,71_553,71_249-251,553,"<p>
Dorje, Gyurme. 2009. Tibet Handbook. Bath: Footprint, pp. 249-251.</p>",249-251,,,191754549,,https://search.worldcat.org/title/191754591
71,Gyurme Dorje. 2009.Tibet Handbook. Bath: Footprint.,71_829,71_263-264,829,"<p>
Dorje, Gyurme. 2009.&nbsp;<em>Tibet Handbook</em>. Bath: Footprint, pp. 263-264.</p>",263-264,,,191754549,,https://search.worldcat.org/title/191754592
71,Gyurme Dorje. 2009.Tibet Handbook. Bath: Footprint.,71_1221,71_266,1221,"<p>
Gyurme Dorje. 2009.&nbsp;<em>Tibet Handbook</em>. Bath: Footprint,&nbsp;p. 266.</p>",266,,,191754549,,https://search.worldcat.org/title/191754593
71,Gyurme Dorje. 2009.Tibet Handbook. Bath: Footprint.,71_1085,71_269-272,1085,"<p>
Gyurme Dorje. 2009. <em>Tibet Handbook</em>. Bath: Footprint, pp. 269-272.</p>",269-272,,,191754549,,https://search.worldcat.org/title/191754594
71,Gyurme Dorje. 2009.Tibet Handbook. Bath: Footprint.,71_1302,71_276,1302,"<p>
Gyurme Dorje. 2009. <em>Tibet Handbook</em>. Bath: Footprint, p. 276.</p>",276,,,191754549,,https://search.worldcat.org/title/191754595
71,Gyurme Dorje. 2009.Tibet Handbook. Bath: Footprint.,71_1120,71_279-280,1120,"<p>
Gyurme Dorje. 2009. <em>Tibet Handbook</em>. Bath: Footprint, pp. 279-280.</p>",279-280,,,191754549,,https://search.worldcat.org/title/191754596
71,Gyurme Dorje. 2009.Tibet Handbook. Bath: Footprint.,71_1258,71_285,1258,"<p>
Gyurme Dorje. 2009. Tibet Handbook. Bath: Footprint, p. 285.</p>",285,,,191754549,,https://search.worldcat.org/title/191754597
71,Gyurme Dorje. 2009.Tibet Handbook. Bath: Footprint.,71_245,71_300,245,"<p>
Gyurme Dorje. 2009. <em>Tibet Handbook</em>. Bath: Footprint, p. 300.</p>",300,,,191754549,,https://search.worldcat.org/title/191754598
71,Gyurme Dorje. 2009.Tibet Handbook. Bath: Footprint.,71_197,71_301,197,"<p>
Gyurme Dorje. 2009.<em>&nbsp;Tibet Handbook</em>. Bath: Footprint, p. 301.</p>",301,,,191754549,,https://search.worldcat.org/title/191754599
71,Gyurme Dorje. 2009.Tibet Handbook. Bath: Footprint.,71_839,71_303-304,839,"<p>
Gyurme Dorje. 2009. <em>Tibet Handbook</em>. Bath: Footprint, pp. 303-304.</p>",303-304,,,191754549,,https://search.worldcat.org/title/191754600
71,Gyurme Dorje. 2009.Tibet Handbook. Bath: Footprint.,71_183,71_304,183,"<p>
Gyurme Dorje. 2009. <em>Tibet Handbook</em>. Bath: Footprint, p. 304.</p>",304,,,191754549,,https://search.worldcat.org/title/191754601
71,Gyurme Dorje. 2009.Tibet Handbook. Bath: Footprint.,71_275,71_304,275,"<p>
Gyurme Dorje. 2009. Tibet Handbook. Bath: Footprint, p. 304.</p>",304,,,191754549,,https://search.worldcat.org/title/191754602
71,Gyurme Dorje. 2009.Tibet Handbook. Bath: Footprint.,71_102,71_308-311,102,"<p>
Gyurme Dorje. 2009. <em>Tibet Handbook</em>. Bath: Footprint, pp. 308-311.</p>",308-311,,,191754549,,https://search.worldcat.org/title/191754603
71,Gyurme Dorje. 2009.Tibet Handbook. Bath: Footprint.,71_93,71_313,93,"<p>
Gyurme Dorje. 2009. <em>Tibet Handbook</em>. Bath: Footprint, p. 313.</p>",313,,,191754549,,https://search.worldcat.org/title/191754604
71,Gyurme Dorje. 2009.Tibet Handbook. Bath: Footprint.,71_838,71_313,838,"<p>
Gyurme Dorje. 2009. <em>Tibet Handbook</em>. Bath: Footprint, p. 313.</p>",313,,,191754549,,https://search.worldcat.org/title/191754605
71,Gyurme Dorje. 2009.Tibet Handbook. Bath: Footprint.,71_101,71_316,101,"<p>
Gyurme Dorje. 2009.<em>&nbsp;Tibet Handbook</em>. Bath: Footprint, p. 316.</p>",316,,,191754549,,https://search.worldcat.org/title/191754606
71,Gyurme Dorje. 2009.Tibet Handbook. Bath: Footprint.,71_39,71_322-327,39,"<p>
Dorje, Gyurme. 2009.&nbsp;<em>Tibet Handbook</em>. Bath: Footprint, pp. 322-327.</p>",322-327,,,191754549,,https://search.worldcat.org/title/191754607
71,Gyurme Dorje. 2009.Tibet Handbook. Bath: Footprint.,71_344,71_323,344,"<p>
Gyurme Dorje. 2009. <em>Tibet Handbook</em>. Bath: Footprint, p. 323.</p>",323,,,191754549,,https://search.worldcat.org/title/191754608
71,Gyurme Dorje. 2009.Tibet Handbook. Bath: Footprint.,71_1143,71_323,1143,"<p>
Gyurme Dorje. 2009. Tibet Handbook. Bath: Footprint, p. 323.</p>",323,,,191754549,,https://search.worldcat.org/title/191754609
71,Gyurme Dorje. 2009.Tibet Handbook. Bath: Footprint.,71_35,71_327-330,35,"<p>
Gyurme Dorje. 2009. <em>Tibet Handbook</em>. Bath: Footprint, pp. 327-330.</p>",327-330,,,191754549,,https://search.worldcat.org/title/191754610
71,Gyurme Dorje. 2009.Tibet Handbook. Bath: Footprint.,71_1336,71_330,1336,"<p>
Gyurme Dorje. 2009. <em>Tibet Handbook</em>. Bath: Footprint, p. 330.</p>",330,,,191754549,,https://search.worldcat.org/title/191754611
71,Gyurme Dorje. 2009.Tibet Handbook. Bath: Footprint.,71_446,71_330,446,"<p>
Gyurme Dorje. 2009. <em>Tibet Handbook</em>. Bath: Footprint, p. 330.</p>",330,,,191754549,,https://search.worldcat.org/title/191754612
71,Gyurme Dorje. 2009.Tibet Handbook. Bath: Footprint.,71_105,71_330,105,"<p>
Gyurme Dorje. 2009. <em>Tibet Handbook</em>. Bath: Footprint, p. 330.</p>",330,,,191754549,,https://search.worldcat.org/title/191754613
71,Gyurme Dorje. 2009.Tibet Handbook. Bath: Footprint.,71_229,71_330,229,"<p>
Gyurme Dorje. 2009. <em>Tibet Handbook</em>. Bath: Footprint, p. 330.</p>",330,,,191754549,,https://search.worldcat.org/title/191754614
71,Gyurme Dorje. 2009.Tibet Handbook. Bath: Footprint.,71_657,71_330,657,"<p>
Gyurme Dorje. 2009. <em>Tibet Handbook</em>. Bath: Footprint,&nbsp;p. 330.</p>",330,,,191754549,,https://search.worldcat.org/title/191754615
71,Gyurme Dorje. 2009.Tibet Handbook. Bath: Footprint.,71_62,71_330-333,62,"<p>
Gyurme Dorje. 2009. <em>Tibet Handbook</em>. Bath: Footprint, pp. 330-333.</p>",330-333,,,191754549,,https://search.worldcat.org/title/191754616
71,Gyurme Dorje. 2009.Tibet Handbook. Bath: Footprint.,71_32,71_332-333,32,"<p>
Gyurme Dorje. 2009.<em> Tibet Handbook</em>. Bath: Footprint, pp. 332-333.</p>",332-333,,,191754549,,https://search.worldcat.org/title/191754617
71,Gyurme Dorje. 2009.Tibet Handbook. Bath: Footprint.,71_1329,71_333,1329,"<p>
Gyurme Dorje. 2009. <em>Tibet Handbook</em>. Bath: Footprint, p. 333.</p>",333,,,191754549,,https://search.worldcat.org/title/191754618
71,Gyurme Dorje. 2009.Tibet Handbook. Bath: Footprint.,71_270,71_338,270,"<p>
Gyurme Dorje. 2009.&nbsp;<em>Tibet Handbook</em>. Bath: Footprint, p. 338.</p>",338,,,191754549,,https://search.worldcat.org/title/191754619
71,Gyurme Dorje. 2009.Tibet Handbook. Bath: Footprint.,71_603,71_342-346,603,"<p>
Gyurme Dorje. 2009.&nbsp;<em>Tibet Handbook</em>. Bath: Footprint, pp. 342-346.</p>",342-346,,,191754549,,https://search.worldcat.org/title/191754620
71,Gyurme Dorje. 2009.Tibet Handbook. Bath: Footprint.,71_120,71_353,120,"<p>
Gyurme Dorje. 2009. <em>Tibet Handbook</em>. Bath: Footprint, p. 353.</p>",353,,,191754549,,https://search.worldcat.org/title/191754621
71,Gyurme Dorje. 2009.Tibet Handbook. Bath: Footprint.,71_1124,71_384,1124,"<p>
Gyurme Dorje. 2009.<em> Tibet Handbook</em>. Bath: Footprint, p. 384.</p>",384,,,191754549,,https://search.worldcat.org/title/191754622
71,Gyurme Dorje. 2009.Tibet Handbook. Bath: Footprint.,71_1340,71_392,1340,"<p>
Gyurme Dorje. 2009. <em>Tibet Handbook</em>. Bath: Footprint, p. 392.</p>",392,,,191754549,,https://search.worldcat.org/title/191754623
71,Gyurme Dorje. 2009.Tibet Handbook. Bath: Footprint.,71_1084,71_413-423,1084,"<p>
Gyurme Dorje. 2009.<em> Tibet Handbook</em>. Bath: Footprint, pp. 413-423.</p>",413-423,,,191754549,,https://search.worldcat.org/title/191754624
71,Gyurme Dorje. 2009.Tibet Handbook. Bath: Footprint.,71_1222,71_424-425,1222,"<p>
Gyurme Dorje. 2009. <em>Tibet Handbook</em>. Bath: Footprint, pp. 424-425.</p>",424-425,,,191754549,,https://search.worldcat.org/title/191754625
71,Gyurme Dorje. 2009.Tibet Handbook. Bath: Footprint.,71_352,71_436-441,352,"<p>
Gyurme Dorje. 2009. <em>Tibet Handbook</em>. Bath: Footprint, pp. 436-441.</p>",436-441,,,191754549,,https://search.worldcat.org/title/191754626
71,Gyurme Dorje. 2009.Tibet Handbook. Bath: Footprint.,71_1089,71_448,1089,"<p>
Gyurme Dorje. 2009. Tibet Handbook. Bath: Footprint, p. 448.</p>",448,,,191754549,,https://search.worldcat.org/title/191754627
71,Gyurme Dorje. 2009.Tibet Handbook. Bath: Footprint.,71_218,71_470-474,218,"<p>
Gyurme Dorje. 2009. <em>Tibet Handbook</em>. Bath: Footprint, pp. 470-474.</p>",470-474,,,191754549,,https://search.worldcat.org/title/191754628
71,Gyurme Dorje. 2009.Tibet Handbook. Bath: Footprint.,71_60,71_482-483,60,"<p>
Gyurme Dorje. 2009. <em>Footprints Guide to Tibet, Fourth Edition</em>. Bristol: Footprints, pp. 482-483.</p>",482-483,,,191754549,,https://search.worldcat.org/title/191754629
71,Gyurme Dorje. 2009.Tibet Handbook. Bath: Footprint.,71_720,71_483,720,"<p>
Gyurme Dorje. 2009. <em>Tibet Handbook</em>. Bath: Footprint, p. 483.</p>",483,,,191754549,,https://search.worldcat.org/title/191754630
71,Gyurme Dorje. 2009.Tibet Handbook. Bath: Footprint.,71_813,71_492-493,813,"<p>
Gyurme Dorje. 2009.&nbsp;<em>Tibet Handbook</em>. Bath: Footprint, pp. 492-493.</p>",492-493,,,191754549,,https://search.worldcat.org/title/191754631
71,Gyurme Dorje. 2009.Tibet Handbook. Bath: Footprint.,71_1449,71_493,1449,"<p>
Gyurme Dorje. 2009. <em>Tibet Handbook</em>. Bath: Footprint, p. 493.</p>",493,,,191754549,,https://search.worldcat.org/title/191754632
71,Gyurme Dorje. 2009.Tibet Handbook. Bath: Footprint.,71_1393,71_493,1393,"<p>
Gyurme Dorje. 2009.&nbsp;<em>Tibet Handbook</em>. Bath: Footprint, p. 493.</p>",493,,,191754549,,https://search.worldcat.org/title/191754633
71,Gyurme Dorje. 2009.Tibet Handbook. Bath: Footprint.,71_682,71_520_538,682,"<p>
Gyurme Dorje. 2009. <em>Tibet Handbook</em>. Bath: Footprint, pp. 520, 538.</p>","520, 538",,,191754549,,https://search.worldcat.org/title/191754634
71,Gyurme Dorje. 2009.Tibet Handbook. Bath: Footprint.,71_700,71_567-568,700,"<p>
Gyurme Dorje. 2009.&nbsp;<em>Tibet Handbook</em>. Bath: Footprint, pp. 567-568.</p>",567-568,,,191754549,,https://search.worldcat.org/title/191754635
71,Gyurme Dorje. 2009.Tibet Handbook. Bath: Footprint.,71_159,71_573,159,"<p>
Gyurme Dorje. 2009.<em>&nbsp;Tibet Handbook</em>. Bath: Footprint, p. 573.</p>",573,,,191754549,,https://search.worldcat.org/title/191754636
71,Gyurme Dorje. 2009.Tibet Handbook. Bath: Footprint.,71_1245,71_582-585,1245,"<p>Dorje, Gyurme. 2009.&nbsp;<i>Tibet Handbook</i>. Bath: Footprint, pp. 582-585.</p>",582-585,,,191754549,,https://search.worldcat.org/title/191754637
71,Gyurme Dorje. 2009.Tibet Handbook. Bath: Footprint.,71_445,71_583,445,"<p>
Gyurme Dorje. 2009. <em>Tibet Handbook</em>. Bath: Footprint, p. 583.</p>",583,,,191754549,,https://search.worldcat.org/title/191754638
71,Gyurme Dorje. 2009.Tibet Handbook. Bath: Footprint.,71_814,71_586-587,814,"<p>Gyurme Dorje. 2009.&nbsp;<em>Tibet Handbook</em>. Bath: Footprint, 586-587.</p>",586-587,,,191754549,,https://search.worldcat.org/title/191754639
71,Gyurme Dorje. 2009.Tibet Handbook. Bath: Footprint.,71_13,71_596-597,13,"<p>
Gyurme Dorje. 2009. <em>Tibet Handbook</em>. Bath: Footprint, pp. 596-597.</p>",596-597,,,191754549,,https://search.worldcat.org/title/191754640
71,Gyurme Dorje. 2009.Tibet Handbook. Bath: Footprint.,71_807,71_616,807,"<p>
Gyurme Dorje. 2009.&nbsp;<em>Tibet Handbook</em>. Bath: Footprint, p. 616.</p>",616,,,191754549,,https://search.worldcat.org/title/191754641
71,Gyurme Dorje. 2009.Tibet Handbook. Bath: Footprint.,71_1535,71_630,1535,"<p>
Gyurme Dorje. 2009.<em>&nbsp;Tibet Handbook, </em>fourth edition. Bath: Footprints, p. 630.</p>",630,,,191754549,,https://search.worldcat.org/title/191754642
71,Gyurme Dorje. 2009.Tibet Handbook. Bath: Footprint.,71_1415,71_639,1415,"<p>
Gyurme Dorje. 2009. <em>Tibet Handbook</em>. Bath: Footprint, p. 639.</p>",639,,,191754549,,https://search.worldcat.org/title/191754643
71,Gyurme Dorje. 2009.Tibet Handbook. Bath: Footprint.,71_1608,71_642,1608,"<p>
Gyurme Dorje. 2009. Footprints Guide to Tibet. Bath: Footprints, p. 642.</p>",642,,,191754549,,https://search.worldcat.org/title/191754645
71,Gyurme Dorje. 2009.Tibet Handbook. Bath: Footprint.,71_1142,71_673-677,1142,"<p>
Dorje, Gyurme. 2009. <em>Tibet Handbook</em>. Bath: Footprint, pp. 673-677.</p>",673-677,,,191754549,,https://search.worldcat.org/title/191754646
71,Gyurme Dorje. 2009.Tibet Handbook. Bath: Footprint.,71_812,71_684,812,"<p>
Gyurme Dorje. 2009. <em>Tibet Handbook</em>. Bath: Footprint, p. 684.</p>",684,,,191754549,,https://search.worldcat.org/title/191754647
71,Gyurme Dorje. 2009.Tibet Handbook. Bath: Footprint.,71_924,71_691-693,924,"<p>
Gyurme Dorje. 2009. <em>Tibet Handbook</em>. Bath: Footprint, pp. 691-693.</p>",691-693,,,191754549,,https://search.worldcat.org/title/191754648
71,Gyurme Dorje. 2009.Tibet Handbook. Bath: Footprint.,71_40,71_691-693,40,"<p>
Dorje, Gyurme. 2009.&nbsp;<em>Tibet Handbook</em>. Bath: Footprint, pp. 691-693.</p>",691-693,,,191754549,,https://search.worldcat.org/title/191754649
71,Gyurme Dorje. 2009.Tibet Handbook. Bath: Footprint.,71_927,71_691-693,927,"<p>Dorje, Gyurme. 2009. <em>Tibet Handbook</em>. Bath: Footprint, pp. 691-693.</p>",691-693,,,191754549,,https://search.worldcat.org/title/191754650
71,Gyurme Dorje. 2009.Tibet Handbook. Bath: Footprint.,71_925,71_691-693,925,"<p>Dorje, Gyurme. 2009. <em>Tibet Handbook</em>. Bath: Footprint, pp. 691-693.</p>",691-693,,,191754549,,https://search.worldcat.org/title/191754651
71,Gyurme Dorje. 2009.Tibet Handbook. Bath: Footprint.,71_1024,71_691-693,1024,"<p>Dorje, Gyurme. 2009.&nbsp;Tibet Handbook. Bath: Footprint, pp. 691-693.</p>",691-693,,,191754549,,https://search.worldcat.org/title/191754652
71,Gyurme Dorje. 2009.Tibet Handbook. Bath: Footprint.,71_806,71_694,806,"<p>
Gyurme Dorje. 2009. <em>Tibet Handbook</em>. Bath: Footprint, p. 694.</p>",694,,,191754549,,https://search.worldcat.org/title/191754653
71,Gyurme Dorje. 2009.Tibet Handbook. Bath: Footprint.,71_533,71_695-696,533,"<p>
Gyurme Dorje. 2009.&nbsp;<em>Tibet Handbook</em>. Bath: Footprint, pp. 695-696.</p>
<p>
&nbsp;</p>",695-696,,,191754549,,https://search.worldcat.org/title/191754654
71,Gyurme Dorje. 2009.Tibet Handbook. Bath: Footprint.,71_373,71_699-700,373,"<p>
Gyurme Dorje. 2009. <em>Tibet Handbook</em>. Bath: Footprint, pp. 699-700.</p>",699-700,,,191754549,,https://search.worldcat.org/title/191754655
71,Gyurme Dorje. 2009.Tibet Handbook. Bath: Footprint.,71_358,71_711-712,358,"<p>
Gyurme Dorje. 2009. <em>Tibet Handbook</em>. Bath: Footprint, pp. 711-712.</p>",711-712,,,191754549,,https://search.worldcat.org/title/191754656
71,Gyurme Dorje. 2009.Tibet Handbook. Bath: Footprint.,71_290,71_714,290,"<p>
Gyurme Dorje. 2009. <em>Tibet Handbook</em>. Bath: Footprint, p. 714.</p>",714,,,191754549,,https://search.worldcat.org/title/191754657
71,Gyurme Dorje. 2009.Tibet Handbook. Bath: Footprint.,71_398,71_717-718,398,"<p>Gyurme Dorje. 2009.&nbsp;<em>Tibet Handbook</em>. Bath: Footprint, pp. 717-718.</p>",717-718,,,191754549,,https://search.worldcat.org/title/191754658
71,Gyurme Dorje. 2009.Tibet Handbook. Bath: Footprint.,71_1428,71_721-722,1428,"<p>
Dorje, Gyurme. 2009. <em>Tibet Handbook</em>. Bath: Footprint, pp. 721-722.</p>",721-722,,,191754549,,https://search.worldcat.org/title/191754659
71,Gyurme Dorje. 2009.Tibet Handbook. Bath: Footprint.,71_941,71_727,941,"<p>
Gyurme Dorje. 2009.&nbsp;<em>Tibet Handbook</em>. Bath: Footprint, p. 727.</p>",727,,,191754549,,https://search.worldcat.org/title/191754660
71,Gyurme Dorje. 2009.Tibet Handbook. Bath: Footprint.,71_567,71_764-765,567,"<p>
Gyurme Dorje. 2009. <em>Tibet Handbook</em>. Bath: Footprint, pp. 764-765.</p>",764-765,,,191754549,,https://search.worldcat.org/title/191754661
71,Gyurme Dorje. 2009.Tibet Handbook. Bath: Footprint.,71_243,71_765,243,"<p>
Gyurme Dorje. 2009. <em>Tibet Handbook</em>. Bath: Footprint, p. 765.</p>",765,,,191754549,,https://search.worldcat.org/title/191754662
71,Gyurme Dorje. 2009.Tibet Handbook. Bath: Footprint.,71_1172,71_772,1172,"<p>
Gyurme Dorje. 2009. <em>Tibet Handbook</em>. Bath: Footprint, p. 772.</p>",772,,,191754549,,https://search.worldcat.org/title/191754663
71,Gyurme Dorje. 2009.Tibet Handbook. Bath: Footprint.,71_527,71_773-774,527,"<p>Gyurme Dorje. 2009. <em>Tibet Handbook</em>. Bath: Footprint, pp. 773-4.</p>",773-774,,,191754549,,https://search.worldcat.org/title/191754664
71,Gyurme Dorje. 2009.Tibet Handbook. Bath: Footprint.,71_206,71_775-777,206,"<p>
Gyurme Dorje. 2009. <em>Tibet Handbook</em>. Bath: Footprint, pp. 775-777.</p>",775-777,,,191754549,,https://search.worldcat.org/title/191754665
71,Gyurme Dorje. 2009.Tibet Handbook. Bath: Footprint.,71_920,71_799,920,"<p>
Gyurme Dorje. 2009. <em>Tibet Handbook</em>. Bath: Footprint, p. 799.</p>",799,,,191754549,,https://search.worldcat.org/title/191754666
71,Gyurme Dorje. 2009.Tibet Handbook. Bath: Footprint.,71_465,71_802-803,465,"<p>
Gyurme Dorje. 2009. <em>Tibet Handbook</em>. Bath: Footprint, pp. 802-803.</p>",802-803,,,191754549,,https://search.worldcat.org/title/191754667
71,Gyurme Dorje. 2009.Tibet Handbook. Bath: Footprint.,71_1178,71_808-809,1178,"<p>
Gyurme Dorje. 2009. <em>Tibet Handbook</em>. Bath: Footprint, p. 808-809.</p>",808-809,,,191754549,,https://search.worldcat.org/title/191754668
71,Gyurme Dorje. 2009.Tibet Handbook. Bath: Footprint.,71_1038,71_813,1038,"<p>
Gyurme Dorje. 2009. <em>Tibet Handbook</em>. Bath: Footprint, p. 813.</p>",813,,,191754549,,https://search.worldcat.org/title/191754669
71,Gyurme Dorje. 2009.Tibet Handbook. Bath: Footprint.,71_877,71_84-98,877,"<p>
Gyurme Dorje. 2009. <em>Tibet Handbook</em>. Bath: Footprint, pp. 84-98.</p>",84-98,,,191754549,,https://search.worldcat.org/title/191754670
71,Gyurme Dorje. 2009.Tibet Handbook. Bath: Footprint.,71_85,71_89,85,"<p>
Gyurme Dorje. 2009. <em>Tibet Handbook</em>. Bath: Footprint, p.189.</p>",89,,,191754549,,https://search.worldcat.org/title/191754671
71,Gyurme Dorje. 2009.Tibet Handbook. Bath: Footprint.,71_722,71_99,722,"<p>
Gyurme Dorje. 2009. <em>Tibet Handbook</em>. Bath: Footprint, p. 99.</p>",99,,,191754549,,https://search.worldcat.org/title/191754672
71,Gyurme Dorje. 2009.Tibet Handbook. Bath: Footprint.,71_1763,,1763,"<p>
Gyurme Dorje. 2009. <em>Tibet Handbook</em>. Bath: Footprints.</p>",,,,191754549,,https://search.worldcat.org/title/191754673
71,Gyurme Dorje. 2009.Tibet Handbook. Bath: Footprint.,71_1761,,1761,"<p>
Gyurme Dorje. 2009. <em>Tibet Handbook</em>. Bath: Footprints</p>",,,,191754549,,https://search.worldcat.org/title/191754674
71,Gyurme Dorje. 2009.Tibet Handbook. Bath: Footprint.,71_926,71_691-693,926,"<p>Dorje, Gyurme. 2009. <em>Tibet Handbook</em>. Bath: Footprint, pp. 691-693.</p>",691-693,,,191754549,,https://search.worldcat.org/title/191754675
72,"Alexander, André. 2005. The Temples of Lhasa: Tibetan Buddhist architecture from the 7th to the 21st Centuries. Chicago: Serindia Publications.",72_722,72_103-123,722,"<p>
Alexander, André. 2005. <em>The Temples of Lhasa: Tibetan Buddhist architecture from the 7th to the 21st centuries</em>. Chicago: Serindia Publications, pp. 103-123.&nbsp;</p>",103-123,,,57434182,,https://search.worldcat.org/title/57434182
72,"Alexander, André. 2005. The Temples of Lhasa: Tibetan Buddhist architecture from the 7th to the 21st Centuries. Chicago: Serindia Publications.",72_880,72_125-140,880,"<p>
Alexander, André. 2005. <em>The Temples of Lhasa: Tibetan Buddhist architecture from the 7th to the 21st centuries</em>. Chicago: Serindia Publications, pp. 125-140.</p>",125-140,,,57434182,,https://search.worldcat.org/title/57434182
72,"Alexander, André. 2005. The Temples of Lhasa: Tibetan Buddhist architecture from the 7th to the 21st Centuries. Chicago: Serindia Publications.",72_912,72_143-149,912,"<p>
Alexander, André. 2005.&nbsp;<em>The Temples of Lhasa: Tibetan Buddhist architecture from the 7th to the 21st centuries</em>. Chicago: Serindia Publications, pp. 143-149.</p>",143-149,,,57434182,,https://search.worldcat.org/title/57434182
72,"Alexander, André. 2005. The Temples of Lhasa: Tibetan Buddhist architecture from the 7th to the 21st Centuries. Chicago: Serindia Publications.",72_536,72_207,536,"<p>
Alexander, André. 2005. <em>The Temples of Lhasa: Tibetan Buddhist Architecture from the 7th to the 21st Centuries</em>. Chicago: Serindia Publications, p. 207.</p>",207,,,57434182,,https://search.worldcat.org/title/57434182
72,"Alexander, André. 2005. The Temples of Lhasa: Tibetan Buddhist architecture from the 7th to the 21st Centuries. Chicago: Serindia Publications.",72_535,72_207,535,"<p>
Alexander, André. 2005. <em>The Temples of Lhasa: Tibetan Buddhist architecture from the 7th to the 21st centuries</em>. Chicago: Serindia Publications, p. 207.</p>",207,,,57434182,,https://search.worldcat.org/title/57434182
72,"Alexander, André. 2005. The Temples of Lhasa: Tibetan Buddhist architecture from the 7th to the 21st Centuries. Chicago: Serindia Publications.",72_723,72_208-221,723,"<p>
Alexander, André. 2005.<em> The Temples of Lhasa: Tibetan Buddhist Architecture from the 7th to the 21st Centuries</em>. Chicago: Serindia Publications, pp. 208-221.</p>",208-221,,,57434182,,https://search.worldcat.org/title/57434182
72,"Alexander, André. 2005. The Temples of Lhasa: Tibetan Buddhist architecture from the 7th to the 21st Centuries. Chicago: Serindia Publications.",72_900,72_223-239,900,"<p>
Alexander, André. 2005. <em>The Temples of Lhasa: Tibetan Buddhist Architecture from the 7th to the 21st Centuries</em>. Chicago: Serindia Publications, pp. 223-239.</p>",223-239,,,57434182,,https://search.worldcat.org/title/57434182
72,"Alexander, André. 2005. The Temples of Lhasa: Tibetan Buddhist architecture from the 7th to the 21st Centuries. Chicago: Serindia Publications.",72_724,72_241-257,724,"<p>
Alexander, André. 2005. <em>The Temples of Lhasa: Tibetan Buddhist Architecture from the 7th to the 21st Centuries</em>. Chicago: Serindia Publications, pp. 241-257.</p>",241-257,,,57434182,,https://search.worldcat.org/title/57434182
72,"Alexander, André. 2005. The Temples of Lhasa: Tibetan Buddhist architecture from the 7th to the 21st Centuries. Chicago: Serindia Publications.",72_874,72_259-269,874,"<p>
Alexander, André. 2005.&nbsp;<em>The Temples of Lhasa: Tibetan Buddhist architecture from the 7th to the 21st centuries</em>. Chicago: Serindia Publications, pp. 259-269.</p>",259-269,,,57434182,,https://search.worldcat.org/title/57434182
72,"Alexander, André. 2005. The Temples of Lhasa: Tibetan Buddhist architecture from the 7th to the 21st Centuries. Chicago: Serindia Publications.",72_899,72_68-68_78-89,899,"<p>
Alexander, André. 2005.&nbsp;<em>The Temples of Lhasa: Tibetan Buddhist architecture from the 7th to the 21st centuries</em>. Chicago: Serindia Publications, pp. 68-68, 78-89.</p>","68-68, 78-89",,,57434182,,https://search.worldcat.org/title/57434182
72,"Alexander, André. 2005. The Temples of Lhasa: Tibetan Buddhist architecture from the 7th to the 21st Centuries. Chicago: Serindia Publications.",72_894,72_90-100,894,"<p>
Alexander, André. 2005. <em>The Temples of Lhasa: Tibetan Buddhist Architecture from the 7th to the 21st Centuries</em>. Chicago: Serindia Publications, pp. 90-100.</p>",90-100,,,57434182,,https://search.worldcat.org/title/57434182
72,"Alexander, André. 2005. The Temples of Lhasa: Tibetan Buddhist architecture from the 7th to the 21st Centuries. Chicago: Serindia Publications.",72_897,72_90-100,897,"<p>
Alexander, André. 2005.&nbsp;<em>The Temples of Lhasa: Tibetan Buddhist Architecture from the 7th to the 21st Centuries</em>. Chicago: Serindia Publications, pp. 90-100.</p>",90-100,,,57434182,,https://search.worldcat.org/title/57434182
72,"Alexander, André. 2005. The Temples of Lhasa: Tibetan Buddhist architecture from the 7th to the 21st Centuries. Chicago: Serindia Publications.",72_896,72_90-100,896,"<p>
Alexander, André. 2005.&nbsp;<em>The Temples of Lhasa: Tibetan Buddhist Architecture from the 7th to the 21st Centuries</em>. Chicago: Serindia Publications, pp. 90-100.</p>",90-100,,,57434182,,https://search.worldcat.org/title/57434182
72,"Alexander, André. 2005. The Temples of Lhasa: Tibetan Buddhist architecture from the 7th to the 21st Centuries. Chicago: Serindia Publications.",72_895,72_90-100,895,"<p>
Alexander, André. 2005.<em> The Temples of Lhasa: Tibetan Buddhist Architecture from the 7th to the 21st Centuries</em>. Chicago: Serindia Publications, pp. 90-100.</p>",90-100,,,57434182,,https://search.worldcat.org/title/57434182
72,"Alexander, André. 2005. The Temples of Lhasa: Tibetan Buddhist architecture from the 7th to the 21st Centuries. Chicago: Serindia Publications.",72_875,,875,"<p>
Alexander, André. 2005. <em>The Temples of Lhasa: Tibetan Buddhist Architecture from the 7th to the 21st Centuries</em>. Chicago: Serindia Publications.</p>",,,,57434182,,https://search.worldcat.org/title/57434182
72,"Alexander, André. 2005. The Temples of Lhasa: Tibetan Buddhist architecture from the 7th to the 21st Centuries. Chicago: Serindia Publications.",72_913,,913,"<p>
Alexander, André. 2005. <em>The Temples of Lhasa: Tibetan Buddhist Architecture from the 7th to the 21st Centuries</em>. Chicago: Serindia Publications.</p>",,,,57434182,,https://search.worldcat.org/title/57434182
72,"Alexander, André. 2005. The Temples of Lhasa: Tibetan Buddhist architecture from the 7th to the 21st Centuries. Chicago: Serindia Publications.",72_898,,898,"<p>
Alexander, André. 2005. <em>The Temples of Lhasa: Tibetan Buddhist Architecture from the 7th to the 21st Centuries</em>. Chicago: Serindia Publications.</p>",,,,57434182,,https://search.worldcat.org/title/57434182
73,"Alexander, André. 2013. The Traditional Lhasa House: Typology of an Endangered Species. Zürich: Lit Verlag.",73_846,73_113-117,846,"<p>
Alexander, André. 2013. <em>The traditional Lhasa house: typology of an endangered species</em>. Zürich: Lit Verlag, pp. 113-117.</p>",113-117,,,878301029,,https://search.worldcat.org/title/878301029
74,"Alexander, André. 2019.  The Traditional Lhasa House: Typology of an Endangered Species Chicago: Serindia.",74_848,74_119-121,848,"<p>
Alexander, André. 2019. <em>The traditional Lhasa house: typology of an endangered species</em>. Chicago: Serindia, pp. 118-121.&nbsp;</p>",119-121,,,1063584745,,https://search.worldcat.org/title/1063584745
74,"Alexander, André. 2019.  The Traditional Lhasa House: Typology of an Endangered Species Chicago: Serindia.",74_851,74_126-128,851,"<p>
Alexander, André. 2019. <em>The traditional Lhasa house: typology of an endangered species</em>. Chicago: Serindia, pp. 126-128.</p>",126-128,,,1063584745,,https://search.worldcat.org/title/1063584745
74,"Alexander, André. 2019.  The Traditional Lhasa House: Typology of an Endangered Species Chicago: Serindia.",74_903,74_176-179,903,"<p>
Alexander, André. 2019.<em> The traditional Lhasa house: typology of an endangered species</em>. Chicago: Serindia, pp. 176-179.</p>",176-179,,,1063584745,,https://search.worldcat.org/title/1063584745
74,"Alexander, André. 2019.  The Traditional Lhasa House: Typology of an Endangered Species Chicago: Serindia.",74_728,74_18_298,728,"<p>
Alexander, André. 2019. <em>The traditional Lhasa house: typology of an endangered species</em>. Chicago: Serindia, pp. 18, 298.</p>","18, 298",,,1063584745,,https://search.worldcat.org/title/1063584745
74,"Alexander, André. 2019.  The Traditional Lhasa House: Typology of an Endangered Species Chicago: Serindia.",74_879,74_310-311,879,"<p>
Alexander, André. 2019. <em>The Traditional Lhasa House: Typology of an Endangered Species</em>. Chicago: Serindia, pp. 310-311.</p>",310-311,,,1063584745,,https://search.worldcat.org/title/1063584745
74,"Alexander, André. 2019.  The Traditional Lhasa House: Typology of an Endangered Species Chicago: Serindia.",74_882,74_313-315,882,"<p>
Alexander, André. 2019. <em>The traditional Lhasa house: typology of an endangered species</em>. Chicago: Serindia, pp. 313-315.</p>",313-315,,,1063584745,,https://search.worldcat.org/title/1063584745
74,"Alexander, André. 2019.  The Traditional Lhasa House: Typology of an Endangered Species Chicago: Serindia.",74_852,74_353f,852,"<p>
Alexander, André. 2019. <em>The traditional Lhasa house: typology of an endangered speci</em>es. Chicago: Serindia, p. 353f.</p>",353f,,,1063584745,,https://search.worldcat.org/title/1063584745
74,"Alexander, André. 2019.  The Traditional Lhasa House: Typology of an Endangered Species Chicago: Serindia.",74_729,74_354f,729,"<p>
Alexander, André. 2019. <em>The traditional Lhasa house: typology of an endangered species</em>. Chicago: Serindia, p. 354f.</p>",354f,,,1063584745,,https://search.worldcat.org/title/1063584745
74,"Alexander, André. 2019.  The Traditional Lhasa House: Typology of an Endangered Species Chicago: Serindia.",74_847,74_56_176,847,"<p>
Alexander, André. 2019.<em> The traditional Lhasa house: typology of an endangered species</em>. Chicago: Serindia. pp. 56, 176</p>","56, 176",,,1063584745,,https://search.worldcat.org/title/1063584745
74,"Alexander, André. 2019.  The Traditional Lhasa House: Typology of an Endangered Species Chicago: Serindia.",74_844,74_76-79,844,"<p>
Alexander, André. 2019. <em>The traditional Lhasa house: typology of an endangered species</em>. Chicago: Serindia, pp. 76-79.&nbsp;</p>",76-79,,,1063584745,,https://search.worldcat.org/title/1063584745
74,"Alexander, André. 2019.  The Traditional Lhasa House: Typology of an Endangered Species Chicago: Serindia.",74_902,74_80-85,902,"<p>
Alexander, André. 2019. <em>The traditional Lhasa house: typology of an endangered species</em>. Chicago: Serindia, pp. 80-85.</p>",80-85,,,1063584745,,https://search.worldcat.org/title/1063584745
74,"Alexander, André. 2019.  The Traditional Lhasa House: Typology of an Endangered Species Chicago: Serindia.",74_845,74_86-89,845,"<p>
Alexander, André. 2019. <em>The traditional Lhasa house: typology of an endangered species</em>. Chicago: Serindia, pp. 86-89.</p>",86-89,,,1063584745,,https://search.worldcat.org/title/1063584745
74,"Alexander, André. 2019.  The Traditional Lhasa House: Typology of an Endangered Species Chicago: Serindia.",74_1561,74_93-95,1561,"<p>
Alexander, André. 2019. <em>The traditional Lhasa house: typology of an endangered species</em>. Chicago: Serindia, pp. 93-95.</p>",93-95,,,1063584745,,https://search.worldcat.org/title/1063584745
74,"Alexander, André. 2019.  The Traditional Lhasa House: Typology of an Endangered Species Chicago: Serindia.",74_853,,853,"<p>
Alexander, André. 2019. <em>The traditional Lhasa house: typology of an endangered species</em>. Chicago: Serindia.&nbsp;</p>",,,,1063584745,,https://search.worldcat.org/title/1063584745
75,"Amar, Abhishek Singh., David Geary, and Matthew R. Sayers. 2012. Cross-disciplinary perspectives on a contested Buddhist site : Bodh Gaya Jataka. London: Routledge.",75_1158,,1158,"<p>
Amar, Abhishek Singh., David Geary, and Matthew R. Sayers. 2012. <em>Cross-disciplinary perspectives on a contested Buddhist site : Bodh Gaya Jataka</em>. London: Routledge.",,,,886477669,,https://doi.org/10.4324/9780203120354
76,"Andreev, A. I. 2017. Sankt-Peterburgskiĭ buddiĭskiĭ khram v fotografii︠a︡kh V. A. Sansero [1920-1924]: iz kollekt︠s︡ii Instituta vostochnykh rukopiseĭ RAN. Sankt-Peterburg: Izdanie A. A. Terentʹeva.",76_1055,,1055,"<p>
Andreev, A. I. 2017.<em> Sankt-Peterburgskiĭ buddiĭskiĭ khram v fotografii︠a︡kh V. A. Sansero [1920-1924]: iz kollekt︠s︡ii Instituta vostochnykh rukopiseĭ RAN</em>. Sankt-Peterburg: Izdanie A. A. Terentʹeva.</p>",,,,1141204297,,https://search.worldcat.org/title/1141204297
77,"Andreyev, Alexandre. 2014.  Myth of the Masters Revived: The Occult Lives of Nikolai and Elena Roerich. Leiden: Brill.",77_1312,,1312,"<p>
Andreyev, Alexandre. 2014. <em>Myth of the Masters Revived: The Occult Lives of Nikolai and Elena Roerich</em>. Leiden: Brill.</p>",,,,934549213,,https://search.worldcat.org/title/934549213
78,"Snellgrove, David L. 1961. Himalayan Pilgrimage: A Study of Tibetan Religion. Oxford: B. Cassirer.",78_1595,78_193-195,1595,"<p>
Snellgrove, David. 1961. <em>Himalayan Pilgrimage, a Study of Tibetan Religion by a Traveller through Western Nepal</em>. Oxford: Bruno Cassirer, pp. 193-195.</p>",193-195,,,848924,,https://search.worldcat.org/title/848924
79,"ʼGos Lo tsā ba Gzhon nu dpal, George Roerich, and Turrell V. Wylie. 1949-1953. The Blue Annals. Calcutta: Royal Asiatic Society of Bengal.",79_1001,79_466,1001,"<p>
'Gos Lo-tsā-ba Gzhon-nu-dpal, George Roerich, and Turrell V. Wylie. 1949-1953.<em> The blue annals, Vol. 2</em>. Calcutta: Royal Asiatic Society of Bengal, p. 466.</p>",466,,,2289406,,https://search.worldcat.org/title/2289406
79,"ʼGos Lo tsā ba Gzhon nu dpal, George Roerich, and Turrell V. Wylie. 1949-1953. The Blue Annals. Calcutta: Royal Asiatic Society of Bengal.",79_1259,79_82-83,1259,"<p>
Roerich, George Nicholas. 1949. <em>The Blue Annals: Part I.</em> Calcutta: Royal Asiatic Society of Bengal, pp. 82-83.</p>",82-83,,,222009799,,https://search.worldcat.org/title/222009799
80,Chogyam Trungpa. 1977. Born in Tibet. Boulder: Shambhala.,80_174,,174,"<p>
Chogyam Trungpa. 1977. <em>Born in Tibet</em>. Boulder: Shambhala.</p>",,,,3353735,,https://search.worldcat.org/title/3353735
80,Chogyam Trungpa. 1977. Born in Tibet. Boulder: Shambhala.,80_702,,702,"<p>
Chogyam Trungpa. 1977. <em>Born in Tibet</em>. Boulder: Shambhala.</p>",,,,3353735,,https://search.worldcat.org/title/3353735
81,"Asia Society. 1982. Tibetan Cultural Resources in North America. New York, N.Y.: Asia Society.",81_1454,81_6,1454,"<p>
Asia Society. 1982. <em>Tibetan Cultural Resources in North America</em> = [Bod kyi rig gźuṅ thon khuṅs]. Asia Society, p. 6.</p>",6,,,11915768,,https://search.worldcat.org/title/11915768
82,"Annual Report. 2005. Ministry of Culture, Government of India. ",82_1411,82_87-88,1411,"<p><em>Annual Report</em>.&nbsp;2005. India:&nbsp;Government of India, Ministry of Culture,&nbsp;p. 87.</p>",87-88,,,14995171,,https://www.indiaculture.gov.in/sites/default/files/annual-reports/MoC%20Annual%20Report%202005-2006.pdf
83,"Fields, Rick. 1992. How the Swans Came to the Lake: A Narrative History of Buddhism in America</em>. Boston: Shambhala Publications",83_1416,83_332-335,1416,"<p>
Fields, Rick. 1992. <em>How the Swans Came to the Lake: A Narrative History of Buddhism in America</em>. Boston: Shambhala Publications, pp. 332-335.</p>",332-335,,,1066097561,,https://search.worldcat.org/title/1066097561
84,"Jackson, David Paul, and Nam-mkhaʼ-dpal-bzaṅ. 1989. The Early Abbots of ʼPhan-Po Na-Lendra: The Vicissitudes of a Great Tibetan Monastery in the 15th Century. Wien: Arbeitskreis für Tibetische und Buddhistische Studien, Universität Wien.",84_128,,128,"<p>
Jackson, David. 1989. <em>The Early Abbots of &#39;Phan-po Na-lendra: The Vicissitudes of a Great Tibetan Monastery in the 15th Century</em>. Vienna: Arbeitskreis f&uuml;r Tibetische und Buddhistische Studien, Universit&auml;t Wien.&nbsp;</p>",,,,25460374,,https://search.worldcat.org/title/25460374
85,"Jackson, David. 2003. Saint in Seattle: The Life of the Tibetan Mystic Dezhung Rinpoche. Boston: Wisdom.",85_1496,85_10,1496,"<p>
Jackson, David. 2003. <em>Saint in Seattle: The Life of the Tibetan Mystic Dezhung Rinpoche</em>. Boston: Wisdom, p. 10.</p>",10,,,54479651,,https://search.worldcat.org/title/54479651
85,"Jackson, David. 2003. Saint in Seattle: The Life of the Tibetan Mystic Dezhung Rinpoche. Boston: Wisdom.",85_178,85_531-536,178,"<p>Jackson, David Paul. 2003.<em>A Saint in Seattle: The Life of the Tibetan Mystic Dezhung Rinpoche</em>. Boston: Wisdom Publications, pp. 531-536. </p>",531-536,,,54479651,,https://search.worldcat.org/title/54479656
85,"Jackson, David. 2003. Saint in Seattle: The Life of the Tibetan Mystic Dezhung Rinpoche. Boston: Wisdom.",85_445,85_593,445,"<p>
Jackson, David. 2003. <em>Saint in Seattle: The Life of the Tibetan Mystic Dezhung Rinpoche</em>. Boston: Wisdom Publications, p. 593.</p>",593,,,54479651,,https://search.worldcat.org/title/54479653
85,"Jackson, David. 2003. Saint in Seattle: The Life of the Tibetan Mystic Dezhung Rinpoche. Boston: Wisdom.",85_179,85_75-77,179,"<p>
Jackson, David. 2003. <em>Saint in Seattle: The Life of the Tibetan Mystic Dezhung Rinpoche</em>. Boston: Wisdom, pp. 75-77.</p>",75-77,,,54479651,,https://search.worldcat.org/title/54479655
85,"Jackson, David. 2003. Saint in Seattle: The Life of the Tibetan Mystic Dezhung Rinpoche. Boston: Wisdom.",85_1497,,1497,"<p>
Jackson, David. 2003. <em>A Saint in Seattle: The Life of the Tibetan Mystic Dezhung Rinpoche</em>. Boston: Wisdom.</p>",,,,54479651,,https://search.worldcat.org/title/54479652
85,"Jackson, David. 2003. Saint in Seattle: The Life of the Tibetan Mystic Dezhung Rinpoche. Boston: Wisdom.",85_1464,,1464,"<p>
Jackson, David. 2003. <em>Saint in Seattle: The Life of the Tibetan Mystic Dezhung Rinpoche</em>. Boston: Wisdom.</p>",,,,54479651,,https://search.worldcat.org/title/54479654
86,"Bubriski, Kevin, and Keith Dowman. 1995. Power Places of Kathmandu: Hindu and Buddhist Holy Sites in the Sacred Valley of Nepal. London: Thames and Hudson.",86_173,,173,"<p>
Dowman, Keith. 1995.<em> Power Places of Kathmandu: Hindu and Buddhist Holy Sites in the Sacred Valley of Nepal</em>. London: Thames and Hudson.</p>",,,,32510936,,https://search.worldcat.org/title/32510936
86,"Dowman, Keith. 1981.  A Buddhist Guide to the Power Places of the Kathmandu Valley. Kailash: A Journal of Himalyan Studies , vol. VIII, no. 3-4, pp. 270-271.",86_1653,,1653,"<p>
Dowman, Keith. 1981. &quot;A Buddhist Guide to the Power Places of the Kathmandu Valley.&quot; <em>Kailash: A Journal of Himalyan Studies</em>, vol. VIII, no. 3-4, pp. 270-271.</p>",,,,,,https://himalaya.socanth.cam.ac.uk/collections/journals/kailash/pdf/kailash_08_0304_03.pdf
87,Thub bstan dpal ldan. 1997. The Guide to the Buddhist Monasteries and Royal Castles of Ladakh. India: T. Paldan.,87_1408,87_23,1408,"<p>
Thub bstan dpal ldan.&nbsp;1997. <em>The Guide to the Buddhist Monasteries and Royal Castles of Ladakh</em>.&nbsp;India:&nbsp;T. Paldan, p. 23.</p>",23,,,45437173,,https://search.worldcat.org/title/45437173
88,"Cuevas, Bryan J. 2003. The Hidden History of the Tibetan book of the Dead. Oxford: Oxford University Press.",88_427,88_191-192,427,"<p>
Cuevas, Bryan J. 2003. The hidden history of the Tibetan book of the dead. Oxford: Oxford University Press, pp. 191-192.</p>",191-192,,,50347871,,https://search.worldcat.org/title/963538639
89,Unesco. 2004. World Heritage: Monumental Sites. Milano: Skira Editore.,89_905,89_242-249,905,"<p>
Unesco. 2004. <em>World Heritage: Monumental Sites</em>. Milano: Skira Editore, pp. 242-249.</p>",242-249,,,56022655,,https://search.worldcat.org/title/56022655
90,"Bruun, Ole, and Li Narangoa. 2006. Mongols from Country to City: Floating Boundaries, Pastoralism and City Life in the Mongol Lands. Copenhagen: NIAS Press.",90_1412,90_223,1412,"<p>Bruun, Ole. 2006. <em>Mongols From Country to City: Floating Boundaries, Pastoralism and City Life in the Mongol Lands</em>. Copenhagen: NIAS Press, p. 223.</p>",223,,,778447635,,https://search.worldcat.org/title/778447635
91,"Childs, Geoff. 2004. Tibetan Diary: From Birth to Death and Beyond in a Himalayan Valley of Nepal. Berkeley: University of California Press.",,,1544,"<p>
Childs, Geoff. 2004. <em>Tibetan Diary: From Birth to Death and Beyond in a Himalayan Valley of Nepal</em>.&nbsp;Berkeley:&nbsp;University of California Press.</p>",,,,56732972,,https://search.worldcat.org/title/1014867757
92,"Thurston, Bonnie Bowman. 2007. Merton & Buddhism: Wisdom, Emptiness, and Everyday Mind. Louisville: Fons Vitae.",92_1510,92_51-90,1510,"<p>
Simmer-Brown, Judith. &quot;The Liberty That Nobody Can Touch: Thomas Merton Meets Tibetan Buddhism.&quot;<em> Merton &amp; Buddhism: Wisdom, Emptiness and Everyday Mind</em>, ed. Bonnie Bowman Thurston (Louisville, KY: Fons Vitae, 2007) (2007): 51-90.</p>",51-90,,,123165638,,https://search.worldcat.org/title/123165638
93,"Gruschke, Andreas. 2001. The Cultural Monuments of Tibet's Outer Provinces. Volume 1: The Qinghai Part of Amdo. Thailand: White Lotus Press.",93_1045,93_54,1045,"<p>
Gruschke, Andreas. 2001. <em>The Cultural Monuments of Tibet&#39;s Outer Provinces. Volume 1: The Qinghai Part of Amdo</em>. Thailand: White Lotus Press, p. 54.</p>",54,,,229922814,,https://search.worldcat.org/title/229922814
93,"Gruschke, Andreas. 2001. The Cultural Monuments of Tibet's Outer Provinces. Volume 1: The Qinghai Part of Amdo. Thailand: White Lotus Press.",93_1044,93_54,1044,"<p>
Gruschke,&nbsp;Andreas.&nbsp;2001. <em>The Cultural Monuments of Tibet&#39;s Outer Provinces. Volume 1: The Qinghai part of Amdo</em>.&nbsp;Thailand:&nbsp;White Lotus Press, p. 54.</p>",54,,,229922814,,https://search.worldcat.org/title/229922814
93,"Gruschke, Andreas. 2001. The Cultural Monuments of Tibet's Outer Provinces. Volume 1: The Qinghai Part of Amdo. Thailand: White Lotus Press.",93_397,93_55,397,"<p>Gruschke,&nbsp;Andreas.&nbsp;2001. <em>The Cultural Monuments of Tibet&#39;s Outer Provinces. Volume 1: The Qinghai part of Amdo</em>.&nbsp;Thailand:&nbsp;White Lotus Press, p. 55.</p>",55,,,229922814,,https://search.worldcat.org/title/229922814
93,"Gruschke, Andreas. 2001. The Cultural Monuments of Tibet's Outer Provinces. Volume 1: The Qinghai Part of Amdo. Thailand: White Lotus Press.",93_398,93_62,398,"<p>
Gruschke,&nbsp;Andreas.&nbsp;2001. <em>The Cultural Monuments of Tibet&#39;s Outer Provinces. Volume 1: The Qinghai part of Amdo</em>.&nbsp;Thailand:&nbsp;White Lotus Press,&nbsp;p. 62.</p>",62,,,229922814,,https://search.worldcat.org/title/229922814
93,"Gruschke, Andreas. 2001. The Cultural Monuments of Tibet's Outer Provinces. Volume 1: The Qinghai Part of Amdo. Thailand: White Lotus Press.",93_1043,93_80,1043,"<p>
Gruschke,&nbsp;Andreas.&nbsp;2001. <em>The Cultural Monuments of Tibet&#39;s Outer Provinces. Volume 1: The Qinghai part of Amdo</em>.&nbsp;Thailand:&nbsp;White Lotus Press, p. 80.</p>",80,,,229922814,,https://search.worldcat.org/title/229922814
93,"Gruschke, Andreas. 2001. The Cultural Monuments of Tibet's Outer Provinces. Volume 1: The Qinghai Part of Amdo. Thailand: White Lotus Press.",93_40,93_21-26,40,"<p>
Gruschke, Andreas. 2001.&nbsp;<em>The Cultural Monuments of Tibet&#39;s Outer Provinces, Volume 1, the Qinghai Part of Amdo</em>. Bangkok: White Lotus Press, pp. 21-26.</p>",21-26,,,229922814,,https://search.worldcat.org/title/229922814
93,"Gruschke, Andreas. 2001. The Cultural Monuments of Tibet's Outer Provinces. Volume 1: The Qinghai Part of Amdo. Thailand: White Lotus Press.",93_924,93_21-26,924,"<p>
Gruschke, Andreas. 2001.<em> The Cultural Monuments of Tibet&#39;s Outer Provinces, Volume 1, the Qinghai Part of Amdo</em>. Bangkok: White Lotus Press, pp. 21-26.</p>",21-26,,,229922814,,https://search.worldcat.org/title/229922814
93,"Gruschke, Andreas. 2001. The Cultural Monuments of Tibet's Outer Provinces. Volume 1: The Qinghai Part of Amdo. Thailand: White Lotus Press.",93_926,93_21-26,926,"<p>Gruschke, Andreas. 2001. <em>The Cultural Monuments of Tibet&#39;s Outer Provinces, Volume 1, the Qinghai Part of Amdo</em>. Bangkok: White Lotus Press, pp. 21-26.</p>",21-26,,,229922814,,https://search.worldcat.org/title/229922815
93,"Gruschke, Andreas. 2001. The Cultural Monuments of Tibet's Outer Provinces. Volume 1: The Qinghai Part of Amdo. Thailand: White Lotus Press.",93_927,93_21-26,927,"<p>Gruschke, Andreas. 2001. <em>The Cultural Monuments of Tibet&#39;s Outer Provinces, Volume 1, the Qinghai Part of Amdo</em>. Bangkok: White Lotus Press, pp. 21-26.</p> <p>",21-26,,,229922814,,https://search.worldcat.org/title/229922816
93,"Gruschke, Andreas. 2001. The Cultural Monuments of Tibet's Outer Provinces. Volume 1: The Qinghai Part of Amdo. Thailand: White Lotus Press.",93_925,93_21-26,925,"<p>Gruschke, Andreas. 2001.<em>The Cultural Monuments of Tibet&#39;s Outer Provinces, Volume 1, the Qinghai Part of Amdo</em>. Bangkok: White Lotus Press, pp. 21-26.&nbsp;</p>",21-26,,,229922814,,https://search.worldcat.org/title/229922817
93,"Gruschke, Andreas. 2001. The Cultural Monuments of Tibet's Outer Provinces. Volume 1: The Qinghai Part of Amdo. Thailand: White Lotus Press.",93_1024,93_21-26,1024,"<p>Gruschke, Andreas. 2001. The Cultural Monuments of Tibet&#39;s Outer Provinces, Volume 1, the Qinghai Part of Amdo. Bangkok: White Lotus Press, pp. 21-26.</p>",21-26,,,229922814,,https://search.worldcat.org/title/229922818
93,"Gruschke, Andreas. 2001. The Cultural Monuments of Tibet's Outer Provinces. Volume 1: The Qinghai Part of Amdo. Thailand: White Lotus Press.",93_156,93_31-37,156,"<p>
Gruschke,&nbsp;Andreas.&nbsp;2001. <em>The Cultural Monuments of Tibet&#39;s Outer Provinces. Volume 1: The Qinghai part of Amdo</em>.&nbsp;Thailand:&nbsp;White Lotus Press, pp. 31-37.</p>",31-37,,,229922814,,https://search.worldcat.org/title/229922819
93,"Gruschke, Andreas. 2001. The Cultural Monuments of Tibet's Outer Provinces. Volume 1: The Qinghai Part of Amdo. Thailand: White Lotus Press.",93_532,93_36-38,532,"<p>
Gruschke,&nbsp;Andreas.&nbsp;2001. <em>The Cultural Monuments of Tibet&#39;s Outer Provinces. Volume 1: The Qinghai part of Amdo</em>.&nbsp;Thailand:&nbsp;White Lotus Press, p. 36-38.</p>",36-38,,,229922814,,https://search.worldcat.org/title/229922820
93,"Gruschke, Andreas. 2001. The Cultural Monuments of Tibet's Outer Provinces. Volume 1: The Qinghai Part of Amdo. Thailand: White Lotus Press.",93_533,93_38_59_153,533,"<p>
Gruschke,&nbsp;Andreas.&nbsp;2001. <em>The Cultural Monuments of Tibet&#39;s Outer Provinces. Volume 1: The Qinghai part of Amdo</em>.&nbsp;Thailand:&nbsp;White Lotus Press, pp.&nbsp;38, 59, 153.</p>","38, 59, 153",,,229922814,,https://search.worldcat.org/title/229922821
93,"Gruschke, Andreas. 2001. The Cultural Monuments of Tibet's Outer Provinces. Volume 1: The Qinghai Part of Amdo. Thailand: White Lotus Press.",93_340,93_44-45,340,"<p>
Gruschke,&nbsp;Andreas.&nbsp;2001. <em>The Cultural Monuments of Tibet&#39;s Outer Provinces. Volume 1: The Qinghai part of Amdo</em>.&nbsp;Thailand:&nbsp;White Lotus Press, pp. 44-45.</p>",44-45,,,229922814,,https://search.worldcat.org/title/229922822
93,"Gruschke, Andreas. 2001. The Cultural Monuments of Tibet's Outer Provinces. Volume 1: The Qinghai Part of Amdo. Thailand: White Lotus Press.",93_942,93_51-54,942,"<p>
Gruschke, Andreas. 2001.&nbsp;<em>The Cultural Monuments of Tibet&#39;s Outer Provinces, Volume 1, the Qinghai Part of Amdo</em>. Bangkok: White Lotus Press, pp. 51-54.</p>",51-54,,,229922814,,https://search.worldcat.org/title/229922823
93,"Gruschke, Andreas. 2001. The Cultural Monuments of Tibet's Outer Provinces. Volume 1: The Qinghai Part of Amdo. Thailand: White Lotus Press.",93_941,93_51-54,941,"<p>
Gruschke, Andreas. 2001.&nbsp;<em>The Cultural Monuments of Tibet&#39;s Outer Provinces, Volume 1, the Qinghai Part of Amdo</em>. Bangkok: White Lotus Press, pp. 51-54.</p>",51-54,,,229922814,,https://search.worldcat.org/title/229922824
93,"Gruschke, Andreas. 2001. The Cultural Monuments of Tibet's Outer Provinces. Volume 1: The Qinghai Part of Amdo. Thailand: White Lotus Press.",93_374,93_51-54,374,"<p>Gruschke, Andreas. 2001. <em>The Cultural Monuments of Tibet&#39;s Outer Provinces, Volume 1, the Qinghai Part of Amdo</em>. Bangkok: White Lotus Press, pp. 51-54.</p>",51-54,,,229922814,,https://search.worldcat.org/title/229922825
93,"Gruschke, Andreas. 2001. The Cultural Monuments of Tibet's Outer Provinces. Volume 1: The Qinghai Part of Amdo. Thailand: White Lotus Press.",93_1428,93_64-65,1428,"<p>
Gruschke,&nbsp;Andreas.&nbsp;2001. <em>The Cultural Monuments of Tibet&#39;s Outer Provinces. Volume 1: The Qinghai part of Amdo</em>.&nbsp;Thailand:&nbsp;White Lotus Press, pp. 64-65.</p>",64-65,,,229922814,,https://search.worldcat.org/title/229922814
93,"Gruschke, Andreas. 2001. The Cultural Monuments of Tibet's Outer Provinces. Volume 1: The Qinghai Part of Amdo. Thailand: White Lotus Press.",93_1086,93_73-75,1086,"<p>
Gruschke,&nbsp;Andreas.&nbsp;2001. <em>The Cultural Monuments of Tibet&#39;s Outer Provinces. Volume 1: The Qinghai Part of Amdo</em>.&nbsp;Thailand:&nbsp;White Lotus Press, pp. 73-75.</p>",73-75,,,229922814,,https://search.worldcat.org/title/229922814
93,"Gruschke, Andreas. 2001. The Cultural Monuments of Tibet's Outer Provinces. Volume 1: The Qinghai Part of Amdo. Thailand: White Lotus Press.",93_716,93_91-92,716,"<p>
Gruschke,&nbsp;Andreas.&nbsp;2001.<em> The Cultural Monuments of Tibet&#39;s Outer Provinces. Volume 1: The Qinghai part of Amdo</em>.&nbsp;Thailand:&nbsp;White Lotus Press, p. 91-92.</p>",91-92,,,229922814,,https://search.worldcat.org/title/229922814
93,"Gruschke, Andreas. 2001. The Cultural Monuments of Tibet's Outer Provinces. Volume 1: The Qinghai Part of Amdo. Thailand: White Lotus Press.",93_982,93_92-93,982,"<p>
Gruschke,&nbsp;Andreas.&nbsp;2001. <em>The Cultural Monuments of Tibet&#39;s Outer Provinces. Volume 1: The Qinghai part of Amdo</em>.&nbsp;Thailand:&nbsp;White Lotus Press, pp. 92-93.</p>",92-93,,,229922814,,https://search.worldcat.org/title/229922814
94,"Gruschke, Andreas. 2001. The Cultural Monuments of Tibet's Outer Provinces. Volume 1: The Qinghai Part of Amdo. Thailand: White Lotus Press.",94_831,94_23,831,"<p>
Gruschke, Andreas. 2001.&nbsp;<em>The Cultural Monuments of Tibet&#39;s Outer Provinces, Volume 2: The Gansu and Sichuan parts of Amdo</em>. Bangkok: White Lotus Press, p. 23.</p>",23,,,229922816,,https://search.worldcat.org/title/229922816
94,"Gruschke, Andreas. 2001. The Cultural Monuments of Tibet's Outer Provinces. Volume 1: The Qinghai Part of Amdo. Thailand: White Lotus Press.",94_479,94_50,479,"<p>
Gruschke,&nbsp;Andreas.&nbsp;2001. <em>The Cultural Monuments of Tibet&#39;s Outer Provinces. Volume 2: The Gansu and Sichuan parts of Amdo</em>. Thailand:&nbsp;White Lotus Press, p. 50.</p>",50,,,229922816,,https://search.worldcat.org/title/229922816
94,"Gruschke, Andreas. 2001. The Cultural Monuments of Tibet's Outer Provinces. Volume 1: The Qinghai Part of Amdo. Thailand: White Lotus Press.",94_1178,94_55,1178,"<p>
Gruschke,&nbsp;Andreas.&nbsp;2001.<em> The Cultural Monuments of Tibet&#39;s Outer Provinces. Volume 2: The Gansu and Sichuan parts of Amdo</em>. Thailand:&nbsp;White Lotus Press, p. 55.&nbsp;</p>",55,,,229922816,,https://search.worldcat.org/title/229922816
94,"Gruschke, Andreas. 2001. The Cultural Monuments of Tibet's Outer Provinces. Volume 1: The Qinghai Part of Amdo. Thailand: White Lotus Press.",94_1365,94_56,1365,"<p>
Gruschke,&nbsp;Andreas.&nbsp;2001. <em>The Cultural Monuments of Tibet&#39;s Outer Provinces. Volume 2: The Gansu and Sichuan parts of Amdo</em>. Thailand:&nbsp;White Lotus Press, p. 56.</p>",56,,,229922816,,https://search.worldcat.org/title/229922816
94,"Gruschke, Andreas. 2001. The Cultural Monuments of Tibet's Outer Provinces. Volume 1: The Qinghai Part of Amdo. Thailand: White Lotus Press.",94_718,94_66,718,"<p>
Gruschke,&nbsp;Andreas.&nbsp;2001.<em> The Cultural Monuments of Tibet&#39;s Outer Provinces. Volume 2: The Gansu and Sichuan parts of Amdo</em>. Thailand:&nbsp;White Lotus Press, p. 66.</p>",66,,,229922816,,https://search.worldcat.org/title/229922816
94,"Gruschke, Andreas. 2001. The Cultural Monuments of Tibet's Outer Provinces. Volume 1: The Qinghai Part of Amdo. Thailand: White Lotus Press.",94_441,94_21-23,441,"<p>
Gruschke,&nbsp;Andreas.&nbsp;2001. <em>The Cultural Monuments of Tibet&#39;s Outer Provinces. Volume 2: The Gansu and Sichuan parts of Amdo</em>. Thailand:&nbsp;White Lotus Press, pp. 21-23.</p>",21-23,,,229922816,,https://search.worldcat.org/title/229922816
94,"Gruschke, Andreas. 2001. The Cultural Monuments of Tibet's Outer Provinces. Volume 1: The Qinghai Part of Amdo. Thailand: White Lotus Press.",94_41,94_27-38,41,"<p>
Gruschke, Andreas. 2001. <em>The Cultural Monuments of Tibet&#39;s Outer Provinces. Volume 2: The Gansu and Sichuan parts of Amdo</em>. Thailand: White Lotus Press, pp. 27-38.</p>",27-38,,,229922816,,https://search.worldcat.org/title/229922816
94,"Gruschke, Andreas. 2001. The Cultural Monuments of Tibet's Outer Provinces. Volume 1: The Qinghai Part of Amdo. Thailand: White Lotus Press.",94_920,94_27-39,920,"<p>
Gruschke,&nbsp;Andreas.&nbsp;2001. <em>The Cultural Monuments of Tibet&#39;s Outer Provinces. Volume 2: The Gansu and Sichuan parts of Amdo</em>. Thailand:&nbsp;White Lotus Press, pp. 27-39.</p>",27-39,,,229922816,,https://search.worldcat.org/title/229922816
94,"Gruschke, Andreas. 2001. The Cultural Monuments of Tibet's Outer Provinces. Volume 1: The Qinghai Part of Amdo. Thailand: White Lotus Press.",94_1426,94_46-48,1426,"<p>
Gruschke, Andreas. 2001. <em>The Cultural Monuments of Tibet&#39;s Outer Provinces: Volume 2. The Gansu and Sichuan Parts of Amdo</em>. Bangkok: White Lotus Press, pp. 46-48.</p>",46-48,,,229922816,,https://search.worldcat.org/title/229922816
94,"Gruschke, Andreas. 2001. The Cultural Monuments of Tibet's Outer Provinces. Volume 1: The Qinghai Part of Amdo. Thailand: White Lotus Press.",94_363,94_46-48,363,"<p>
Gruschke, Andreas. 2001.<em> The Cultural Monuments of Tibet&#39;s Outer Provinces: Volume 2. The Gansu and Sichuan Parts of Amdo</em>. Bangkok: White Lotus Press, pp. 46-48.</p>",46-48,,,229922816,,https://search.worldcat.org/title/229922816
94,"Gruschke, Andreas. 2001. The Cultural Monuments of Tibet's Outer Provinces. Volume 1: The Qinghai Part of Amdo. Thailand: White Lotus Press.",94_209,94_74-78,209,"<p>
Gruschke,&nbsp;Andreas.&nbsp;2001. <em>The Cultural Monuments of Tibet&#39;s Outer Provinces. Volume 2: The Gansu and Sichuan parts of Amdo</em>. Thailand:&nbsp;White Lotus Press, pp. 74-78.</p>",74-78,,,229922816,,https://search.worldcat.org/title/229922816
94,"Gruschke, Andreas. 2001. The Cultural Monuments of Tibet's Outer Provinces. Volume 1: The Qinghai Part of Amdo. Thailand: White Lotus Press.",94_206,94_74-78,206,"<p>
Gruschke,&nbsp;Andreas.&nbsp;2001. <em>The Cultural Monuments of Tibet&#39;s Outer Provinces. Volume 2: The Gansu and Sichuan parts of Amdo</em>. Thailand:&nbsp;White Lotus Press, pp.&nbsp;74-78</p>",74-78,,,229922816,,https://search.worldcat.org/title/229922816
94,"Gruschke, Andreas. 2001. The Cultural Monuments of Tibet's Outer Provinces. Volume 1: The Qinghai Part of Amdo. Thailand: White Lotus Press.",94_210,94_74-78_150-153,210,"<p>
Gruschke,&nbsp;Andreas.&nbsp;2001. <em>The Cultural Monuments of Tibet&#39;s Outer Provinces. Volume 2: The Gansu and Sichuan parts of Amdo</em>. Thailand:&nbsp;White Lotus Press, pp. 74-78, 150-153.</p>","74-78, 150-153",,,229922816,,https://search.worldcat.org/title/229922816
95,"Gruschke, Andreas. 2004. The Cultural Monuments of Tibet’s Outer Provinces, Kham. Volume 1, the TAR Part of Kham. Bangkok: White Lotus Press.",95_1186,95_37,1186,"<p>
Gruschke,&nbsp;Andreas.&nbsp;2004. <em>The Cultural Monuments of Tibet&#39;s Outer Provinces</em>. Volume 1: The TAR part of Kham, Tibetan Autonomous Region.&nbsp;Thailand:&nbsp;White Lotus Press, p. 37.</p>",37,,,493334582,,https://search.worldcat.org/title/493334582
95,"Gruschke, Andreas. 2004. The Cultural Monuments of Tibet’s Outer Provinces, Kham. Volume 1, the TAR Part of Kham. Bangkok: White Lotus Press.",95_59,95_57,59,"<p>
Gruschke,&nbsp;Andreas.&nbsp;2004. <em>The Cultural Monuments of Tibet&#39;s Outer Provinces. Volume 1: The TAR part of Kham, Tibetan Autonomous Region</em>.&nbsp;Thailand:&nbsp;White Lotus Press, p. 57.</p>",57,,,493334582,,https://search.worldcat.org/title/493334582
95,"Gruschke, Andreas. 2004. The Cultural Monuments of Tibet’s Outer Provinces, Kham. Volume 1, the TAR Part of Kham. Bangkok: White Lotus Press.",95_650,95_92,650,"<p>
Gruschke,&nbsp;Andreas.&nbsp;2004. <em>The Cultural Monuments of Tibet&#39;s Outer Provinces. Volume 1: The TAR part of Kham, Tibetan Autonomous Region</em>.&nbsp;Thailand:&nbsp;White Lotus Press, p. 92.</p>",92,,,493334582,,https://search.worldcat.org/title/493334582
95,"Gruschke, Andreas. 2004. The Cultural Monuments of Tibet’s Outer Provinces, Kham. Volume 1, the TAR Part of Kham. Bangkok: White Lotus Press.",95_1069,95_103,1069,"<p>
Gruschke,&nbsp;Andreas.&nbsp;2004. <em>The Cultural Monuments of Tibet&#39;s Outer Provinces. Volume 1: The TAR part of Kham, Tibetan Autonomous Region</em>.&nbsp;Thailand:&nbsp;White Lotus Press, p. 103.</p>",103,,,493334582,,https://search.worldcat.org/title/493334582
95,"Gruschke, Andreas. 2004. The Cultural Monuments of Tibet’s Outer Provinces, Kham. Volume 1, the TAR Part of Kham. Bangkok: White Lotus Press.",95_1393,95_105,1393,"<p>
Gruschke,&nbsp;Andreas.&nbsp;2004.<em> The Cultural Monuments of Tibet&#39;s Outer Provinces. Volume 1: The TAR part of Kham, Tibetan Autonomous Region</em>.&nbsp;Thailand:&nbsp;White Lotus Press, p. 105.</p>",105,,,493334582,,https://search.worldcat.org/title/493334582
95,"Gruschke, Andreas. 2004. The Cultural Monuments of Tibet’s Outer Provinces, Kham. Volume 1, the TAR Part of Kham. Bangkok: White Lotus Press.",95_157,95_112,157,"<p>
Gruschke,&nbsp;Andreas.&nbsp;2004. <em>The Cultural Monuments of Tibet&#39;s Outer Provinces. Volume 1: The TAR part of Kham, Tibetan Autonomous Region</em>.&nbsp;Thailand:&nbsp;White Lotus Press, p. 112.</p>",112,,,493334582,,https://search.worldcat.org/title/493334582
95,"Gruschke, Andreas. 2004. The Cultural Monuments of Tibet’s Outer Provinces, Kham. Volume 1, the TAR Part of Kham. Bangkok: White Lotus Press.",95_1307,95_122,1307,"<p>
Gruschke,&nbsp;Andreas.&nbsp;2004. <em>The Cultural Monuments of Tibet&#39;s Outer Provinces. Volume 1: The TAR part of Kham, Tibetan Autonomous Regio</em>n.&nbsp;Thailand:&nbsp;White Lotus Press, p. 122.</p>",122,,,493334582,,https://search.worldcat.org/title/493334582
95,"Gruschke, Andreas. 2004. The Cultural Monuments of Tibet’s Outer Provinces, Kham. Volume 1, the TAR Part of Kham. Bangkok: White Lotus Press.",95_134,95_129,134,"<p>
Gruschke,&nbsp;Andreas.&nbsp;2004. <em>The Cultural Monuments of Tibet&#39;s Outer Provinces. Volume 1: The TAR part of Kham, Tibetan Autonomous Region</em>.&nbsp;Thailand:&nbsp;White Lotus Press, p. 129.</p>",129,,,493334582,,https://search.worldcat.org/title/493334582
95,"Gruschke, Andreas. 2004. The Cultural Monuments of Tibet’s Outer Provinces, Kham. Volume 1, the TAR Part of Kham. Bangkok: White Lotus Press.",95_814,95_100-101,814,"<p>
Gruschke,&nbsp;Andreas.&nbsp;2004. <em>The Cultural Monuments of Tibet&#39;s Outer Provinces. Volume 1: The TAR part of Kham, Tibetan Autonomous Region</em>.&nbsp;Thailand:&nbsp;White Lotus Press, pp. 100-101.</p>",100-101,,,493334582,,https://search.worldcat.org/title/493334582
95,"Gruschke, Andreas. 2004. The Cultural Monuments of Tibet’s Outer Provinces, Kham. Volume 1, the TAR Part of Kham. Bangkok: White Lotus Press.",95_813,95_103-104,813,"<p>
Gruschke,&nbsp;Andreas.&nbsp;2004.&nbsp;<em>The Cultural Monuments of Tibet&#39;s Outer Provinces. Volume 1: The TAR part of Kham, Tibetan Autonomous Region</em>.&nbsp;Thailand:&nbsp;White Lotus Press, pp. 103-104.</p>",103-104,,,493334582,,https://search.worldcat.org/title/493334582
95,"Gruschke, Andreas. 2004. The Cultural Monuments of Tibet’s Outer Provinces, Kham. Volume 1, the TAR Part of Kham. Bangkok: White Lotus Press.",95_160,95_115-116,160,"<p>
Gruschke,&nbsp;Andreas.&nbsp;2004.<em> The Cultural Monuments of Tibet&#39;s Outer Provinces. Volume 1: The TAR part of Kham, Tibetan Autonomous Region</em>.&nbsp;Thailand:&nbsp;White Lotus Press, pp. 115-116.</p>",115-116,,,493334582,,https://search.worldcat.org/title/493334582
95,"Gruschke, Andreas. 2004. The Cultural Monuments of Tibet’s Outer Provinces, Kham. Volume 1, the TAR Part of Kham. Bangkok: White Lotus Press.",95_1555,95_117-118,1555,"<p>
Gruschke,&nbsp;Andreas.&nbsp;2004.<em> The Cultural Monuments of Tibet&#39;s Outer Provinces. Volume 1: The TAR part of Kham, Tibetan Autonomous Region</em>.&nbsp;Thailand:&nbsp;White Lotus Press, pp. 117-118.</p>",117-118,,,493334582,,https://search.worldcat.org/title/493334582
95,"Gruschke, Andreas. 2004. The Cultural Monuments of Tibet’s Outer Provinces, Kham. Volume 1, the TAR Part of Kham. Bangkok: White Lotus Press.",95_237,95_36-42,237,"<p>
Gruschke,&nbsp;Andreas.&nbsp;2004. <em>The Cultural Monuments of Tibet&#39;s Outer Provinces. Volume 1: The TAR part of Kham, Tibetan Autonomous Region</em>.&nbsp;Thailand:&nbsp;White Lotus Press, pp. 36-42.</p>",36-42,,,493334582,,https://search.worldcat.org/title/493334582
95,"Gruschke, Andreas. 2004. The Cultural Monuments of Tibet’s Outer Provinces, Kham. Volume 1, the TAR Part of Kham. Bangkok: White Lotus Press.",95_404,95_43_183,404,"<p>
Gruschke,&nbsp;Andreas.&nbsp;2004. <em>The Cultural Monuments of Tibet&#39;s Outer Provinces. Volume 1: The TAR part of Kham, Tibetan Autonomous Region</em>.&nbsp;Thailand:&nbsp;White Lotus Press, p. 43, 183.</p>","43, 183",,,493334582,,https://search.worldcat.org/title/493334582
95,"Gruschke, Andreas. 2004. The Cultural Monuments of Tibet’s Outer Provinces, Kham. Volume 1, the TAR Part of Kham. Bangkok: White Lotus Press.",95_215,95_45-49,215,"<p>
Gruschke,&nbsp;Andreas.&nbsp;2004. <em>The Cultural Monuments of Tibet&#39;s Outer Provinces. Volume 1: The TAR part of Kham, Tibetan Autonomous Region</em>.&nbsp;Thailand:&nbsp;White Lotus Press, pp. 45-49.</p>",45-49,,,493334582,,https://search.worldcat.org/title/493334582
95,"Gruschke, Andreas. 2004. The Cultural Monuments of Tibet’s Outer Provinces, Kham. Volume 1, the TAR Part of Kham. Bangkok: White Lotus Press.",95_218,95_49-54,218,"<p>
Gruschke,&nbsp;Andreas.&nbsp;2004. <em>The Cultural Monuments of Tibet&#39;s Outer Provinces. Volume 1: The TAR part of Kham, Tibetan Autonomous Region</em>.&nbsp;Thailand:&nbsp;White Lotus Press, pp. 49-54.</p>",49-54,,,493334582,,https://search.worldcat.org/title/229922822
95,"Gruschke, Andreas. 2004. The Cultural Monuments of Tibet’s Outer Provinces, Kham. Volume 1, the TAR Part of Kham. Bangkok: White Lotus Press.",95_720,95_59-61,720,"<p>
Gruschke,&nbsp;Andreas.&nbsp;2004.<em> The Cultural Monuments of Tibet&#39;s Outer Provinces. Volume 1: The TAR part of Kham, Tibetan Autonomous Region.</em>&nbsp;Thailand:&nbsp;White Lotus Press, pp. 59-61.</p>",59-61,,,493334582,,https://search.worldcat.org/title/493334582
95,"Gruschke, Andreas. 2004. The Cultural Monuments of Tibet’s Outer Provinces, Kham. Volume 1, the TAR Part of Kham. Bangkok: White Lotus Press.",95_159,95_59_122,159,"<p>
Gruschke,&nbsp;Andreas.&nbsp;2004.&nbsp;<em>The Cultural Monuments of Tibet&#39;s Outer Provinces. Volume 1: The TAR part of Kham, Tibetan Autonomous Region</em>.&nbsp;Thailand:&nbsp;White Lotus Press, pp. 59, 122.</p>","59, 122",,,493334582,,https://search.worldcat.org/title/493334582
95,"Gruschke, Andreas. 2004. The Cultural Monuments of Tibet’s Outer Provinces, Kham. Volume 1, the TAR Part of Kham. Bangkok: White Lotus Press.",95_700,95_62-63,700,"<p>
Gruschke,&nbsp;Andreas.&nbsp;2004. <em>The Cultural Monuments of Tibet&#39;s Outer Provinces. Volume 1: The TAR part of Kham, Tibetan Autonomous Region</em>.&nbsp;Thailand:&nbsp;White Lotus Press,&nbsp;pp. 62-63.</p>",62-63,,,493334582,,https://search.worldcat.org/title/493334582
95,"Gruschke, Andreas. 2004. The Cultural Monuments of Tibet’s Outer Provinces, Kham. Volume 1, the TAR Part of Kham. Bangkok: White Lotus Press.",95_255,95_74-75,255,"<p>
Gruschke,&nbsp;Andreas.&nbsp;2004.<em> The Cultural Monuments of Tibet&#39;s Outer Provinces. Volume 1: The TAR part of Kham, Tibetan Autonomous Region</em>.&nbsp;Thailand:&nbsp;White Lotus Press, pp. 74-75.</p>",74-75,,,493334582,,https://search.worldcat.org/title/493334582
95,"Gruschke, Andreas. 2004. The Cultural Monuments of Tibet’s Outer Provinces, Kham. Volume 1, the TAR Part of Kham. Bangkok: White Lotus Press.",95_1023,95_76-77,1023,"<p>
Gruschke,&nbsp;Andreas.&nbsp;2004. <em>The Cultural Monuments of Tibet&#39;s Outer Provinces. Volume 1: The TAR part of Kham, Tibetan Autonomous Region</em>.&nbsp;Thailand:&nbsp;White Lotus Press, pp. 76-77.</p>",76-77,,,493334582,,https://search.worldcat.org/title/493334582
95,"Gruschke, Andreas. 2004. The Cultural Monuments of Tibet’s Outer Provinces, Kham. Volume 1, the TAR Part of Kham. Bangkok: White Lotus Press.",95_242,95_85-89,242,"<p>
Gruschke,&nbsp;Andreas.&nbsp;2004. <em>The Cultural Monuments of Tibet&#39;s Outer Provinces. Volume 1: The TAR part of Kham, Tibetan Autonomous Region</em>.&nbsp;Thailand:&nbsp;White Lotus Press, pp. 85-89.</p>",85-89,,,493334582,,https://search.worldcat.org/title/493334582
96,"Gruschke, Andreas. 2004. The Cultural Monuments of Tibet’s Outer Provinces, Kham. Volume 1, the TAR Part of Kham. Bangkok: White Lotus Press.",96_527,96_260,527,"<p>Gruschke, Andreas. 2004. <em>The Cultural Monuments of Tibet&#39;s Outer Provinces. Kham Vol. 1. The TAR Part of Kham</em>. Bangkok: White Lotus Press, p. 260.&nbsp;</p>",260,,,493334582,,https://search.worldcat.org/title/493334582
96,"Gruschke, Andreas. 2004. The Cultural Monuments of Tibet’s Outer Provinces, Kham. Volume 2, the Qinghai Part of Kham. Bangkok: White Lotus Press.",96_158,96_110-115,158,"<p>
Gruschke, Andreas. 2004.&nbsp;<em>Kham: The Cultural Monument&#39;s of Tibet&#39;s Outer Provinces, Volume 2, The Qinghai Part of Kham. </em>Bangkok: White Lotus Press, pp. 110-115.</p>",110-115,,,818982391,,https://search.worldcat.org/title/818982391
96,"Gruschke, Andreas. 2004. The Cultural Monuments of Tibet’s Outer Provinces, Kham. Volume 2, the Qinghai Part of Kham. Bangkok: White Lotus Press.",96_512,96_38-45,512,"<p>
Gruschke,&nbsp;Andreas.&nbsp;2004. <em>The Cultural Monuments of Tibet&#39;s Outer Provinces. Volume 2: The Qinghai part of Kham</em>.&nbsp;Thailand:&nbsp;White Lotus Press, pp. 38-45.</p>",38-45,,,818982391,,https://search.worldcat.org/title/818982391
96,"Gruschke, Andreas. 2004. The Cultural Monuments of Tibet’s Outer Provinces, Kham. Volume 2, the Qinghai Part of Kham. Bangkok: White Lotus Press.",96_807,96_54-55,807,"<p>
Gruschke,&nbsp;Andreas.&nbsp;2004. <em>The Cultural Monuments of Tibet&#39;s Outer Provinces. Volume 2: The Qinghai part of Kham</em>.&nbsp;Thailand:&nbsp;White Lotus Press, pp. 54-55.</p>",54-55,,,818982391,,https://search.worldcat.org/title/818982391
96,"Gruschke, Andreas. 2004. The Cultural Monuments of Tibet’s Outer Provinces, Kham. Volume 2, the Qinghai Part of Kham. Bangkok: White Lotus Press.",96_70,96_99-100,70,"<p>
Gruschke,&nbsp;Andreas.&nbsp;2004. <em>The Cultural Monuments of Tibet&#39;s Outer Provinces. Volume 2: The Qinghai part of Kham</em>.&nbsp;Thailand:&nbsp;White Lotus Press, pp. 99-100.</p>",99-100,,,818982391,,https://search.worldcat.org/title/818982391
97,"Karmay, Samten Gyaltsen, and Dondrup Lhagyal. 2003. A Survey of Bonpo Monasteries and Tempels in Tibet and the Himalaya. Osaka: National Museum of Ethnology.",97_1267,97_615,1267,"<p>
Karmay, Samten Gyaltsen, and Dondrup Lhagyal. 2003. <em>A survey of Bonpo monasteries and tempels in Tibet and the Himalaya</em>. Osaka: National Museum of Ethnology, p. 615</p>",615,,,231975233,,https://search.worldcat.org/title/231975233
97,"Karmay, Samten Gyaltsen, and Dondrup Lhagyal. 2003. A Survey of Bonpo Monasteries and Tempels in Tibet and the Himalaya. Osaka: National Museum of Ethnology.",97_241,97_131-136,241,"<p>
Karmay, Samten Gyaltsen, and Yasuhiko Nagano. 2003.&nbsp;<em>A Survey of Bonpo monasteries and temples in Tibet and the Himalaya</em>. Osaka: National Museum of Ethnology, pp. 131-136.</p>",131-136,,,231975233,,https://search.worldcat.org/title/52453594
97,"Karmay, Samten Gyaltsen, and Dondrup Lhagyal. 2003. A Survey of Bonpo Monasteries and Tempels in Tibet and the Himalaya. Osaka: National Museum of Ethnology.",97_721,97_136-141,721,"<p>
Karmay, Samten Gyaltsen, and Yasuhiko Nagano. 2003.<em> A Survey of Bonpo monasteries and temples in Tibet and the Himalaya</em>. Osaka: National Museum of Ethnology, pp. 136-141.</p>",136-141,,,231975233,,https://search.worldcat.org/title/52453594
97,"Karmay, Samten Gyaltsen, and Dondrup Lhagyal. 2003. A Survey of Bonpo Monasteries and Tempels in Tibet and the Himalaya. Osaka: National Museum of Ethnology.",97_808,97_36-38,808,"<p>
Karmay, Samten Gyaltsen, and Dondrup Lhagyal. 2003. <em>A Survey of Bonpo Monasteries and Temples in Tibet and the Himalaya</em>. Osaka: National Museum of Ethnology, pp. 36-38.</p>",36-38,,,231975233,,https://search.worldcat.org/title/231975233
97,"Karmay, Samten Gyaltsen, and Dondrup Lhagyal. 2003. A Survey of Bonpo Monasteries and Tempels in Tibet and the Himalaya. Osaka: National Museum of Ethnology.",97_1179,97_521-523,1179,"<p>
Karmay, Samten Gyaltsen, and Yasuhiko Nagano. 2003. <em>A Survey of Bonpo monasteries and temples in Tibet and the Himalaya</em>. Osaka: National Museum of Ethnology, pp. 521-523.</p>",521-523,,,231975233,,https://search.worldcat.org/title/52453594
97,"Karmay, Samten Gyaltsen, and Dondrup Lhagyal. 2003. A Survey of Bonpo Monasteries and Tempels in Tibet and the Himalaya. Osaka: National Museum of Ethnology.",97_1365,97_596-599,1365,"<p>
Karmay, Samten Gyaltsen, and Yasuhiko Nagano. 2003. <em>A Survey of Bonpo monasteries and temples in Tibet and the Himalaya</em>. Osaka: National Museum of Ethnology, pp. 596-599.</p>",596-599,,,231975233,,https://search.worldcat.org/title/52453594
98,"Kalu Rinpoche, Christiane Buchet, and François Jacquemart. 1995. Excellent Buddhism: An Exemplary Life. San Francisco: Clear Point Press.",98_1403,98_19,1403,"<p>
Kalu Rinpoche, Christiane Buchet, and François Jacquemart. 1995. <em>Excellent Buddhism: an exemplary Life.</em> San Francisco, Calif: Clear Point Press, p. 19.</p>",19,,,249945150,,https://search.worldcat.org/title/249945150
98,"Kalu Rinpoche, Christiane Buchet, and François Jacquemart. 1995. Excellent Buddhism: An Exemplary Life. San Francisco: Clear Point Press.",98_1416,98_45,1416,"<p>
Kalu Rinpoche, Christiane Buchet, and François Jacquemart. 1995.<em> Excellent Buddhism: An Exemplary Life</em>. San Francisco, Calif: Clear Point Press, p. 45.</p>",45,,,249945150,,https://search.worldcat.org/title/249945150
99,"Gray, David B. 2007. The Cakrasamvara Tantra (The Discourse of Śrī Heruka): A Study and Annotated Translation. New York: Columbia University Press.",99_1355,99_12,1355,"<p>
Gray, David B. 2007.&nbsp;<em>The Cakrasamvara Tantra (The Discourse of Śrī Heruka): A Study and Annotated Translation</em>. New York: Columbia University Press, pp 11&ndash;12.</p>",12,,,260128693,,https://search.worldcat.org/title/260128693
100,"Larsen, Knut, and Amund Sinding-Larsen. 2001. The Lhasa Atlas: Traditional Tibetan Architecture and Townspace. London: Serindia Publications.",100_905,100_100-107,905,"<p>
Larsen, Knud, and Amund Sinding-Larsen. 2001. <em>The Lhasa Atlas: traditional Tibetan Architecture and Townscape</em>. London: Serindia Publications, pp. 100-107.</p>",100-107,,,472523789,,https://search.worldcat.org/title/472523789
100,"Larsen, Knut, and Amund Sinding-Larsen. 2001. The Lhasa Atlas: Traditional Tibetan Architecture and Townspace. London: Serindia Publications.",100_889,100_111,889,"<p>
Larsen, Knud, and Amund Sinding-Larsen. 2001. <em>The Lhasa Atlas: traditional Tibetan Architecture and Townscape</em>. London: Serindia Publications, p. 111.</p>",111,,,472523789,,https://search.worldcat.org/title/472523789
100,"Larsen, Knut, and Amund Sinding-Larsen. 2001. The Lhasa Atlas: Traditional Tibetan Architecture and Townspace. London: Serindia Publications.",100_722,100_118-119,722,"<p>
Larsen, Knud, and Amund Sinding-Larsen. 2001. <em>The Lhasa atlas: traditional Tibetan architecture and townscape</em>. London: Serindia Publications, pp. 118-119.</p>",118-119,,,472523789,,https://search.worldcat.org/title/472523789
100,"Larsen, Knut, and Amund Sinding-Larsen. 2001. The Lhasa Atlas: Traditional Tibetan Architecture and Townspace. London: Serindia Publications.",100_880,100_140-141,880,"<p>
Larsen, Knud, and Amund Sinding-Larsen. 2001. <em>The Lhasa atlas: traditional Tibetan architecture and townscape</em>. London: Serindia Publications, pp. 140-141.</p>",140-141,,,472523789,,https://search.worldcat.org/title/472523789
100,"Larsen, Knut, and Amund Sinding-Larsen. 2001. The Lhasa Atlas: Traditional Tibetan Architecture and Townspace. London: Serindia Publications.",100_729,100_170,729,"<p>
Larsen, Knud, and Amund Sinding-Larsen. 2001. The Lhasa Atlas: traditional Tibetan Architecture and Townscape. London: Serindia Publications, p. 170.</p>",170,,,472523789,,https://search.worldcat.org/title/472523789
100,"Larsen, Knut, and Amund Sinding-Larsen. 2001. The Lhasa Atlas: Traditional Tibetan Architecture and Townspace. London: Serindia Publications.",100_855,100_23_25_30,855,"<p>
Larsen, Knud, and Amund Sinding-Larsen. 2001. <em>The Lhasa Atlas: traditional Tibetan Architecture and Townscape</em>. London: Serindia Publications, p. 23, 25, 30.</p>","23, 25, 30",,,472523789,,https://search.worldcat.org/title/472523789
100,"Larsen, Knut, and Amund Sinding-Larsen. 2001. The Lhasa Atlas: Traditional Tibetan Architecture and Townspace. London: Serindia Publications.",100_443,100_66,443,"<p>
Larsen, Knud, and Amund Sinding-Larsen. 2001. The Lhasa Atlas: traditional Tibetan Architecture and Townscape. London: Serindia, p. 66.</p>",66,,,472523789,,https://search.worldcat.org/title/472523790
100,"Larsen, Knut, and Amund Sinding-Larsen. 2001. The Lhasa Atlas: Traditional Tibetan Architecture and Townspace. London: Serindia Publications.",100_874,100_72_144,874,"<p>
Larsen, Knud, and Amund Sinding-Larsen. 2001. The Lhasa atlas: traditional Tibetan architecture and townscape. London: Serindia Publications, pp. 72, 144.</p>","72, 144",,,472523789,,https://search.worldcat.org/title/472523789
100,"Larsen, Knut, and Amund Sinding-Larsen. 2001. The Lhasa Atlas: Traditional Tibetan Architecture and Townspace. London: Serindia Publications.",100_878,100_80_110,878,"<p>
Larsen, Knud, and Amund Sinding-Larsen. 2001. <em>The Lhasa Atlas: Traditional Tibetan Architecture and Townspace</em>. London: Serindia Publications, pp. 80, 110.</p>","80, 110",,,472523789,,https://search.worldcat.org/title/472523789
100,"Larsen, Knut, and Amund Sinding-Larsen. 2001. The Lhasa Atlas: Traditional Tibetan Architecture and Townspace. London: Serindia Publications.",100_728,100_84_87_127_132_151_161,728,"<p>
Larsen, Knud, and Amund Sinding-Larsen. 2001. <em>The Lhasa atlas: traditional Tibetan architecture and townscape</em>. London: Serindia Publications, p. 84, 87, 127, 132, 151, 161.</p>","84, 87, 127, 132, 151, 161",,,472523789,,https://search.worldcat.org/title/472523789
100,"Larsen, Knut, and Amund Sinding-Larsen. 2001. The Lhasa Atlas: Traditional Tibetan Architecture and Townspace. London: Serindia Publications.",100_844,100_87_128_168,844,"<p>
Larsen, Knud, and Amund Sinding-Larsen. 2001. <em>The Lhasa Atlas: traditional Tibetan Architecture and Townscape</em>. London: Serindia Publications, pp. 87, 128, 168.</p>
<p>
&nbsp;</p>","87, 128, 168",,,472523789,,https://search.worldcat.org/title/472523789
100,"Larsen, Knut, and Amund Sinding-Larsen. 2001. The Lhasa Atlas: Traditional Tibetan Architecture and Townspace. London: Serindia Publications.",100_850,,850,"<p>
Larsen, Knud, and Amund Sinding-Larsen. 2001. <em>The Lhasa Atlas: traditional Tibetan Architecture and Townscape</em>. London: Serindia Publications.&nbsp;</p>",,,,472523789,,https://search.worldcat.org/title/472523789
100,"Larsen, Knut, and Amund Sinding-Larsen. 2001. The Lhasa Atlas: Traditional Tibetan Architecture and Townspace. London: Serindia Publications.",100_887,,887,"<p>
Larsen, Knud, and Amund Sinding-Larsen. 2001. <em>The Lhasa Atlas: traditional Tibetan Architecture and Townscape</em>. London: Serindia Publications.</p>",,,,472523789,,https://search.worldcat.org/title/472523789
100,"Larsen, Knut, and Amund Sinding-Larsen. 2001. The Lhasa Atlas: Traditional Tibetan Architecture and Townspace. London: Serindia Publications.",100_899,,899,"<p>
Larsen, Knud, and Amund Sinding-Larsen. 2001.&nbsp;<em>The Lhasa atlas: traditional Tibetan architecture and townscape</em>. London: Serindia Publications.</p>",,,,472523789,,https://search.worldcat.org/title/472523789
100,"Larsen, Knut, and Amund Sinding-Larsen. 2001. The Lhasa Atlas: Traditional Tibetan Architecture and Townspace. London: Serindia Publications.",100_915,,915,"<p>
Larsen, Knud, and Amund Sinding-Larsen. 2001.&nbsp;<em>The Lhasa Atlas: Traditional Tibetan Architecture and Townspace</em>. London: Serindia Publications.</p>",,,,472523789,,https://search.worldcat.org/title/472523789
101,"Stearns, Cyrus. 2001. Luminous Lives: The Story of the Early Masters of the Lam' bras Tradition in Tibet. Boston: Wisdom Publications",101_1025,101_251,1025,"<p>
Stearns,&nbsp;Cyrus. 2001. <em>Luminous Lives: The Story of the Early Masters of the Lam&#39; bras tradition in Tibet</em>.&nbsp;Boston:&nbsp;Wisdom Publications, p. 251.</p>",251,,,472841579,,https://search.worldcat.org/title/472841579
102,"Berger, Patricia. 2003. Empire of Emptiness: Buddhist Art and Political Authority in Qing China. Honolulu: University of Hawaii Press.",,,566,"<p>
Berger, Patricia. 2003.<em> Empire of emptiness: Buddhist art and political authority in Qing China</em>. Honolulu: University of Hawaii Press.</p>",,,,472978249,,https://search.worldcat.org/title/472978249
103,"Seager, Richard Hughes. 1999. Buddhism in America. New York: Columbia University Press.",103_1455,103_124-125,1455,"<p>
Seager, Richard Hughes. 1999. <em>Buddhism in America</em>. New York, NY: Columbia University Press, pp, 124-125.</p>",124-125,,,477245160,,https://search.worldcat.org/title/477245160
103,"Seager, Richard Hughes. 2012. Buddhism in America. New York: Columbia University Press.",103_1448,103_147-148,1448,"<p>
Seager,&nbsp;Richard Hughes. 2012.&nbsp;<em>Buddhism in America</em>.&nbsp;United States:&nbsp;Columbia University Press, pp. 147-148.</p>",147-148,,,753913907,,https://search.worldcat.org/title/753913907
103,"Seager, Richard Hughes. 2012. Buddhism in America. New York: Columbia University Press.",103_1445,103_282-283,1445,"<p>
Seager, Richard Hughes. 2012.<em>&nbsp;Buddhism in America</em>. United States: Columbia University Press, pp. 282-283.</p>",282-283,,,753913907,,https://search.worldcat.org/title/753913907
104,"Avedon, John F. 1984. In Exile From the Land of Snow: The First Full Account of the Dalai Lama and Tibet Since the Chinese Conquest. New York: Alfred A. Knopf.",104_1470,104_69,1470,"<p>
Avedon, John F. 1984.<em> In Exile From the Land of Snow: The First Full Account of the Dalai Lama and Tibet Since the Chinese Conquest</em>. New York: Alfred A. Knopf, p. 69.</p>",69,,,753913907,,https://search.worldcat.org/title/753913907
105,"Teichman, Eric. 1922. Travels of A Consular Officer in Eastern Tibet. London: Cambridge University Press.",105_280,105_158,280,"<p>
Teichman, Eric. 1922.&nbsp;<em>Travels of A Consular Officer in Eastern Tibet</em>. London: Cambridge University Press, p. 158.</p>",158,,,670400539,,https://search.worldcat.org/title/670400539
106,"Karmay, Samten. 1996. ""The Cult of Mount Murdo in Gyalrong."" Kailash, vol 18, no. 1-2, pp. 1-16.",106_1621,106_1-16,1621,"<p>
Karmay, Samten. 1996. &quot;The Cult of Mount Murdo in Gyalrong.&quot; <em>Kailash</em>, vol 18, no. 1-2, pp. 1-16.</p>",1-16,,,695199291,,https://search.worldcat.org/title/695199291
107,"DeVries, Larry, Baker, Don, and Overmyer, Dan, eds. 2010. Asian Religions in British Columbia. Vancouver: UBC Press.",107_1453,107_190-191,1453,"<p>
DeVries, Larry, Baker, Don, and Overmyer, Dan, eds. 2010. <em>Asian Religions in British Columbia</em>. Vancouver: UBC Press, pp. 190-191.</p>",190-191,,,704518152,,https://search.worldcat.org/title/70846056
108,"Dowman, Keith. 1988. The Power-Places of Central Tibet: The Pilgrim's Guide. London: Routledge.",108_862,108_73,862,"<p>
Dowman, Keith. 1988. <em>The Power-Places of Central Tibet: The Pilgrim&#39;s Guide</em>. London: Routledge, p. 73.</p>",73,,,715235896,,https://search.worldcat.org/title/715235896
108,"Dowman, Keith. 1988. The Power-Places of Central Tibet: The Pilgrim's Guide. London: Routledge.",108_1236,108_136,1236,"<p>
Dowman, Keith. 1988.&nbsp;<em>The Power-Places of Central Tibet: The Pilgrim&#39;s Guide</em>. London: Routledge, p. 136.</p>",136,,,715235896,,https://search.worldcat.org/title/715235896
108,"Dowman, Keith. 1988. The Power-Places of Central Tibet: The Pilgrim's Guide. London: Routledge.",108_1218,108_203,1218,"<p>Dowman, Keith. 1988.<em>&nbsp;The Power-Places of Central Tibet: The Pilgrim&#39;s Guide</em>.&nbsp;New York and London: Routledge &amp; Kegan Paul, p. 203.</p>",203,,,715235896,,https://search.worldcat.org/title/715235896
108,"Dowman, Keith. 1988. The Power-Places of Central Tibet: The Pilgrim's Guide. London: Routledge.",108_1258,108_263,1258,"<p>
Dowman, Keith. 1988. <em>The Power-Places of Central Tibet: The Pilgrim&#39;s Guide</em>. London: Routledge, p. 263.</p>",263,,,715235896,,https://search.worldcat.org/title/715235896
108,"Dowman, Keith. 1988. The Power-Places of Central Tibet: The Pilgrim's Guide. London: Routledge.",108_446,108_272,446,"<p>
Dowman, Keith. 1988.<em> The Power-Places of Central Tibet: The Pilgrim&#39;s Guide</em>. London: Routledge, p. 272.</p>",272,,,715235896,,https://search.worldcat.org/title/715235896
108,"Dowman, Keith. 1988. The Power-Places of Central Tibet: The Pilgrim's Guide. London: Routledge.",108_39,108_273,39,"<p>
Dowman, Keith. 1988.&nbsp;<em>The Power-Places of Central Tibet: The Pilgrim&#39;s Guide</em>. London: Routledge &amp; Kegan Paul, p. 273.</p>",273,,,715235896,,https://search.worldcat.org/title/715235896
108,"Dowman, Keith. 1988. The Power-Places of Central Tibet: The Pilgrim's Guide. London: Routledge.",108_62,108_274,62,"<p>
Dowman, Keith. 1988. <em>The Power-Places of Central Tibet: The Pilgrim&#39;s Guide</em>. London: Routledge, p. 274.</p>",274,,,715235896,,https://search.worldcat.org/title/715235896
108,"Dowman, Keith. 1988. The Power-Places of Central Tibet: The Pilgrim's Guide. London: Routledge.",108_92,108_134-136,92,"<p>
Dowman, Keith. 1988.<em> The Power-Places of Central Tibet: The Pilgrim&#39;s Guide</em>. London: Routledge, pp. 134-136.</p>",134-136,,,715235896,,https://search.worldcat.org/title/715235896
108,"Dowman, Keith. 1988. The Power-Places of Central Tibet: The Pilgrim's Guide. London: Routledge.",108_85,108_142-143,85,"<p>
Dowman, Keith. 1988.&nbsp;<em>The Power-Places of Central Tibet: The Pilgrim&#39;s Guide</em>. London: Routledge, pp. 142-143.</p>",142-143,,,715235896,,https://search.worldcat.org/title/715235896
108,"Dowman, Keith. 1988. The Power-Places of Central Tibet: The Pilgrim's Guide. London: Routledge.",108_1303,108_143-145,1303,"<p>
Dowman, Keith. 1988. The Power-Places of Central Tibet: The Pilgrim&#39;s Guide. London: Routledge, pp. 143-145.</p>",143-145,,,715235896,,https://search.worldcat.org/title/715235896
108,"Dowman, Keith. 1988. The Power-Places of Central Tibet: The Pilgrim's Guide. London: Routledge.",108_466,108_257-259,466,"<p>
Dowman, Keith. 1988. <em>The Power-Places of Central Tibet: The Pilgrim&#39;s Guide</em>. London: Routledge, pp. 257-259.</p>",257-259,,,715235896,,https://search.worldcat.org/title/715235896
108,"Dowman, Keith. 1988. The Power-Places of Central Tibet: The Pilgrim's Guide. London: Routledge.",108_1221,108_259-260,1221,"<p>
Dowman, Keith. 1988. <em>The Power-Places of Central Tibet: The Pilgrim&#39;s Guide</em>. London: Routledge, pp. 259-260.</p>",259-260,,,715235896,,https://search.worldcat.org/title/715235896
108,"Dowman, Keith. 1988. The Power-Places of Central Tibet: The Pilgrim's Guide. London: Routledge.",108_35,108_272-272,35,"<p>
Dowman, Keith. 1988.<em> The Power-Places of Central Tibet: The Pilgrim&#39;s Guide</em>. London: Routledge, pp. 272-272.</p>",272-272,,,715235896,,https://search.worldcat.org/title/715235896
108,"Dowman, Keith. 1988. The Power-Places of Central Tibet: The Pilgrim's Guide. London: Routledge.",108_877,108_41-48,877,"<p>
Dowman, Keith. 1988. <em>The Power-Places of Central Tibet: The Pilgrim&#39;s Guide</em>. London:&nbsp;Routledge, pp. 41-48.</p>",41-48,,,715235896,,https://search.worldcat.org/title/715235896
108,"Dowman, Keith. 1988. The Power-Places of Central Tibet: The Pilgrim's Guide. London: Routledge.",108_893,108_66-67,893,"<p>
Dowman, Keith. 1988. <em>The Power-Places of Central Tibet: The Pilgrim&#39;s Guide</em>. London: Routledge, pp. 66-67.</p>",66-67,,,715235896,,https://search.worldcat.org/title/715235896
108,"Dowman, Keith. 1988. The Power-Places of Central Tibet: The Pilgrim's Guide. London: Routledge.",108_199,108_83-84,199,"<p>
Dowman, Keith. 1988. <em>The Power-Places of Central Tibet: The Pilgrim&#39;s Guide</em>. London: Routledge, pp. 83-84.</p>",83-84,,,715235896,,https://search.worldcat.org/title/715235896
108,"Dowman, Keith. 1988. The Power-Places of Central Tibet: The Pilgrim's Guide. London: Routledge.",108_80,108_88-90,80,"<p>
Dowman, Keith. 1988. <em>The Power-Places of Central Tibet: The Pilgrim&#39;s Guide</em>. London: Routledge, pp. 88-90.</p>",88-90,,,715235896,,https://search.worldcat.org/title/715235896
109,"Berkwitz, Stephen C. 2010. South Asian Buddhism: A Survey. London: Taylor & Francis Group",109_172,109_156-157,172,"<p>
Berkwitz, Stephen C. 2010. <em>South Asian Buddhism: A Survey</em>. London: Taylor &amp; Francis Group, pp. 156-157.</p>",156-157,,,718350374,,https://search.worldcat.org/title/718350374
110,Lhun grub dar rgyas. 2001. The Hidden Life of the Sixth Dalai Lama. Translated by Simon Wikham Smith. United States: Lexington Books.,110_1005,,1005,"<p>
Lhun grub dar rgyas. 2001.<em> The Hidden Life of the Sixth Dalai Lama.&nbsp;</em>Translated by Simon Wikham Smith. United States:&nbsp;Lexington Books.</p>",,,,727975881,,https://search.worldcat.org/title/804957115
111,"Sørensen, Per K., and Guntram Hazod. 2005. Thundering Falcon: An Inquiry into the History and Cult of Khra-ʹbrug Tibetʹs First Buddhist Temple. Wien: Verlag der Österreichischen Akademie der Wissenschaften.",111_1124,111_53,1124,"<p>
S&oslash;rensen, Per K., and Guntram Hazod. 2005. <em>Thundering Falcon: An Inquiry into the History and Cult of Khra-ʹbrug Tibetʹs First Buddhist Temple</em>. Wien: Verlag der Österreichischen Akademie der Wissenschaften, p. 53 n.54</p>",53,,,755131980,,https://search.worldcat.org/title/755131980
111,"Sørensen, Per K., and Guntram Hazod. 2005. Thundering Falcon: An Inquiry into the History and Cult of Khra-ʹbrug Tibetʹs First Buddhist Temple. Wien: Verlag der Österreichischen Akademie der Wissenschaften.",111_92,111_319,92,"<p>
S&oslash;rensen, Per K., and Guntram Hazod. 2005. <em>Thundering falcon: an inquiry into the history and cult of Khra-ʹbrug Tibetʹs first Buddhist temple</em>. Wien: Verlag der Österreichischen Akademie der Wissenschaften, p. 319.</p>",319,,,755131980,,https://search.worldcat.org/title/755131980
111,"Sørensen, Per K., and Guntram Hazod. 2005. Thundering Falcon: An Inquiry into the History and Cult of Khra-ʹbrug Tibetʹs First Buddhist Temple. Wien: Verlag der Österreichischen Akademie der Wissenschaften.",111_1123,111_50_147_184_206,1123,"<p>
S&oslash;rensen, Per K., and Guntram Hazod. 2005. <em>Thundering falcon: an inquiry into the history and cult of Khra-ʹbrug Tibetʹs first Buddhist temple</em>. Wien: Verlag der Österreichischen Akademie der Wissenschaften, pp. 50, 147, 184f, 206.</p>","50, 147, 184, 206",,,755131980,,https://search.worldcat.org/title/755131980
111,"Sørensen, Per K., and Guntram Hazod. 2005. Thundering Falcon: An Inquiry into the History and Cult of Khra-ʹbrug Tibetʹs First Buddhist Temple. Wien: Verlag der Österreichischen Akademie der Wissenschaften.",111_1120,111_52_147,1120,"<p>
S&oslash;rensen, Per K., and Guntram Hazod. 2005. <em>Thundering falcon: an inquiry into the history and cult of Khra-ʹbrug Tibetʹs first Buddhist temple</em>. Wien: Verlag der Österreichischen Akademie der Wissenschaften, pp. 52, 147.</p>","52, 147",,,755131980,,https://search.worldcat.org/title/755131980
111,"Sørensen, Per K., and Guntram Hazod. 2005. Thundering Falcon: An Inquiry into the History and Cult of Khra-ʹbrug Tibetʹs First Buddhist Temple. Wien: Verlag der Österreichischen Akademie der Wissenschaften.",,,672,"<p>
S&oslash;rensen, Per K., and Guntram Hazod. 2005. <em>Thundering falcon: an inquiry into the history and cult of Khra-ʹbrug Tibetʹs first Buddhist temple</em>. Wien: Verlag der Österreichischen Akademie der Wissenschaften.</p>",,,,755131980,,https://search.worldcat.org/title/755131980
112,"Namkhai Norbu. 2012. The Lamp That Enlightens Narrow Minds: The Life and Times of a Realized Tibetan Master, Khyentse ChöKyi Wangchug. Translated by Enrico Dell’Angelo. Berkeley, California: North Atlantic Books.",,,1463,"<p>
Ch&ouml;gyal Namkhai Norbu. 1985. <em>The Lamp That Enlightens Narrow Minds, The Life and Times of a Realized Tibetan Master, Khyentse Chokyi Wangchug</em>. Berkeley: North Atlantic Books.</p>",,,,769232480,,https://search.worldcat.org/title/769232480
112,"Namkhai Norbu. 2012. The Lamp That Enlightens Narrow Minds: The Life and Times of a Realized Tibetan Master, Khyentse ChöKyi Wangchug. Translated by Enrico Dell’Angelo. Berkeley, California: North Atlantic Books.",,,1467,"<p>
Ch&ouml;gyal Namkhai Norbu. 1985. <em>The Lamp That Enlightens Narrow Minds, The Life and Times of a Realized Tibetan Master, Khyentse Chokyi Wangchug</em>. Berkeley: North Atlantic Books.</p>",,,,769232480,,https://search.worldcat.org/title/769232480
112,"Huber, Toni. 1999. The Cult of Pure Crystal Mountain: Popular Pilgrimage and Visionary Landscape in Southeast Tibet. Oxford: Oxford University Press.",,,1278,"<p>
Huber, Toni. 1999. <em>The cult of Pure Crystal Mountain: popular pilgrimage and visionary landscape in Southeast Tibet</em>. Oxford: Oxford University Press.</p>",,,,784953876,,https://search.worldcat.org/title/784953876
112,"Huber, Toni. 1999. The Cult of Pure Crystal Mountain: Popular Pilgrimage and Visionary Landscape in Southeast Tibet. Oxford: Oxford University Press.",,,1085,"<p>
Huber, Toni. 1999.&nbsp;<em>The cult of Pure Crystal Mountain: popular pilgrimage and visionary landscape in Southeast Tibet</em>. Oxford: Oxford University Press.</p>",,,,784953876,,https://search.worldcat.org/title/784953876
113,"Dorje, Gyurme. 1999. Tibet Handbook with Bhutan. Bath: Footprint.",113_382,113_854,382,"<p>
Dorje, Gyurme. 1999. <em>Tibet Handbook: With Bhutan</em>. Bath: Footprint, p. 854.</p>",854,,,835920922,,https://search.worldcat.org/title/835920922
113,"Chögyal Namkhai Norbu. 1985. The Lamp That Enlightens Narrow Minds, The Life and Times of a Realized Tibetan Master, Khyentse Chokyi Wangchug. Berkeley: North Atlantic Books.",,,1463,"<p>
Ch&ouml;gyal Namkhai Norbu. 2012. <em>Rainbow Body: The Life and Realization of a Tibetan Yogin, Togden Urgyen Tendzin</em>. Berkeley: North Atlantic Books.</p>",,,,769232547,,https://search.worldcat.org/title/769232547
113,"Chögyal Namkhai Norbu. 1985. The Lamp That Enlightens Narrow Minds, The Life and Times of a Realized Tibetan Master, Khyentse Chokyi Wangchug. Berkeley: North Atlantic Books.",,,1467,"<p>
Ch&ouml;gyal Namkhai Norbu. 2012. <em>Rainbow Body: The Life and Realization of a Tibetan Yogin, Togden Urgyen Tendzin</em>. Berkeley: North Atlantic Books.</p>",,,,769232547,,https://search.worldcat.org/title/769232547
113,"Chögyal Namkhai Norbu. 1985. The Lamp That Enlightens Narrow Minds, The Life and Times of a Realized Tibetan Master, Khyentse Chokyi Wangchug. Berkeley: North Atlantic Books.",,,1466,"<p>
Ch&ouml;gyal Namkhai Norbu. 2012. <em>Rainbow Body</em>. Berkeley: North Atlantic Books.</p>",,,,769232547,,https://search.worldcat.org/title/769232547
113,"Chögyal Namkhai Norbu. 1985. The Lamp That Enlightens Narrow Minds, The Life and Times of a Realized Tibetan Master, Khyentse Chokyi Wangchug. Berkeley: North Atlantic Books.",,,1468,"<p>
Ch&ouml;gyal Namkhai Norbu. 2012. Rainbow Body: The Life and Realization of a Tibetan Yogin, Togden Ugyen Tendzin. Berkeley: North Atlantic Books.</p>",,,,769232547,,https://search.worldcat.org/title/769232547
114,"Jina, Prem Singh. 2009. Cultural Heritage of Ladakh Himalaya. India: Kalpaz Publications.",114_1512,114_97-205,1512,"<p>
Jina,&nbsp;Prem Singh.&nbsp;2009. <em>Cultural Heritage of Ladakh Himalaya</em>.&nbsp;India:&nbsp;Kalpaz Publications, pp.197-205.</p>",97-205,,,837008358,,https://search.worldcat.org/title/837008358
115,"Scott, Jamie S., ed. 2012. The Religions of Canadians. North York, Ontario: University of Toronto Press.",115_1443,115_292,1443,"<p>Scott,&nbsp;Jamie S.&nbsp;<em>The Religions of Canadians</em>.&nbsp;2012.&nbsp;University of Toronto Press, Higher Education Division, p. 292.</p>",292,,,865475126,,https://search.worldcat.org/title/865475126
116,"Bellezza, John Vincent. 2014. The Dawn of Tibet: The Ancient Civilization on the Roof of the World. Lanham, MD: Rowman & Littlefield Publishers.",,,1364,"<p>
Bellezza, John Vincent. 2014. <em>The Dawn of Tibet: The Ancient Civilization on the Roof of the World</em>. Lanham, MD: Rowman &amp; Littlefield Publishers.</p",,,,870098261,,https://search.worldcat.org/title/870098261
117,"Jacoby, Sarah. 2014. Love and Liberation: Autobiographical Writings of the Tibetan Buddhist Visionary Sera Khandro. New York: Columbia University Press.",117_957,117_48-49,957,"<p>
Jacoby, Sarah. 2014. <em>Love and Liberation: Autobiographical Writings of the Tibetan Buddhist Visionary Sera Khandro</em>. New York: Columbia University Press, pp. 48-49.</p>",48-49,,,879552660,,https://search.worldcat.org/title/879552660
117,"Jacoby, Sarah. 2014. Love and Liberation: Autobiographical Writings of the Tibetan Buddhist Visionary Sera Khandro. New York: Columbia University Press.",,,1071,"<p>
Jacoby, Sarah. 2014. <em>Love and Liberation: the autobiographical writings of the Tibetan visionary Sera Khandro</em>. New York: Columbia University Press.</p>",,,,879552660,,https://search.worldcat.org/title/879552660
117,"Jacoby, Sarah. 2014. Love and Liberation: Autobiographical Writings of the Tibetan Buddhist Visionary Sera Khandro. New York: Columbia University Press.",,,1070,"<p>
Jacoby,&nbsp;Sarah. 2014.<em> Love and Liberation: Autobiographical Writings of the Tibetan Buddhist Visionary Sera Khandro</em>.&nbsp;New York:&nbsp;Columbia University Press.</p>",,,,879552660,,https://search.worldcat.org/title/879552660
118,"Rab-gsal-zla-ba, Ani Jinba Palmo, and Michael Tweed. 2008. Brilliant Moon: The Autobiography of Dilgo Khyentse. 1st ed. Boston: Shambhala: Distributed in the United States by Random House.",118_1245,118_316,1245,"<p>
Rab-gsal-zla-ba, and Ani Jinba Palmo. 2008. Brilliant moon: The Autobiography of Dilgo Khyentse. Boston: Shambhala, p. 316.</p>",316,,,881277749,,https://search.worldcat.org/en/title/881277749
119,"Lo Bue, Erberto F., and John Bray. 2014. Art and Architecture in Ladakh: Cross-Cultural Transmissions in the Himalayas and Karakoram. Boston: Brill.",119_910,119_141-158,910,"<p>
Kozicz, Gerald. &quot;5 The Chorten (mChod rten) with the Secret Chamber near Nyarma.&quot; In <em>Art and Architecture in Ladakh</em>, edited by Erberto F Lo Bue and John Bray, 141-158. Leidein: Brill, 2014.</p>",141-158,,,883414171,,https://search.worldcat.org/title/883414171
120,Yudru Tsomu. 2015. The Rise of Gönpo Namgyel in Kham: The Blind Warrior of Nyarong. Lanham: Lexington Books.,120_449,120_64-66,449,"<p>
Yudru Tsomu. 2015. <em>The Rise of G&ouml;npo Namgyal in Kham: The Blind Warrior of Nyarong</em>. London: Lexington Books, pp. 64-66.</p>",64-66,,,887858692,,
121,"Taring, Zasak J., and Chie Nakane. 1984. Map of Lhasa, Drawn by Zasak J. Taring. Tokyo: University of Tokyo, Institute of Oriental Culture.",,,843,"<p>
Taring, Zasak J., and Chie Nakane. 1984. <em>Map of Lhasa, drawn by Zasak J. Taring</em>. Tokyo: University of Tokyo, Institute of Oriental Culture.</p>",,,,888951926,,https://search.worldcat.org/title/888951926
121,"Taring, Zasak J., and Chie Nakane. 1984. Map of Lhasa, Drawn by Zasak J. Taring. Tokyo: University of Tokyo, Institute of Oriental Culture.",,,847,"<p>
Taring, Zasak J., and Chie Nakane. 1984. <em>Map of Lhasa, drawn by Zasak J. Taring</em>. Tokyo: University of Tokyo, Institute of Oriental Culture.</p>",,,,888951926,,https://search.worldcat.org/title/888951926
121,"Taring, Zasak J., and Chie Nakane. 1984. Map of Lhasa, Drawn by Zasak J. Taring. Tokyo: University of Tokyo, Institute of Oriental Culture.",,,848,"<p>
Taring, Zasak J., and Chie Nakane. 1984. <em>Map of Lhasa, drawn by Zasak J. Taring</em>. Tokyo: University of Tokyo, Institute of Oriental Culture.</p>",,,,888951926,,https://search.worldcat.org/title/888951926
121,"Taring, Zasak J., and Chie Nakane. 1984. Map of Lhasa, Drawn by Zasak J. Taring. Tokyo: University of Tokyo, Institute of Oriental Culture.",,,850,"<p>
Taring, Zasak J., and Chie Nakane. 1984. <em>Map of Lhasa, drawn by Zasak J. Taring</em>. Tokyo: University of Tokyo, Institute of Oriental Culture.</p>",,,,888951926,,https://search.worldcat.org/title/888951926
121,"Taring, Zasak J., and Chie Nakane. 1984. Map of Lhasa, Drawn by Zasak J. Taring. Tokyo: University of Tokyo, Institute of Oriental Culture.",,,853,"<p>
Taring, Zasak J., and Chie Nakane. 1984. <em>Map of Lhasa, drawn by Zasak J. Taring</em>. Tokyo: University of Tokyo, Institute of Oriental Culture.</p>",,,,888951926,,https://search.worldcat.org/title/888951926
121,"Taring, Zasak J., and Chie Nakane. 1984. Map of Lhasa, Drawn by Zasak J. Taring. Tokyo: University of Tokyo, Institute of Oriental Culture.",,,849,"<p>
Taring, Zasak J., and Chie Nakane. 1984. <em>Map of Lhasa, drawn by Zasak J. Taring</em>. Tokyo: University of Tokyo, Institute of Oriental Culture.</p>",,,,888951926,,https://search.worldcat.org/title/888951926
122,"Ryavec, Karl E. 2015. A Historical Atlas of Tibet. Chicago: The University of Chicago Press.",,,1073,"<p>
Buffetrille, K. 2012. &quot; Low Tricks and High Stakes Surrounding a Holy Place in Eastern Nepal: the Halesi-Māratika Caves&quot;. In <em>Revisiting Rituals in a Changing Tibetan World</em>. Leiden, The Netherlands: Brill.</p>",,,,913615117,,https://search.worldcat.org/title/913615117
123,"Ryavec, Karl E. 2015. A Historical Atlas of Tibet. Chicago: The University of Chicago Press.",123_485,123_21,485,"<p>
Ryavec, Karl E. 2015. <em>A Historical Atlas of Tibet</em>. Chicago: University of Chicago Press, p. 21.</p>",21,,,916503441,,https://search.worldcat.org/title/916503441
123,"Ryavec, Karl E. 2015. A Historical Atlas of Tibet. Chicago: The University of Chicago Press.",123_9,123_65,9,"<p>
Ryavec, Karl E. 2015. <em>A Historical Atlas of Tibet</em>. Chicago: University of Chicago Press, p. 65.</p>",65,,,916503441,,https://search.worldcat.org/title/916503441
123,"Ryavec, Karl E. 2015. A Historical Atlas of Tibet. Chicago: The University of Chicago Press.",123_1228,123_98,1228,"<p>
Ryavec, Karl E. 2015.<em> A Historical Atlas of Tibet</em>. Chicago: University of Chicago Press, p. 98.</p>",98,,,916503441,,https://search.worldcat.org/title/916503441
123,"Ryavec, Karl E. 2015. A Historical Atlas of Tibet. Chicago: The University of Chicago Press.",123_1049,123_161,1049,"<p>
Ryavec, Karl E. 2015.<em> A Historical Atlas of Tibet</em>. Chicago: University of Chicago Press, p. 161.</p>",161,,,916503441,,https://search.worldcat.org/title/916503441
123,"Ryavec, Karl E. 2015. A Historical Atlas of Tibet. Chicago: The University of Chicago Press.",123_466,123_351,466,"<p>
Ryavec, Karl E. 2015.&nbsp;<em>A Historical Atlas of Tibet</em>. Chicago: University of Chicago Press, p. 351.</p>",351,,,916503441,,https://search.worldcat.org/title/916503441
123,"Ryavec, Karl E. 2015. A Historical Atlas of Tibet. Chicago: The University of Chicago Press.",123_926,123_123-125,926,"<p>
Ryavec, Karl E. 2015. <em>A Historical Atlas of Tibet</em>. Chicago: University of Chicago Press, pp. 123-125.</p>",123-125,,,916503441,,https://search.worldcat.org/title/916503441
123,"Ryavec, Karl E. 2015. A Historical Atlas of Tibet. Chicago: The University of Chicago Press.",123_927,123_123-125,927,"<p>
Ryavec, Karl E. 2015. <em>A Historical Atlas of Tibet</em>. Chicago: University of Chicago Press, pp. 123-125.</p>",123-125,,,916503441,,https://search.worldcat.org/title/916503441
123,"Ryavec, Karl E. 2015. A Historical Atlas of Tibet. Chicago: The University of Chicago Press.",123_925,123_123-125,925,"<p>
Ryavec, Karl E. 2015. <em>A Historical Atlas of Tibet</em>. Chicago: University of Chicago Press, pp. 123-125.</p>",123-125,,,916503441,,https://search.worldcat.org/title/916503441
123,"Ryavec, Karl E. 2015. A Historical Atlas of Tibet. Chicago: The University of Chicago Press.",123_40,123_123-125,40,"<p>
Ryavec, Karl E. 2015.&nbsp;<em>A Historical Atlas of Tibet</em>. Chicago: University of Chicago Press, pp. 123-125.</p>",123-125,,,916503441,,https://search.worldcat.org/title/916503441
123,"Ryavec, Karl E. 2015. A Historical Atlas of Tibet. Chicago: The University of Chicago Press.",123_924,123_123-125,924,"<p>Ryavec, Karl E. 2015. <em>A Historical Atlas of Tibet</em>. Chicago: University of Chicago Press, pp. 123-125.</p>",123-125,,,916503441,,https://search.worldcat.org/title/916503441
123,"Ryavec, Karl E. 2015. A Historical Atlas of Tibet. Chicago: The University of Chicago Press.",123_1024,123_123-125,1024,"<p>Ryavec, Karl E. 2015. A Historical Atlas of Tibet. Chicago: University of Chicago Press, pp. 123-125.</p>",123-125,,,916503441,,https://search.worldcat.org/title/916503441
123,"Ryavec, Karl E. 2015. A Historical Atlas of Tibet. Chicago: The University of Chicago Press.",123_412,123_154-155,412,"<p>
Ryavec, Karl E. 2015. <em>A Historical Atlas of Tibet</em>. Chicago: University of Chicago Press, pp. 154-155.</p>",154-155,,,916503441,,https://search.worldcat.org/title/916503441
123,"Ryavec, Karl E. 2015. A Historical Atlas of Tibet. Chicago: The University of Chicago Press.",123_280,123_155,280,"<p>
Ryavec, Karl E. 2015.&nbsp;<em>A Historical Atlas of Tibet.&nbsp;</em>Chicago: University of Chicago Press, p. 155.</p>",155,,,916503441,,https://search.worldcat.org/title/916503441
123,"Ryavec, Karl E. 2015. A Historical Atlas of Tibet. Chicago: The University of Chicago Press.",123_1280,123_160-163,1280,"<p>
Ryavec, Karl E. 2015. <em>A Historical Atlas of Tibet</em>. Chicago: University of Chicago Press, pp. 160-163.</p>",160-163,,,916503441,,https://search.worldcat.org/title/916503441
123,"Ryavec, Karl E. 2015. A Historical Atlas of Tibet. Chicago: The University of Chicago Press.",123_1359,123_68-69,1359,"<p>
Ryavec, Karl E. 2015.&nbsp;<em>A Historical Atlas of Tibet</em>. Chicago: University of Chicago Press, pp. 68-69.</p>",68-69,,,916503441,,https://search.worldcat.org/title/916503441
123,"Ryavec, Karl E. 2015. A Historical Atlas of Tibet. Chicago: The University of Chicago Press.",123_352,123_72-77,352,"<p>
Ryavec, Karl E. 2015. A Hhistorical Atlas of Tibet. Chicago: University of Chicago Press, pp. 72-77.</p>",72-77,,,916503441,,https://search.worldcat.org/title/916503441
123,"Ryavec, Karl E. 2015. A Historical Atlas of Tibet. Chicago: The University of Chicago Press.",123_39,123_89-113,39,"<p>
Ryavec, Karl. E. 2015.<em>A Historical Atlas of Tibet</em></a>. Chicago: University of Chicago Press, pp. 89, 113.</p>",89-113,,,916503441,,https://search.worldcat.org/title/916503441
124,"Schrempf, Mona. 2000. Victory Banners, Social Prestige and Religious Identity: Ritualized Sponsorship and the Revival of Bon Monasticism in Amdo Shar-Khog. Osaka: National Museum of Ethnology.",124_1368,124_322,1368,"<p>Mona Schrempf. 2000.&nbsp;<em>Victory Banners, Social Prestige, and Religious Identity: Ritualized Sponsorship and the Revival of Bon Monasticism in Amdo Shar-khog</em>. Osaka: National Museum of Ethnology, p. 322.</p>",322,,,920733145,,https://search.worldcat.org/title/920733145
124,"Schrempf, Mona. 2000. Victory Banners, Social Prestige and Religious Identity: Ritualized Sponsorship and the Revival of Bon Monasticism in Amdo Shar-Khog. Osaka: National Museum of Ethnology.",124_1362,,1362,"<p>
Mona Schrempf. 2000. <em>Victory Banners, Social Prestige, and Religious Identity: Ritualized Sponsorship and the Revival of Bon Monasticism in Amdo Shar-khog</em>. Osaka: National Museum of Ethnology, p. 322.</p>",,,,920733145,,https://search.worldcat.org/title/920733145
125,"Pommaret, Françoise. 2014. Bhutan: Himalayan Mountain Kingdom. Hong Kong: Odyssey.",125_917,,917,"<p>Pommaret, Francoise. 2014. <em>Bhutan: Himalayan Mountain Kingdom</em>. Hong Kong and New York: Odyssey Books.</p>",,,,931750511,,https://search.worldcat.org/title/931750511
125,"Pommaret, Françoise. 2014. Bhutan: Himalayan Mountain Kingdom. Hong Kong: Odyssey.",125_308,125_161,308,"<p>
Pommaret, Francoise. 2014.<em> Bhutan: Himalayan Mountain Kingdom</em>. Hong Kong and New York: Odyssey Books, p. 161.</p>",161,,,931750511,,https://search.worldcat.org/title/931750511
126,"Beyond the Great Valleys, Ladakh: Understanding the Monastic Architecture. 2016. Sahibabad: Copal Publishing Group in association with Bharati Vidyapeeth College of Architecture, Navi Mumbai.",126_1417,126_76-78,1417,"<p>
Sarkar, Shomika&nbsp; and Deepti Shukla. 2016.&nbsp;<em>Beyond the Great Valleys of Ladakh: Understanding the Monastic Architecture</em>. N.p.: Copal Publishing Group, pp. 76-78.</p>",76-78,,,950615713,,https://search.worldcat.org/title/950615713
127,"Jackson, David Paul, and Mathias Fermer. 2016. A Revolutionary Artist of Tibet: Khyentse Chenmo of Gongkar. New York, NY: Rubin Museum of Art.",,,615,"<p>
Jackson, David. 2016. <em>A Revolutionary Artist of Tibet: Khyentse Chenmo of Gongkar</em>. New York: Rubin Museum of Art.</p>",,,,951094445,,https://search.worldcat.org/title/951094445
128,"Mackenzie, Vicki, and Jetsunma Tenzin Palmo. 2017. The Revolutionary Life of Freda Bedi: British Feminist, Indian Nationalist, Buddhist Nun. First edition. Boulder, CO: Shambhala.",128_1440,128_117,1440,"<p>
Mackenzie,&nbsp;Vicki. 2017. <em>The Revolutionary Life of Freda Bedi: British Feminist, Indian Nationalist, Buddhist Nun</em>.&nbsp;United States:&nbsp;Shambhala,&nbsp;p. 117.</p>",117,,,1002244170,,https://search.worldcat.org/title/1002244170
128,"Mackenzie, Vicki, and Jetsunma Tenzin Palmo. 2017. The Revolutionary Life of Freda Bedi: British Feminist, Indian Nationalist, Buddhist Nun. First edition. Boulder, CO: Shambhala.",128_1511,128_127,1511,"<p>
Mackenzie,&nbsp;Vicki. 2017. <em>The Revolutionary Life of Freda Bedi: British Feminist, Indian Nationalist, Buddhist Nun</em>.&nbsp;United States:&nbsp;Shambhala, p. 127.</p>",127,,,1002244170,,https://search.worldcat.org/title/1002244170
129,"Klimburg-Salter, Deborah. 1998. Tabo: A Lamp for the Kingdom: Early Indo-Tibetan Buddhist Art in the Western Himalaya. New York: Thames and Hudson.",129_719,,719,"<p>Klimburg-Salter, Deborah E., and Christian. Luczanits. 1999. <em>Tabo: A Lamp for the Kingdom: Early-Indo-Tibetan Buddhist Art in the Western Himalaya.</em> New York, N.Y: Thames and Hudson.</p>",,,,963182315,,https://search.worldcat.org/title/963182315
130,"Lhalungpa, Lobsang Phuntshok 1983. Tibet, the Sacred Realm: Photographs, 1880-1950. Westford: Aperture.",130_1560,130_32-33,1560,"<p>
Lhalungpa, Lobsang Phuntsok. 1983. <em>Tibet - The Sacred Realm: Photographs 1880-1950</em>. Philadelphia: Philadelphia Museum of Art/Aperture, pp. 32-33.</p>",32-33,,,1014561889,,https://search.worldcat.org/title/1014561889
131,"Harrison, Peter, and Peter Dennis. 2011. Fortress Monasteries of the Himalayas: Tibet, Ladakh, Nepal, and Bhutan. Oxford: Osprey Pub.",131_1414,131_37-38,1414,"<p>
Harrison, Peter, and Peter Dennis. 2011. <em>Fortress Monasteries of the Himalayas: Tibet, Ladakh, Nepal and Bhutan</em>. United Kingdom: Bloomsbury Publishing, pp. 37-38.</p>",37-38,,,662402863,,https://search.worldcat.org/title/662402863
132,"Coleman, Graham. 2014. A Handbook of Tibetan Culture: A Guide to Tibetan Centres and Resources throughout the World. London: Ebury Digital.",132_1457,,1457,"<p>
Coleman, Graham. 2016. <em>A Handbook of Tibetan Culture: A Guide to Tibetan Centres and Resources Throughout the World</em>. London: Ebury Digital.&nbsp;</p>",,,,1003866480,,https://search.worldcat.org/title/1003866480
132,"Coleman, Graham. 2014. A Handbook of Tibetan Culture: A Guide to Tibetan Centres and Resources throughout the World. London: Ebury Digital.",132_1458,,1458,"<p>
Coleman, Graham. 2016. <em>A Handbook of Tibetan Culture: A Guide to Tibetan Centres and Resources Throughout the World</em>. London: Ebury Digital.&nbsp;</p>",,,,1003866480,,https://search.worldcat.org/title/1003866480
132,"Coleman, Graham. 2014. A Handbook of Tibetan Culture: A Guide to Tibetan Centres and Resources throughout the World. London: Ebury Digital.",132_1507,,1507,"<p>
Coleman, Graham. 2016. <em>A Handbook of Tibetan Culture: A Guide to Tibetan Centres and Resources Throughout the World</em>. London: Ebury Digital.&nbsp;</p>",,,,1003866480,,https://search.worldcat.org/title/1003866480
132,"Coleman, Graham. 2014. A Handbook of Tibetan Culture: A Guide to Tibetan Centres and Resources throughout the World. London: Ebury Digital.",132_1506,,1506,"<p>
Coleman, Graham. 2016. <em>A Handbook of Tibetan Culture: A Guide to Tibetan Centres and Resources Throughout the World</em>. London: Ebury Digital.&nbsp;</p>",,,,1003866480,,https://search.worldcat.org/title/1003866480
132,"Coleman, Graham. 2014. A Handbook of Tibetan Culture: A Guide to Tibetan Centres and Resources throughout the World. London: Ebury Digital.",132_1462,,1462,"<p>
Coleman, Graham. 2016. <em>A Handbook of Tibetan Culture: A Guide to Tibetan Centres and Resources Throughout the World</em>. London: Ebury Digital.&nbsp;</p>",,,,1003866480,,https://search.worldcat.org/title/1003866480
132,"Coleman, Graham. 2014. A Handbook of Tibetan Culture: A Guide to Tibetan Centres and Resources throughout the World. London: Ebury Digital.",132_1456,,1456,"<p>
Coleman, Graham. 2016. <em>A Handbook of Tibetan Culture: A Guide to Tibetan Centres and Resources Throughout the World</em>. London: Ebury Digital.&nbsp;</p>",,,,1003866480,,https://search.worldcat.org/title/1003866480
132,"Coleman, Graham. 2014. A Handbook of Tibetan Culture: A Guide to Tibetan Centres and Resources throughout the World. London: Ebury Digital.",132_1472,,1472,"<p>
Coleman, Graham. 2016. <em>A Handbook of Tibetan Culture: A Guide to Tibetan Centres and Resources Throughout the World</em>. London: Ebury Digital.&nbsp;</p>",,,,1003866480,,https://search.worldcat.org/title/1003866480
132,"Coleman, Graham. 2014. A Handbook of Tibetan Culture: A Guide to Tibetan Centres and Resources throughout the World. London: Ebury Digital.",132_1509,,1509,"<p>
Coleman, Graham. 2016. <em>A Handbook of Tibetan Culture: A Guide to Tibetan Centres and Resources Throughout the World</em>. London: Ebury Digital.&nbsp;</p>",,,,1003866480,,https://search.worldcat.org/title/1003866480
132,"Coleman, Graham. 2014. A Handbook of Tibetan Culture: A Guide to Tibetan Centres and Resources throughout the World. London: Ebury Digital.",132_1477,,1477,"<p>
Coleman, Graham. 2016. <em>A Handbook of Tibetan Culture: A Guide to Tibetan Centres and Resources Throughout the World</em>. London: Ebury Digital.&nbsp;</p>",,,,1003866480,,https://search.worldcat.org/title/1003866480
133,"Erschbamer, Marlene. 2017. The ‘Ba’-Ra-Ba bKa’-Brgyud-Pa: Historical and Contemporary Studies. Wien: Arbeitskreis für Tibetische und Buddhistische Studien Universität Wien.",133_1694,133_174,1694,"<p>Erschbamer, Marlene. 2017. <em>The &#39;Ba&#39;-ra-ba bKa&#39;-brgyud-pa: Historical and Contemporary Studies</em>. Vienna: Arbeitskreis f&uuml;r Tibetische und Buddhistische Studien, p. 174.</p>",174,,,1005073412,,https://search.worldcat.org/title/1005073412
133,"Erschbamer, Marlene. 2017. The ‘Ba’-Ra-Ba bKa’-Brgyud-Pa: Historical and Contemporary Studies. Wien: Arbeitskreis für Tibetische und Buddhistische Studien Universität Wien.",133_1551,133_176,1551,"<p>
Erschbamer, Marlene. 2017.&nbsp;<em>The &#39;Ba&#39;-ra-ba bKa&#39;-brgyud-pa: Historical and Contemporary Studies</em>. Vienna: WSTB, p. 176.</p>",176,,,1005073412,,https://search.worldcat.org/title/1005073412
133,"Erschbamer, Marlene. 2017. The ‘Ba’-Ra-Ba bKa’-Brgyud-Pa: Historical and Contemporary Studies. Wien: Arbeitskreis für Tibetische und Buddhistische Studien Universität Wien.",133_1550,133_182,1550,"<p>
Erschbamer, Marlene. 2017.&nbsp;<em>The &#39;Ba&#39;-ra-ba bKa&#39;-brgyud-pa: Historical and Contemporary Studies</em>. Vienna: WSTB, pp 180&ndash;182.</p>",182,,,1005073412,,https://search.worldcat.org/title/1005073412
133,"Erschbamer, Marlene. 2017. The ‘Ba’-Ra-Ba bKa’-Brgyud-Pa: Historical and Contemporary Studies. Wien: Arbeitskreis für Tibetische und Buddhistische Studien Universität Wien.",133_1546,133_183,1546,"<p>
Erschbamer, Marlene. 2017.&nbsp;<em>The &#39;Ba&#39;-ra-ba bKa&#39;-brgyud-pa: Historical and Contemporary Studies</em>. Vienna: WSTB, pp. 182&ndash;183.</p>",183,,,1005073412,,https://search.worldcat.org/title/1005073412
133,"Erschbamer, Marlene. 2017. The ‘Ba’-Ra-Ba bKa’-Brgyud-Pa: Historical and Contemporary Studies. Wien: Arbeitskreis für Tibetische und Buddhistische Studien Universität Wien.",133_1549,133_194,1549,"<p>
Erschbamer, Marlene. 2017.&nbsp;<em>The &#39;Ba&#39;-ra-ba bKa&#39;-brgyud-pa: Historical and Contemporary Studies</em>. Vienna: WSTB, pp. 188&ndash;194.</p>",194,,,1005073412,,https://search.worldcat.org/title/1005073412
133,"Erschbamer, Marlene. 2017. The ‘Ba’-Ra-Ba bKa’-Brgyud-Pa: Historical and Contemporary Studies. Wien: Arbeitskreis für Tibetische und Buddhistische Studien Universität Wien.",133_1548,133_219,1548,"<p>
Erschbamer, Marlene. 2017.&nbsp;<em>The &#39;Ba&#39;-ra-ba bKa&#39;-brgyud-pa: Historical and Contemporary Studies</em>. Vienna: WSTB, p. 219.</p>",219,,,1005073412,,https://search.worldcat.org/title/1005073412
133,"Erschbamer, Marlene. 2017. The ‘Ba’-Ra-Ba bKa’-Brgyud-Pa: Historical and Contemporary Studies. Wien: Arbeitskreis für Tibetische und Buddhistische Studien Universität Wien.",133_1693,133_186-187,1693,"<p>Erschbamer, Marlene. 2017. <em>The &#39;Ba&#39;-ra-ba bKa&#39;-brgyud-pa: Historical and Contemporary Studies</em>. Vienna: Arbeitskreis f&uuml;r Tibetische und Buddhistische Studien, pp. 186-187.</p>",186-187,,,,,https://search.worldcat.org/title/1005073412
133,"Erschbamer, Marlene. 2017. The ‘Ba’-Ra-Ba bKa’-Brgyud-Pa: Historical and Contemporary Studies. Wien: Arbeitskreis für Tibetische und Buddhistische Studien Universität Wien.",133_1552,133_204-206,1552,"<p>
Erschbamer, Marlene. 2017.&nbsp;<em>The &#39;Ba&#39;-ra-ba bKa&#39;-brgyud-pa: Historical and Contemporary Studies</em>. Vienna: WSTB, pp. 204&ndash;206.</p>",204-206,,,1005073412,,https://search.worldcat.org/title/1005073412
133,"Erschbamer, Marlene. 2017. The ‘Ba’-Ra-Ba bKa’-Brgyud-Pa: Historical and Contemporary Studies. Wien: Arbeitskreis für Tibetische und Buddhistische Studien Universität Wien.",133_1696,133_207-208,1696,"<p>Erschbamer, Marlene. 2017. <em>The &#39;Ba&#39;-ra-ba bKa&#39;-brgyud-pa: Historical and Contemporary Studies</em>. Vienna: Arbeitskreis f&uuml;r Tibetische und Buddhistische Studien, pp. 207-208.</p>",207-208,,,,,https://search.worldcat.org/title/1005073412
133,"Erschbamer, Marlene. 2017. The ‘Ba’-Ra-Ba bKa’-Brgyud-Pa: Historical and Contemporary Studies. Wien: Arbeitskreis für Tibetische und Buddhistische Studien Universität Wien.",133_1692,133_211-212,1692,"<p>
Erschbamer, Marlene. 2017. <em>The &#39;Ba&#39;-ra-ba bKa&#39;-brgyud-pa: Historical and Contemporary Studies</em>. Vienna: Arbeitskreis f&uuml;r Tibetische und Buddhistische Studien, pp. 211-212</p>",211-212,,,1005073412,,https://search.worldcat.org/title/1005073412
133,"Erschbamer, Marlene. 2017. The ‘Ba’-Ra-Ba bKa’-Brgyud-Pa: Historical and Contemporary Studies. Wien: Arbeitskreis für Tibetische und Buddhistische Studien Universität Wien.",133_1695,133_213-215,1695,"<p>Erschbamer, Marlene. 2017. <em>The &#39;Ba&#39;-ra-ba bKa&#39;-brgyud-pa: Historical and Contemporary Studies</em>. Vienna: Arbeitskreis f&uuml;r Tibetische und Buddhistische Studien, pp. 213-215.</p>",213-215,,,,,https://search.worldcat.org/title/1005073412
133,"Erschbamer, Marlene. 2017. The ‘Ba’-Ra-Ba bKa’-Brgyud-Pa: Historical and Contemporary Studies. Wien: Arbeitskreis für Tibetische und Buddhistische Studien Universität Wien.",,,1532,"<p>
Erschbamer, Marlene. 2017. <em>The &#39;Ba&#39;-ra-ba bKa&#39;-brgyud-pa: Historical and Contemporary Studies.</em> Vienna: WSTB.</p>",,,,1005073412,,https://search.worldcat.org/title/1005073412
133,"Erschbamer, Marlene. 2017. The ‘Ba’-Ra-Ba bKa’-Brgyud-Pa: Historical and Contemporary Studies. Wien: Arbeitskreis für Tibetische und Buddhistische Studien Universität Wien.",,,1533,"<p>
Erschbamer, Marlene. 2017. <em>The &#39;Ba&#39;-ra-ba bKa&#39;-brgyud-pa: Historical and Contemporary Studies.</em> Vienna: WSTB.</p>",,,,1005073412,,https://search.worldcat.org/title/1005073412
134,"Sadutshang, Rinchen. 2016. A Life Unforeseen: A Memoir of Service to Tibet. Somerville: Wisdom Publications.",134_1092,134_66,1092,"<p>
Sadutshang,&nbsp;Rinchen.&nbsp;2016.<em> A Life Unforeseen: A Memoir of Service to Tibet</em>.&nbsp;United States:&nbsp;Wisdom Publications, p. 66.</p>",66,,,1010933965,,https://search.worldcat.org/title/1010933965
135,"Douglas, Nik, and Meryl White. 1976. Karmapa: The Black Hat Lama of Tibet. London: Luzac.",135_968,135_122-140,968,"<p>
Douglas, Nik, and Meryl White. 1976. <em>Karmapa: the Black Hat Lama of Tibet</em>. London: Luzac, pp. 122-140.</p>",122-140,,,1014903327,,https://search.worldcat.org/title/1014903327
136,"Heimbel, Jörg, and Lumbini International Research Institute. 2017. Vajradhara in Human Form: The Life and Times of Ngor Chen Kun Dga’ Bzang Po. Nepal: Lumbini International Research Institute.",136_597,136_158,597,"<p>
Heimbel, Jörg. 2017. <em>Vajradhara in Human Form: The Life and Times of Ngor chen Kun dga&#39; bzang po</em>. Nepal: Lumbini International Research Institute, p. 158.</p>",158,,,1020311775,,https://search.worldcat.org/title/1020311775
136,"Heimbel, Jörg, and Lumbini International Research Institute. 2017. Vajradhara in Human Form: The Life and Times of Ngor Chen Kun Dga’ Bzang Po. Nepal: Lumbini International Research Institute.",136_1596,,1596,"<p>
Heimbel, J&ouml;rg. 1917. <em>Vajradhara in Human Form: The Life and Times of Ngor chen Kun dga&#39; bzang po</em>. Kathmandu: Lumbini International Research Institute.</p>",,,,1020311775,,https://search.worldcat.org/title/1020311775
136,"Heimbel, Jörg, and Lumbini International Research Institute. 2017. Vajradhara in Human Form: The Life and Times of Ngor Chen Kun Dga’ Bzang Po. Nepal: Lumbini International Research Institute.",136_1617,,1617,"<p>
Heimbel, J&ouml;rg. 2017. <em>Vajradhara in Human Form: The Life and Times of Ngor chen Kun dga&#39; bzang po</em>. Kathmandu: Lumbini International Research Institute, p. 267, note #237.</p>",,,,1020311775,,https://search.worldcat.org/title/1020311775
136,"Heimbel, Jörg, and Lumbini International Research Institute. 2017. Vajradhara in Human Form: The Life and Times of Ngor Chen Kun Dga’ Bzang Po. Nepal: Lumbini International Research Institute.",136_1620,,1620,"<p>
Heimbel, J&ouml;rg. 2017. <em>Vajradhara in Human Form: The Life and Times of Ngor chen Kun dga&#39; bzang po</em>. Kathmandu: Lumbini International Research Institute, p. 268, note #237.</p>",,,,1020311775,,https://search.worldcat.org/title/1020311775
136,"Heimbel, Jörg, and Lumbini International Research Institute. 2017. Vajradhara in Human Form: The Life and Times of Ngor Chen Kun Dga’ Bzang Po. Nepal: Lumbini International Research Institute.",136_32,,32,"<p>
Heimbel, J&ouml;rg. 2017.&nbsp;<em>The Life and Times of Ngor chen Kun dga&#39; bzang po</em>. Lumbini: Lumbini International Research Institute.&nbsp;</p>",,,,1020311775,,https://search.worldcat.org/title/1020311775
136,"Heimbel, Jörg, and Lumbini International Research Institute. 2017. Vajradhara in Human Form: The Life and Times of Ngor Chen Kun Dga’ Bzang Po. Nepal: Lumbini International Research Institute.",136_1618,,1618,"<p>
Heimbel, J&ouml;rg. 2017.&nbsp;<em>Vajradhara in Human Form: The Life and Times of Ngor chen Kun dga&#39; bzang po</em>. Kathmandu: Lumbini International Research Institute, p. 268, note #237.</p>",,,,1020311775,,https://search.worldcat.org/title/1020311775
136,"Heimbel, Jörg, and Lumbini International Research Institute. 2017. Vajradhara in Human Form: The Life and Times of Ngor Chen Kun Dga’ Bzang Po. Nepal: Lumbini International Research Institute.",136_1619,,1619,"<p>
Heimbel, J&ouml;rg. 2017.&nbsp;<em>Vajradhara in Human Form: The Life and Times of Ngor chen Kun dga&#39; bzang po</em>. Kathmandu: Lumbini International Research Institute, p. 268, note #237.</p>",,,,1020311775,,https://search.worldcat.org/title/1020311775
137,"Kumar, Pintu. 2018. Buddhist Learning in South Asia: Education, Religion, and Culture at the Ancient ŚRī NāLandā MahāVihāRa. Lanham: Lexington Books.",137_1065,,1065,"<p>
Kumar, Pintu. 2018. <em>Buddhist learning in South Asia: education, religion, and culture at the ancient Śrī Nālandā Mahāvihāra</em>. Lanham: Lexington Books.</p>",,,,1023607186,,https://search.worldcat.org/title/1023607186
138,"Urgyen, Erik Pema Kunsang, and Marcia Binder Schmidt. 2005. Blazing Splendor: The Memoirs of the Dzogchen Yogi Tulku Urgyen Rinpoche, as Told to Erik Pema Kunsang & Marcia Binder Schmidt. 1st ed. Kathmandu, Nepal: Rangjung Yeshe Publications.",138_1504,138_354-355,1504,"<p>
Tulku Urgyen. 2005. <em>Blazing Splendor: The Memoirs of Tulku Urgyen Rinpoche as told to Erik Pema Kunsang &amp; Marcia Binder Schmidt</em>. Hong Kong: Rangjung Yeshe, pp. 354-355.</p>",354-355,,,1028867438,,https://search.worldcat.org/title/1028867438
138,"Urgyen, Erik Pema Kunsang, and Marcia Binder Schmidt. 2005. Blazing Splendor: The Memoirs of the Dzogchen Yogi Tulku Urgyen Rinpoche, as Told to Erik Pema Kunsang & Marcia Binder Schmidt. 1st ed. Kathmandu, Nepal: Rangjung Yeshe Publications.",138_1534,,1534,"<p>
Tulku Urgyen. 2005. <em>Blazing Splendor: The Memoirs of Tulku Urgyen Rinpoche as told to Erik Pema Kunsang &amp; Marcia Binder Schmidt</em>. Hong Kong: Rangjung Yeshe.</p>",,,,1028867438,,https://search.worldcat.org/title/1028867438
138,"Urgyen, Erik Pema Kunsang, and Marcia Binder Schmidt. 2005. Blazing Splendor: The Memoirs of the Dzogchen Yogi Tulku Urgyen Rinpoche, as Told to Erik Pema Kunsang & Marcia Binder Schmidt. 1st ed. Kathmandu, Nepal: Rangjung Yeshe Publications.",138_1536,,1536,"<p>
Tulku Urgyen. 2005. <em>Blazing Splendor: The Memoirs of Tulku Urgyen Rinpoche as told to Erik Pema Kunsang &amp; Marcia Binder Schmidt</em>. Hong Kong: Rangjung Yeshe.</p>",,,,1028867438,,https://search.worldcat.org/title/1028867438
138,"Urgyen, Erik Pema Kunsang, and Marcia Binder Schmidt. 2005. Blazing Splendor: The Memoirs of the Dzogchen Yogi Tulku Urgyen Rinpoche, as Told to Erik Pema Kunsang & Marcia Binder Schmidt. 1st ed. Kathmandu, Nepal: Rangjung Yeshe Publications.",138_1537,,1537,"<p>
Tulku Urgyen. 2005. <em>Blazing Splendor: The Memoirs of Tulku Urgyen Rinpoche as told to Erik Pema Kunsang &amp; Marcia Binder Schmidt</em>. Hong Kong: Rangjung Yeshe.</p>",,,,1028867438,,https://search.worldcat.org/title/1028867438
138,"Urgyen, Erik Pema Kunsang, and Marcia Binder Schmidt. 2005. Blazing Splendor: The Memoirs of the Dzogchen Yogi Tulku Urgyen Rinpoche, as Told to Erik Pema Kunsang & Marcia Binder Schmidt. 1st ed. Kathmandu, Nepal: Rangjung Yeshe Publications.",138_1538,,1538,"<p>
Tulku Urgyen. 2005. <em>Blazing Splendor: The Memoirs of Tulku Urgyen Rinpoche as told to Erik Pema Kunsang &amp; Marcia Binder Schmidt</em>. Hong Kong: Rangjung Yeshe.</p>",,,,1028867438,,https://search.worldcat.org/title/1028867438
138,"Urgyen, Erik Pema Kunsang, and Marcia Binder Schmidt. 2005. Blazing Splendor: The Memoirs of the Dzogchen Yogi Tulku Urgyen Rinpoche, as Told to Erik Pema Kunsang & Marcia Binder Schmidt. 1st ed. Kathmandu, Nepal: Rangjung Yeshe Publications.",138_1540,,1540,"<p>
Tulku Urgyen. 2005. <em>Blazing Splendor: The Memoirs of Tulku Urgyen Rinpoche as told to Erik Pema Kunsang &amp; Marcia Binder Schmidt</em>. Hong Kong: Rangjung Yeshe.</p>",,,,1028867438,,https://search.worldcat.org/title/1028867438
138,"Urgyen, Erik Pema Kunsang, and Marcia Binder Schmidt. 2005. Blazing Splendor: The Memoirs of the Dzogchen Yogi Tulku Urgyen Rinpoche, as Told to Erik Pema Kunsang & Marcia Binder Schmidt. 1st ed. Kathmandu, Nepal: Rangjung Yeshe Publications.",138_1517,,1517,"<p>
Tulku Urgyen. 2005.&nbsp;<em>Blazing Splendor: The Memoirs of Tulku Urgyen Rinpoche as told to Erik Pema Kunsang &amp; Marcia Binder Schmidt.</em> Hong Kong: Rangjung Yeshe.</p>",,,,1028867438,,https://search.worldcat.org/title/1028867438
138,"Urgyen, Erik Pema Kunsang, and Marcia Binder Schmidt. 2005. Blazing Splendor: The Memoirs of the Dzogchen Yogi Tulku Urgyen Rinpoche, as Told to Erik Pema Kunsang & Marcia Binder Schmidt. 1st ed. Kathmandu, Nepal: Rangjung Yeshe Publications.",138_60,,60,"<p>
Tulku Urgyen. 2005.&nbsp;<em>Blazing Splendor: The Memoirs of Tulku Urgyen Rinpoche as told to Erik Pema Kunsang &amp; Marcia Binder Schmidt</em>. Hong Kong: Rangjung Yeshe.</p>",,,,1028867438,,https://search.worldcat.org/title/1028867438
139,"Pakhoutova, Elena A, ed.. 2018. The Second Buddha: Master of Time. New York, NY: Delmonico Books-Prestel.",139_1081,139_129,1081,"<p>
Doney, Lewis and Bogin, Benjamin.<em>&nbsp;The Second Buddha: Master of Time</em>. Germany: Delmonico/Prestel, p.129.</p>",129,,,1029087712,,https://id.loc.gov/resources/works/20411703
139,"Pakhoutova, Elena A, ed.. 2018. The Second Buddha: Master of Time. New York, NY: Delmonico Books-Prestel.",139_1332,,1332,"<p>
Bogin, Benjamin. &quot;Guru of the Three Times.&quot; In&nbsp;<em>The Second Buddha: Master of Time</em>.&nbsp;Saratoga Springs, New York: The Frances Young Tang Teaching Museum and Art Gallery, Skidmore College, 2018.</p>",,,,1029087712,,https://search.worldcat.org/title/1029087712
140,"Chou, Wen-shing. 2018. Mount Wutai: Visions of a Sacred Buddhist Mountain. Princeton: Princeton University Press.",,,1140,"<p>
Chou, Wen-shing. 2018.<em>&nbsp;Mount Wutai: visions of a sacred Buddhist mountain</em>. Princeton: Princeton University Press.</p>",,,,1045110939,,https://search.worldcat.org/title/1045110939
141,"Quijada, Justine B. 2019. Buddhists, Shamans, and Soviets: Rituals of History in Post-Soviet Buryatia. New York, NY: Oxford University Press.",141_1413,141_112-119,1413,"Quijada, Justine B.&nbsp;<em>Buddhists, Shamans, and Soviets: Rituals of History in Post-Soviet Buryatia</em>. United States: Oxford University Press, 2019, pp. 112-119.</p>",112-119,,,1045640510,,https://search.worldcat.org/title/1045640510
142,"Rizvi, Janet. 1996. Ladakh: Crossroads of High Asia. Delhi: Oxford University Press.",142_910,142_243,910,"<p>
Rizvi, Janet. 1996.&nbsp;<em>Ladakh: Crossroads of High Asia</em>. Delhi: Oxford University Press, p. 243.</p>",243,,,1049053600,,https://search.worldcat.org/title/1049053600
142,"Rizvi, Janet. 1996. Ladakh: Crossroads of High Asia. Delhi: Oxford University Press.",142_1422,142_255,1422,"<p>
Rizvi, Jane. 1996. <em>Ladakh: Crossroads of High Asia</em>. Second Edition. Oxford University Press, Delhi, pp. 255-256.</p>",255,,,1049053600,,https://search.worldcat.org/title/1049053600
142,"Rizvi, Janet. 1996. Ladakh: Crossroads of High Asia. Delhi: Oxford University Press.",142_1421,142_255,1421,"<p>
Rizvi, Jane. 1996.&nbsp;<em>Ladakh: Crossroads of High Asia</em>. Second Edition. Oxford University Press, Delhi, p. 255.</p>",255,,,1049053600,,https://search.worldcat.org/title/1049053600
142,"Rizvi, Janet. 1996. Ladakh: Crossroads of High Asia. Delhi: Oxford University Press.",142_233,142_219,233,"<p>
Rizvi, Janet. 1996.<em> Ladakh: Crossroads of High Asia</em>. Delhi: Oxford University Press, p. 219.</p>",219,,,1049053600,,https://search.worldcat.org/title/1049053600
142,"Rizvi, Janet. 1996. Ladakh: Crossroads of High Asia. Delhi: Oxford University Press.",142_1406,142_227-228,1406,"<p>
Rizvi, Janet. 1996.&nbsp;<em>Ladakh: Crossroads of High Asia</em>, pp. 227-228.</p>",227-228,,,1049053600,,https://search.worldcat.org/title/1049053600
142,"Rizvi, Janet. 1996. Ladakh: Crossroads of High Asia. Delhi: Oxford University Press.",142_701,142_228-229,701,"<p>
Rizvi, Janet. 1996. <em>Ladakh: Crossroads of High Asia</em>. Delhi: Oxford University Press, pp. 228-229.</p>",228-229,,,1049053600,,https://search.worldcat.org/title/1049053600
142,"Rizvi, Janet. 1996. Ladakh: Crossroads of High Asia. Delhi: Oxford University Press.",142_273,142_229-231,273,"<p>
Rizvi, Janet. 1996. <em>Ladakh: Crossroads of High Asia</em>. Delhi: Oxford University Press, pp. 229-231.</p>",229-231,,,1049053600,,https://search.worldcat.org/title/1049053600
142,"Rizvi, Janet. 1996. Ladakh: Crossroads of High Asia. Delhi: Oxford University Press.",142_1283,142_231-232,1283,"<p>
Rizvi, Janet. 1996. <em>Ladakh: Crossroads of High Asia</em>. Delhi: Oxford University Press, pp. 231-232.</p>",231-232,,,1049053600,,https://search.worldcat.org/title/1049053600
142,"Rizvi, Janet. 1996. Ladakh: Crossroads of High Asia. Delhi: Oxford University Press.",142_232,142_232-234,232,"<p>
Rizvi, Janet. 1996. <em>Ladakh: crossroads of high Asia</em>. Delhi: Oxford University Press, pp. 232-234.</p>",232-234,,,1049053600,,https://search.worldcat.org/title/1049053600
142,"Rizvi, Janet. 1996. Ladakh: Crossroads of High Asia. Delhi: Oxford University Press.",142_234,142_234-235,234,"<p>
Rizvi, Janet. 1996. <em>Ladakh: Crossroads of High Asia</em>. Delhi: Oxford University Press, pp. 234-235.</p>",234-235,,,1049053600,,https://search.worldcat.org/title/1049053600
142,"Rizvi, Janet. 1996. Ladakh: Crossroads of High Asia. Delhi: Oxford University Press.",142_1398,142_235-236,1398,"<p>Rizvi, Janet. 1996.&nbsp;<em>Ladakh: Crossroads of High Asia</em>. 1st edition 1983. 2nd revised edition 1996. Oxford University Press, New Delhi, p. 235-236.</p>",235-236,,,1049053600,,https://search.worldcat.org/title/1049053600
142,"Rizvi, Janet. 1996. Ladakh: Crossroads of High Asia. Delhi: Oxford University Press.",142_1587,142_236-237,1587,"<p>
Rizvi, Janet. 1996. <em>Ladakh: Crossroads of High Asia</em>. Delhi: Oxford University Press, pp 236-237.</p>",236-237,,,1049053600,,https://search.worldcat.org/title/1049053600
142,"Rizvi, Janet. 1996. Ladakh: Crossroads of High Asia. Delhi: Oxford University Press.",142_1405,142_237-238,1405,"<p>
Rizvi, Janet. 1996. <em>Ladakh: Crossroads of High Asia</em>, pp. 237-238.</p>",237-238,,,1049053600,,https://search.worldcat.org/title/1049053600
142,"Rizvi, Janet. 1996. Ladakh: Crossroads of High Asia. Delhi: Oxford University Press.",142_1407,142_238-239,1407,"<p>
Rizvi, Janet. 1996.<em> Ladakh: Crossroads of High Asia</em>, pp. 238-239.</p>",238-239,,,1049053600,,https://search.worldcat.org/title/1049053600
142,"Rizvi, Janet. 1996. Ladakh: Crossroads of High Asia. Delhi: Oxford University Press.",142_1103,142_241-242,1103,"<p>
Rizvi, Janet. 1996. Ladakh: Crossroads of High Asia. Delhi: Oxford University Press, pp. 241-242.</p>",241-242,,,1049053600,,https://search.worldcat.org/title/1049053600
142,"Rizvi, Janet. 1996. Ladakh: Crossroads of High Asia. Delhi: Oxford University Press.",142_1102,142_243-248,1102,"<p>
Rizvi, Janet. 1996.<em> Ladakh: Crossroads of High Asia</em>. Delhi: Oxford University Press, pp. 243-248.</p>",243-248,,,1049053600,,https://search.worldcat.org/title/1049053600
142,"Rizvi, Janet. 1996. Ladakh: Crossroads of High Asia. Delhi: Oxford University Press.",142_1101,142_244,1101,"<p>
Rizvi, Janet. 1996.<em> Ladakh: Crossroads of High Asia</em>. Delhi: Oxford University Press, p. 244.</p>",244,,,1049053600,,https://search.worldcat.org/title/1049053600
142,"Rizvi, Janet. 1996. Ladakh: Crossroads of High Asia. Delhi: Oxford University Press.",142_1575,142_248-249,1575,"<p>
Rizvi, Janet. 1996. <em>Ladakh: Crossroads of High Asia</em>. Delhi: Oxford University Press, p. 248-249.</p>",248-249,,,1049053600,,https://search.worldcat.org/title/1049053600
142,"Rizvi, Janet. 1996. Ladakh: Crossroads of High Asia. Delhi: Oxford University Press.",142_821,142_249-250,821,"<p>
Rizvi, Janet. 1996.<em> Ladakh: Crossroads of High Asia</em>. Delhi: Oxford University Press, pp. 249-250.</p>",249-250,,,1049053600,,https://search.worldcat.org/title/1049053600
142,"Rizvi, Janet. 1996. Ladakh: Crossroads of High Asia. Delhi: Oxford University Press.",142_1305,142_253-254,1305,"<p>
Rizvi, Janet. 1996.<em>Ladakh: Crossroads of High Asia</em>. Delhi: Oxford University Press, pp. 253-254.</p>",253-254,,,1049053600,,https://search.worldcat.org/title/1049053600
142,"Rizvi, Janet. 1996. Ladakh: Crossroads of High Asia. Delhi: Oxford University Press.",142_1588,142_253_255,1588,"<p>
Rizvi, Janet. 1996.<em> Ladakh: Crossroads of High Asia</em>. Delhi: Oxford University Press, pp. 253, 255.</p>","253, 255",,,1049053600,,https://search.worldcat.org/title/1049053600
142,"Rizvi, Janet. 1996. Ladakh: Crossroads of High Asia. Delhi: Oxford University Press.",142_1423,142_254-255,1423,"<p>
Rizvi, Jane. 1996. <em>Ladakh: Crossroads of High Asia</em>. Second Edition. Oxford University Press, Delhi, pp. 254-255.</p>",254-255,,,1049053600,,https://search.worldcat.org/title/1049053600
143,"Vitali, Roberto, and Nga dbang grags pa. 1996. The Kingdoms of Gu.ge Pu.Hrang: According to mNga’.Ris Rgyal.Rabs by Gu.ge Mkhan.Chen Ngag.Dbang grags.pa. Dharamsala: Tho.ling gtsug.lag.khang lo.gcig.stong ’khor.ba’i rjes.dran.mdzad sgo’i go.sgrig tshogs.chung.",143_1088,143_274-275,1088,"<p>
Vitali,&nbsp;Roberto. 1996.&nbsp;<em>Gu-ge Mkhan-chen Ngag-dbang-grags-pas mdzad pa'i Mnga'-ris rgyal rabs</em>.&nbsp;India:&nbsp;Tho-liṅ dpal dpe med lhun gyis grub pa'i gtsug lag khaṅ lo 1000 'khor ba'i rjes dran mdzad sgo'i go sgrig tshogs chuṅ gis dpar skrun źus, pp. 274-275.</p>",274-275,,,1051310927,,https://search.worldcat.org/title/1051310927
144,"Gardner, Alex. 2019. The Life of Jamgon Kongtrul the Great. Boulder: Snow Lion.",144_1466,,1466,"<p>
Gardner, Alexander. 2019. <em>The Life of Jamgon Kongtrul the Great</em>. Boulder: Snow Lion.</p>",,,,1055568794,,https://search.worldcat.org/title/1055568794
144,"Gardner, Alex. 2019. The Life of Jamgon Kongtrul the Great. Boulder: Snow Lion.",144_1463,,1463,"<p>
Gardner, Alexander. 2019. <em>The Life of Jamgon Kongtrul the Great</em>. Boulder: Snow Lion.</p>",,,,1055568794,,https://search.worldcat.org/title/1055568794
144,"Gardner, Alex. 2019. The Life of Jamgon Kongtrul the Great. Boulder: Snow Lion.",144_1467,,1467,"<p>
Gardner, Alexander. 2019. <em>The Life of Jamgon Kongtrul the Great</em>. Boulder: Snow Lion.</p>",,,,1055568794,,https://search.worldcat.org/title/1055568795
144,"Gardner, Alex. 2019. The Life of Jamgon Kongtrul the Great. Boulder: Snow Lion.",144_989,,989,"<p>
Gardner, Alexander. 2019. <em>The Life of Jamgon Kongtrul the Great</em>. Boulder: Snow Lion.</p>",,,,1055568794,,https://search.worldcat.org/title/1055568794
145,"Sinha, A. C. 2001. Himalayan Kingdom Bhutan: Tradition, Transition and Transformation. New Delhi: Indus.",145_380,145_110-112,380,"<p>
Sinha, A. C. 2001. <em>Himalayan Kingdom Bhutan: Tradition, Transition and Transformation</em>. New Delhi: Indus, pp. 110-112.</p>",110-112,,,1074162701,,https://search.worldcat.org/title/472161814
146,Bstan-ʼdzin-rgya-mtsho. 2018. The Life of My Teacher: A Biography of Kyabje Ling Rinpoche. Translated by Kitty Gavin. Somerville: Wisdom Publications.,146_1476,146_253-254,1476,"<p>
Bstan &#39;dzin rgya mtsho. 2018. <em>The Life of My Teacher: A Biography of Kyabje Ling Rinpoche</em>. Translated by Gavin Kilty. Somerville: Wisdom Publications, pp. 253-254.</p>",253-254,,,1079343082,,https://search.worldcat.org/title/1079343082
146,Bstan-ʼdzin-rgya-mtsho. 2018. The Life of My Teacher: A Biography of Kyabje Ling Rinpoche. Translated by Kitty Gavin. Somerville: Wisdom Publications.,146_1469,,1469,"<p>
Bstan &#39;dzin rgya mtsho. 2018. <em>The Life of My Teacher: A Biography of Kyabje Ling Rinpoche</em>. Translated by Gavin Kilty. Somerville: Wisdom Publications.</p>",,,,1079343082,,https://search.worldcat.org/title/1079343082
146,Bstan-ʼdzin-rgya-mtsho. 2018. The Life of My Teacher: A Biography of Kyabje Ling Rinpoche. Translated by Kitty Gavin. Somerville: Wisdom Publications.,146_1478,,1478,"<p>
Bstan &#39;dzin rgya mtsho. 2018. <em>The Life of My Teacher: A Biography of Kyabje Ling Rinpoche</em>. Translated by Kilty Gavin. Somerville: Wisdom Publications.</p>",,,,1079343082,,https://search.worldcat.org/title/1079343082
146,Bstan-ʼdzin-rgya-mtsho. 2018. The Life of My Teacher: A Biography of Kyabje Ling Rinpoche. Translated by Kitty Gavin. Somerville: Wisdom Publications.,146_1470,,1470,"<p>
Bstan &#39;dzin rgya mtsho. 2018.&nbsp;<em>The Life of My Teacher: A Biography of Kyabje Ling Rinpoch</em>e. Translated by Kilty Gavin.&nbsp;Somerville: Wisdom Publications.</p>",,,,1079343082,,https://search.worldcat.org/title/1079343082
146,Bstan-ʼdzin-rgya-mtsho. 2018. The Life of My Teacher: A Biography of Kyabje Ling Rinpoche. Translated by Kitty Gavin. Somerville: Wisdom Publications.,146_1475,,1475,"<p>
Bstan 'dzin rgya mtsho, and Kilty Gavin. 2018. <em>The Life of My Teacher: A Biography of Kyabje Ling Rinpoche.</em>&nbsp;Somerville: Wisdom Publications.</p>",,,,1079343082,,https://search.worldcat.org/title/1079343082
146,Bstan-ʼdzin-rgya-mtsho. 2018. The Life of My Teacher: A Biography of Kyabje Ling Rinpoche. Translated by Kitty Gavin. Somerville: Wisdom Publications.,146_1471,,1471,"<p>
Bstan &#39;dzin rgya mtsho. 2018. <em>The Life of My Teacher: A Biography of Kyabje Ling Rinpoch</em>e. Translated by Kilty Gavin.&nbsp;Somerville: Wisdom Publications.</p>",,,,1079343082,,https://search.worldcat.org/title/1079343082
147,Bstan-ʼdzin-rgya-mtsho. 2018. The Life of My Teacher: A Biography of Kyabje Ling Rinpoche. Translated by Kitty Gavin. Somerville: Wisdom Publications.,147_1166,147_285,1166,"<p>
Blo bzang chos kyi nyi ma, Sopa,&nbsp;Lhundub,&nbsp;Jackson,&nbsp;Roger R. 2009. <em>The crystal mirror of philosophical systems: a Tibetan study of Asian religious thought</em>. Somerville: Wisdom Publications, p. 285.</p>",285,,,1086572882,,https://search.worldcat.org/title/1086572882
148,"Teleki, Krisztina. 2008. Bogdiin Khüree monasteries and temples of the Mongolian capital (1651-1938). PhD Dissertation. Budapest: Eötvös Loránd Tudományegyetem.",148_1280,,1280,"<p>
Teleki, Krisztina. 2008.&nbsp;<em>Bogdiin Kh&uuml;ree monasteries and temples of the Mongolian capital (1651-1938)</em>. PhD Dissertation. Budapest: E&ouml;tv&ouml;s Lor&aacute;nd Tudom&aacute;nyegyetem.</p>",,,,1088070463,,https://search.worldcat.org/title/1088070463
148,"Teleki, Krisztina. 2008. Bogdiin Khüree monasteries and temples of the Mongolian capital (1651-1938). PhD Dissertation. Budapest: Eötvös Loránd Tudományegyetem.",148_1280,,1280,"<p>
Teleki, Krisztina. 2008.&nbsp;<em>Bogdiin Kh&uuml;ree monasteries and temples of the Mongolian capital (1651-1938)</em>. PhD Dissertation. Budapest: E&ouml;tv&ouml;s Lor&aacute;nd Tudom&aacute;nyegyetem.</p>",,,,1088070463,,https://search.worldcat.org/title/1088070463
149,"Borup, Jørn. 2007. Danske Verdensreligioner: Buddhisme. Copenhague: Gyldendal.",149_1508,149_46,1508,"<p>
Borup,&nbsp;J&oslash;rn. 2007.&nbsp;<em>Danske Verdensreligioner: Buddhisme</em>.&nbsp;Denmark:&nbsp;Gyldendal, p. 46.</p>",46,,,1119727242,,https://search.worldcat.org/title/1119727242
150,"Shakya, Min Bahadur. 2004. HiraṇYavarṇa Mahavihara: A Unique Newar Buddhist Monastery. Patan: Nagarjuna Publication.",150_1539,,1539,"<p>
Shakya, Min Bahadur. 2004. <em>Hiraṇyavarṇa Mahavihara: a unique Newar Buddhist monastery</em>. Patan: Nagarjuna Publication.</p>",,,,1126011813,,https://search.worldcat.org/title/1126011813
151,"Cabezón, José Ignacio, and sPen-pa rDo-rje. 2019. Sera Monastery. Somerville, MA: Wisdom Publications.",151_860,151_332,860,"<p>
Cabezón, José Ignacio, and sPen-pa rDo-rje. 2019. <em>Sera Monastery</em>. Somerville: Wisdom Publications, p. 332.</p>",332,,,1142799547,,https://search.worldcat.org/title/1142799547
151,"Cabezón, José Ignacio, and sPen-pa rDo-rje. 2019. Sera Monastery. Somerville, MA: Wisdom Publications.",151_1021,151_333,1021,"<p>
Cabezón, José Ignacio, and Penpa Dorjee. 2019. <em>Sera Monastery</em>. Somerville: Wisdom Publications, p. 333.</p>",333,,,1142799547,,https://search.worldcat.org/title/1142799547
151,"Cabezón, José Ignacio, and sPen-pa rDo-rje. 2019. Sera Monastery. Somerville, MA: Wisdom Publications.",151_1020,151_333,1020,"<p>
Cabezón, José Ignacio, and sPen-pa rDo-rje. 2019. <em>Sera Monastery</em>. Somerville: Wisdom Publications, p. 333.</p>",333,,,1142799547,,https://search.worldcat.org/title/1142799547
151,"Cabezón, José Ignacio, and sPen-pa rDo-rje. 2019. Sera Monastery. Somerville, MA: Wisdom Publications.",151_91,151_128-145,91,"<p>
Cabezón, José Ignacio, and Penpa Dorjee. 2019. <em>Sera Monastery</em>. Somerville: Wisdom Publications, 128-145.</p>",128-145,,,1142799547,,https://search.worldcat.org/title/1142799547
151,"Cabezón, José Ignacio, and sPen-pa rDo-rje. 2019. Sera Monastery. Somerville, MA: Wisdom Publications.",151_572,151_154_331,572,"<p>
Cabezón, José Ignacio, and sPen-pa rDo-rje. 2019. <em>Sera Monastery</em>. Somerville: Wisdom Publications, pp. 154, 331.</p>","154, 331",,,1142799547,,https://search.worldcat.org/title/1142799547
151,"Cabezón, José Ignacio, and sPen-pa rDo-rje. 2019. Sera Monastery. Somerville, MA: Wisdom Publications.",151_1268,151_197-205,1268,"<p>
Cabezón, José Ignacio, and Penpa Dorje. 2019. <em>Sera Monastery</em>. Somerville: Wisdom Publications, pp. 197-205.</p>",197-205,,,1142799547,,https://search.worldcat.org/title/1142799547
151,"Cabezón, José Ignacio, and sPen-pa rDo-rje. 2019. Sera Monastery. Somerville, MA: Wisdom Publications.",151_1473,151_275_467-469,1473,"<p>
Cabezón, José Ignacio, and Penpa Dorje. 2019. <em>Sera Monastery</em>. Somerville: Wisdom Publications, pp. 275, 467-469.</p>","275, 467-469",,,1142799547,,https://search.worldcat.org/title/1142799547
151,"Cabezón, José Ignacio, and sPen-pa rDo-rje. 2019. Sera Monastery. Somerville, MA: Wisdom Publications.",151_898,151_310-311,898,"<p>
Cabezón, José Ignacio, and Penpa Dorjee. 2019. <em>Sera Monastery</em>. Somerville: Wisdom Publications, pp. 310-311.</p>",310-311,,,1142799547,,https://search.worldcat.org/title/1142799547
151,"Cabezón, José Ignacio, and sPen-pa rDo-rje. 2019. Sera Monastery. Somerville, MA: Wisdom Publications.",151_875,151_310-311,875,"<p>
Cabezón, José Ignacio, and Penpa Dorjee. 2019. <em>Sera Monastery</em>. Somerville: Wisdom Publications, pp. 310-311.</p>",310-311,,,1142799547,,https://search.worldcat.org/title/1142799547
151,"Cabezón, José Ignacio, and sPen-pa rDo-rje. 2019. Sera Monastery. Somerville, MA: Wisdom Publications.",151_321,151_330_331_335_340,321,"<p>
Cabezón, José Ignacio, and Penpa Dorjee. 2019. <em>Sera Monastery</em>. Somerville: Wisdom Publications, pp. 330, 331, 335, 340.</p>","330, 331, 335, 340",,,1142799547,,https://search.worldcat.org/title/1142799547
151,"Cabezón, José Ignacio, and sPen-pa rDo-rje. 2019. Sera Monastery. Somerville, MA: Wisdom Publications.",151_322,151_331-348,322,"<p>
Cabezón, José Ignacio, and Penpa Dorjee. 2019. Sera Monastery. Somerville: Wisdom Publications, pp. 331-342.</p>",331-348,,,1142799547,,https://search.worldcat.org/title/1142799547
151,"Cabezón, José Ignacio, and sPen-pa rDo-rje. 2019. Sera Monastery. Somerville, MA: Wisdom Publications.",151_423,151_331-348,423,"<p>
Cabezón, José Ignacio, and sPen-pa rDo-rje. 2019. <em>Sera Monastery</em>. Somerville: Wisdom Publications, p. 331-348.</p>",331-348,,,1142799547,,https://search.worldcat.org/title/1142799547
151,"Cabezón, José Ignacio, and sPen-pa rDo-rje. 2019. Sera Monastery. Somerville, MA: Wisdom Publications.",151_1480,,1480,"<p>
Cabezón, José Ignacio, and Penpa Dorjee. 2019. <em>Sera Monastery</em>. Somerville: Wisdom Publications.&nbsp;</p>",,,,1142799547,,https://search.worldcat.org/title/1142799547
151,"Cabezón, José Ignacio, and sPen-pa rDo-rje. 2019. Sera Monastery. Somerville, MA: Wisdom Publications.",151_294,,294,"<p>
Cabezón, José Ignacio, and Penpa Dorjee. 2019. <em>Sera Monastery</em>. Somerville: Wisdom Publications.</p>",,,,1142799547,,https://search.worldcat.org/title/1142799547
151,"Cabezón, José Ignacio, and sPen-pa rDo-rje. 2019. Sera Monastery. Somerville, MA: Wisdom Publications.",151_1585,,1585,"<p>
Cabezón, José Ignacio, and Penpa Dorjee. 2019. <em>Sera Monastery</em>. Somerville: Wisdom Publications.</p>",,,,1142799547,,https://search.worldcat.org/title/1142799547
151,"Cabezón, José Ignacio, and sPen-pa rDo-rje. 2019. Sera Monastery. Somerville, MA: Wisdom Publications.",151_37,,37,"<p>
Cabezón, José Ignacio, and sPen-pa rDo-rje. 2019. <em>Sera Monastery</em>. Somerville: Wisdom Publications.&nbsp;</p>",,,,1142799547,,https://search.worldcat.org/title/1142799547
151,"Cabezón, José Ignacio, and sPen-pa rDo-rje. 2019. Sera Monastery. Somerville, MA: Wisdom Publications.",151_349,,349,"<p>
Cabezón, José Ignacio, and sPen-pa rDo-rje. 2019. <em>Sera Monastery</em>. Somerville: Wisdom Publications.&nbsp;</p>",,,,1142799547,,https://search.worldcat.org/title/1142799547
151,"Cabezón, José Ignacio, and sPen-pa rDo-rje. 2019. Sera Monastery. Somerville, MA: Wisdom Publications.",151_907,,907,"<p>
Cabezón, José Ignacio, and sPen-pa rDo-rje. 2019. <em>Sera Monastery</em>. Somerville: Wisdom Publications.</p>",,,,1142799547,,https://search.worldcat.org/title/1142799547
151,"Cabezón, José Ignacio, and sPen-pa rDo-rje. 2019. Sera Monastery. Somerville, MA: Wisdom Publications.",151_348,,348,"<p>
Cabezón, José Ignacio, and sPen-pa rDo-rje. 2019. <em>Sera Monastery</em>. Somerville: Wisdom Publications.</p>",,,,1142799547,,https://search.worldcat.org/title/1142799547
151,"Cabezón, José Ignacio, and sPen-pa rDo-rje. 2019. Sera Monastery. Somerville, MA: Wisdom Publications.",151_841,,841,"<p>
Cabezón, José Ignacio, and sPen-pa rDo-rje. 2019. <em>Sera Monastery</em>. Somerville: Wisdom Publications.</p>",,,,1142799547,,https://search.worldcat.org/title/1142799548
151,"Cabezón, José Ignacio, and sPen-pa rDo-rje. 2019. Sera Monastery. Somerville, MA: Wisdom Publications.",151_1246,,1246,"<p>
Cabezón, José Ignacio, and sPen-pa rDo-rje. 2019. <em>Sera Monastery</em>. Somerville: Wisdom Publications.</p>",,,,1142799547,,https://search.worldcat.org/title/1142799549
151,"Cabezón, José Ignacio, and sPen-pa rDo-rje. 2019. Sera Monastery. Somerville, MA: Wisdom Publications.",151_1315,,1315,"<p>
Cabezón, José Ignacio, and sPen-pa rDo-rje. 2019. <em>Sera Monastery</em>. Somerville: Wisdom Publications.</p>",,,,1142799547,,https://search.worldcat.org/title/1142799550
152,Uranchimeg Tsultemin. 2021. A Monastery on the Move: Art and Politics in Later Buddhist Mongolia. Honolulu: University of Hawaiʻi Press.,152_1280,,1280,"<p>
Uranchimeg Tsultemin. 2020.<em>&nbsp;A monastery on the move: art and politics in later Buddhist Mongolia</em>.&nbsp;Honolulu: University of Hawaiʻi Press.</p>",,,,1151812763,,https://search.worldcat.org/title/1151812763
153,"Torkelson, Jean, and Bill Bonebrake. 2001. Colorado’s Sanctuaries, Retreats, and Sacred Places. Englewood, CO: Westcliffe Publishers.",153_1447,153_22-23,1447,"<p>
Torkelson, Jean. 2001. <em>Colorado&#39;s Sanctuaries, Retreats, and Sacred Places</em>. United States: Westcliffe Publishers, pp. 22-23.</p>",22-23,,,1200287008,,https://search.worldcat.org/title/1200287008
154,"Jackson, David Paul. 2020. Lama of Lamas the Life of the Vajra-Master Chogye Trichen Rinpoche. Kathmandu, Nepal: Vajra Books.",154_1626,154_3,1626,"<p>
Jackson, David. 2020.&nbsp;<em>Lama of Lamas: The Life of the Vajra-Master Chogye Trichen Rinpoche</em>. Kathmandu: Vajra Books, p. 3.</p>",3,,,1240830259,,https://search.worldcat.org/title/1240830259
154,"Jackson, David Paul. 2020. Lama of Lamas the Life of the Vajra-Master Chogye Trichen Rinpoche. Kathmandu, Nepal: Vajra Books.",154_1592,154_62_174,1592,"<p>
Jackson, David. 2020. <em>Lama of Lamas: The Life of the Vajra-Master Chogye Trichen Rinpoche</em>. Kathmandu: Vajra Books, pp. 62, 174.</p>","62, 174",,,1240830259,,https://search.worldcat.org/title/1240830259
154,"Jackson, David Paul. 2020. Lama of Lamas the Life of the Vajra-Master Chogye Trichen Rinpoche. Kathmandu, Nepal: Vajra Books.",154_1591,,1591,"<p>
Jackson, David. 2020. <em>Lama of Lamas: The Life of the Vajra-Master Chogye Trichen Rinpoche</em>. Kathmandu: Vajra Books.</p>",,,,1240830259,,https://search.worldcat.org/title/1240830259
155,"Namgyal, Thutob, and Gyalmo Yeshe Dolma. 2021. The Royal History of Sikkim: A Chronicle of the House of Namgyal. Edited by John Ardussi, Anna Balikci-Denjongpa, and Per K. Sørensen. Translated by Zla-ba-bsam-’grub. Chicago: Serindia Publications.",155_1547,155_92-97,1547,"<p>
Chogyal Thutob Namgyel and Gyalmo Yeshe Dolma. <em>The Royal History of Sikkim</em>. Kazi Dawasamdup, John A. Ardussi, Anna Balikci Denjongpa, and Per K. S&oslash;rensen, translators. Chicago: Serindia, pp. 92&ndash;97.</p>",92-97,,,1264387800,,https://search.worldcat.org/title/1264387800
155,"Namgyal, Thutob, and Gyalmo Yeshe Dolma. 2021. The Royal History of Sikkim: A Chronicle of the House of Namgyal. Edited by John Ardussi, Anna Balikci-Denjongpa, and Per K. Sørensen. Translated by Zla-ba-bsam-’grub. Chicago: Serindia Publications.",155_1144,155_92-97,1144,"<p>
Chogyal Thutob Namgyel and Gyalmo Yeshe Dolma. <em>The Royal History of Sikkim</em>. Kazi Dawasamdup, John A. Ardussi, Anna Balikci Denjongpa, and Per K. S&oslash;rensen, translators. Chicago: Serindia, pp. 92&ndash;97.</p>",92-97,,,1264387800,,https://search.worldcat.org/title/1264387800
156,"Tuttle, Gray, and Kurtis R. Schaeffer. 2013. The Tibetan History Reader. New York: Columbia University Press.",156_412,156_200_527,412,"<p>
Tuttle, Gray, and Kurtis R. Schaeffer. 2013.&nbsp;<em>The Tibetan History Reader</em>. New York: Columbia University Press, pp. 200, 527.</p>","200, 527",,,1292000912,,https://search.worldcat.org/title/1292000912
157,"Lewis, Todd. 2014. Buddhists Understanding Buddhism through the Lives of Practitioners. Newark: John Wiley & Sons.",157_1412,157_218-227,1412,"<p>
Wallace, Vesna. 2014. &ldquo;Bakula Arhat&rsquo;s Journeys to the North: The Life and Work of the Nineteenth Kushok Bakula in Russia and Mongolia.&rdquo; In <em>Buddhists: Understanding Buddhism Through the Lives of Practitioners</em>. Edited by Todd Lewis. Oxford: Blackwell Publishing, pp. 218-227.</p>",218-227,,,1347023518,,https://search.worldcat.org/title/1347023518
158,"Laurent, Yannick. 2023. Spiti: The Gigantic Valley of Many-Hued Strata: Archaeological and Historical Research in the Western Himalayas. Kathmandu, Nepal: Vajra Books.",158_1394,,1394,"<p>Laurent, Yannick. 2023.&nbsp;Spiti:&nbsp;The Gigantic Valley of Many-Hued Strata. <em>Archaeological and Historical Research in the Western Himalayas</em>, 2 vols. Vajra Academic Series vol. 4. Kathmandu: Vajra Books.</p>",,,,1406595303,,https://search.worldcat.org/title/1406595303
159,"Kauffmann, Thomas. 2015. The Agendas of Tibetan Refugees Survival Strategies of a Government-in-Exile in a World of International Organizations. Berghahn Books.",,,1543,"<p>
Kauffmann, Thomas. 2015. <em>The Agendas of Tibetan Refugees: Survival Strategies of a Government-In-Exile in a World of International Organizations</em>. New York, NY: Berghahn Books.</p>",,,,8161078665,,https://search.worldcat.org/title/8161078665
160,"Buswell, Robert E., Donald S. Lopez. 2014. The Princeton Dictionary of Buddhism. Princeton: Princeton University Press.",160_1331,160_601,1331,"<p>
Buswell, Robert E. and Donald S. Lopez Jr. 2014. &quot;Otantapurī&quot; in <em>The Princeton Dictionary of Buddhism</em>. Princeton, NJ: Princeton University Press, p. 601.</p>",601,,,1043470627,,https://search.worldcat.org/title/10434706
160,"Buswell, Robert E., Donald S. Lopez. 2014. The Princeton Dictionary of Buddhism. Princeton: Princeton University Press.",160_1355,160_601,1355,"<p>
Buswell, Robert E. and Donald S. Lopez Jr. 2014. &quot;Vikramaśīla&quot; in The Princeton Dictionary of Buddhism. Princeton, NJ: Princeton University Press, p. 601.</p>",601,,,1043470627,,https://search.worldcat.org/title/10434706
160,"Buswell, Robert E., Donald S. Lopez. 2014. The Princeton Dictionary of Buddhism. Princeton: Princeton University Press.",,,1377,"<p>Buswell, Robert E, Jr., and Donald S. Lopez, Jr., eds. 2014. <em>The Princeton Dictionary of Buddhism</em>. Princeton: University of Princeton Press.</p>",,,,1043470627,,https://search.worldcat.org/title/10434706
160,"Buswell, Robert E., Donald S. Lopez. 2014. The Princeton Dictionary of Buddhism. Princeton: Princeton University Press.",,,1378,"<p>Buswell, Robert E, Jr., and Donald S. Lopez, Jr., eds. 2014. <em>The Princeton Dictionary of Buddhism</em>. Princeton: University of Princeton Press.</p>",,,,1043470627,,https://search.worldcat.org/title/10434706
161,Byams pa chos grags. Chab mdo byams pa gling gi gdan rabs. Chab mdo par 'debs bzo grwa par btab.,161_256,161_82,256,"<p>
Byams pa chos grags. <em>Chab mdo byams pa gling gi gdan rabs</em>. Chamdo: Chab mdo par &#39;debs bzo grwa par btab, p. 82.&nbsp;</p>",82,MW1KG3372,,,,
162,"Bausch, Gerd. 2020. Radiant Compassion: The Life of the 16th Gyalwa Karmapa Rangjung Rigpe Dorje, Vol 2. Darmstadt: Edition Karuna.",162_1502,162_117-118,1502,"<p>
Bausch, Gerd. 2020. <em>Radiant compassion: the life of the 16th Gyalwa Karmapa Rangjung Rigpe Dorje, Vol 2</em>. Darmstadt: Edition Karuna,&nbsp;pp. 117&ndash;118.</p>",117-118,,,,,
163,"Revue d’Etudes Tibétaines, edited by Katia Buffetrille and Françoise Robin. Volume 25, 2012, ""Tibet is burning. Self-Immolation:
ritual or political Protest."" Paris: CNRS.",163_413,163_64-80,413,"<p>
Berounsk&yacute;, Daniel. 2012. &quot;Kīrti Monastery of Ngawa: Its History and Recent Situation.&quot;&nbsp;<em>Revue d&#39;Etudes Tib&eacute;taines</em>, no. 25, pp. 65-80.</p>",64-80,,,,,https://himalaya.socanth.cam.ac.uk/collections/journals/ret/pdf/ret_25.pdf
164,"Brentano, Robyn. “Buxa Chogar: Saving Tibetan Buddhism in Exile.” The Tibet Journal 43, no. 2 (2018): 21–40. ",164_1472,,1472,"<p>
Brentano, Robyn. &quot;Buxa Chogar: Saving Tibetan Buddhism in Exile.&quot; <em>The Tibet Journal </em>43, no. 2 (2018): 21-40.</p>",,,,,,https://www.jstor.org/stable/26634916.
164,"Brentano, Robyn. “Buxa Chogar: Saving Tibetan Buddhism in Exile.” The Tibet Journal 43, no. 2 (2018): 21–40. ",164_1477,,1477,"<p>
Brentano, Robyn. &quot;Buxa Chogar: Saving Tibetan Buddhism in Exile.&quot;&nbsp;<em>The Tibet Journal&nbsp;</em>43, no. 2 (2018): 21-40.</p>",,,,,,https://www.jstor.org/stable/26634916.
164,"Brentano, Robyn. “Buxa Chogar: Saving Tibetan Buddhism in Exile.” The Tibet Journal 43, no. 2 (2018): 21–40. ",164_1473,,1473,"<p>
Brentano, Robyn. &quot;Buxa Chogar: Saving Tibetan Buddhism in Exile.&quot;<em> The Tibet Journal</em> 43, no. 2 (2018): 21-40.</p>",,,,,,https://www.jstor.org/stable/26634916.
165,"Campergue, Cecile. 2013. Le bouddhisme tibétain en France. Histoire, monde et cultures religieuses, n° 25(1), 137-168.",165_1459,,1459,"<p>
Campergue, C&eacute;cile. &quot;Le bouddhisme tib&eacute;tain en France&quot;, <em>Histoire, monde et cultures religieuses</em>, vol. 25, no. 1, 2013, pp. 137-168.</p>",,,,,,https://doi.org/10.3917/hmc.025.0137
166,"Cantwell, Cathy. “Rewalsar: Tibetan Refugees in A Buddhist Sacred Place.” The Tibet Journal 20, no. 1 (1995): 3–9.",166_1081,,1081,"<p>
Cantwell, Cathy. &quot;Rewalsar: Tibetan Refugees in A Buddhist Sacred Place.&quot;&nbsp;<em>The Tibet Journal</em>&nbsp;20, no. 1 (1995): 3-9.",,,,,,https://www.jstor.org/stable/43305793
167,"Isabelle Charleux. Mongol pilgrimages to Wutaishan in the late Qing Dynasty. Journal of the International Association of Tibetan Studies, 2011, Special Issue on Wutaishan under the Qing dynasty, no. 6.",167_1140,,1140,"<p>
Charleux, Isabelle. &ldquo;Mongol Pilgrimages to Wutai Shan in the Late Qing Dynasty.&rdquo;&nbsp;<em>Journal of the International Association of Tibetan Studies</em>, no. 6 (December 2011).",,,,,,https://shs.hal.science/halshs-00702794
168,"Clarke, Peter B. 2006. New Religions in Global Perspective: A Study of Religious Change in the Modern World. London: Routledge.",168_1460,,1460,"<p>
Clarke, Peter B. 2006. New Religions in Global Perspective: A Study of Religious Change in the Modern World. London: Routledge, p. 88.</p>",,,,253525284,,https://search.worldcat.org/title/253525284
169,"Crossette, Barbara. 2001. ""Buddhism takes root in bleakness of Canada."" The New York Times. September 19, 2001.
",169_1443,,1443,"<p>
Crossette, Barbara. &quot;Buddhism takes root in bleakness of Canada.&quot; <em>New York Times</em>, September 19, 2001, A1.</p>",,,,,,https://www.nytimes.com/2001/09/19/world/buddhism-takes-root-in-bleakness-of-canada.html
170,"Dederer, Claire. 2007. ""The Inner Scholar."" New York Times, November 4, 2007.",170_1442,,1442,"<p>
Dederer, Claire. 2007. &ldquo;The Inner Scholar.&rdquo; New York Times, November 4, 2007.</p>",,,,,,https://www.nytimes.com/2007/11/04/education/edlife/naropa.html
171,"Quentin Devers, ""Buddhism before the First Diffusion? The case of Tangol, Dras, Phikhar and Sani-Tarungtse in Purig and Zanskar (Ladakh)"", Études mongoles et sibériennes, centrasiatiques et tibétaines, 51, 2020.",171_1305,,1305,"<p>
Devers, Quentin. &quot;Buddhism before the First Diffusion? The case of Tangol, Dras, Phikhar and Sani-Tarungtse in Purig and Zanskar (Ladakh) &quot;. In <em>&Eacute;tudes mongoles et sib&eacute;riennes, centrasiatiques et tib&eacute;taines</em>, 51 | 2020, mis en ligne le 09 d&eacute;cembre 2020, consult&eacute; le 22 janvier 2021</p>",,,,,,https://doi.org/10.4000/emscat.4226
172,"Dorjey, Skalzang. “Ladakh Monastic Art and Architecture: A Case Study of Its Developmental Perspective in Relation with Tibet.” The Tibet Journal 41, no. 2 (2016): 21–28.",172_1406,,1406,"<p>
Dorjey, Skalzang. &quot;Ladakh Monastic Art and Architecture: A Case Study of Its Developmental Perspective in Relation with Tibet.&quot; <em>The Tibet Journal</em> 41, no. 2 (2016): 21-28.</p>",,,,,,https://www.jstor.org/stable/tibetjournal.41.2.21
173,"Dorji, Khandu-Om. ""A brief history of Bhutan House in Kalimpong."" Journal of Bhutan Studies 19, no. 2 (2008): 9-33.",173_1099,,1099,"<p>
Dorji, Khandu-Om. &quot;A brief history of Bhutan House in Kalimpong.&quot; <em>Journal of Bhutan Studies </em>19, no. 2 (2008): 9-33.</p>",,,,,,https://www.bhutanstudies.org.bt/publicationFiles/JBS/JBS_Vol19/19-2.pdf
174,"Reynolds, Elizabeth Joy. 2020. “Tibet Incorporated: Institutional Power and Economic Practice on the Sino-Tibetan Borderland 1930-1950.” PhD Dissertation, Columbia University.",174_266,,266,"<p>
Elizabeth Reynolds. 2022. &quot;Tibet Incorporated: Institutional Power and Economic Practice on the Sino-Tibetan Borderland 1930-1950.&quot; Ph.D. dissertation, Columbia University.</p>",,,,1222808262,,https://search.worldcat.org/en/title/1222808262
175,"Epstein, Lawrence, and Peng Wenbin. “Ganja and Murdo: The Social Construction of Space at Two Pilgrimage Sites in Eastern Tibet.” The Tibet Journal 19, no. 3 (1994): 21–45.",175_1621,,1621,"<p>
Epstein,&nbsp;Lawrence, and Peng Wenbin. 1994. &quot;Ganja and Murdo: The Social Construction of Space at Two Pilgrimage Sites in Eastern Tibet.&quot; <em>The Tibet Journal</em>, vol. 19, no. 3: <em>Powerful Places and Spaces in Tibetan Religious Culture</em>, pp. 21-45.</p>",,,,,,https://www.jstor.org/stable/43300513
176,"Erschbamer, Marlene. 2014. ""The Monastery bKa' brgyud dgon gsar in the Chumbi Valley: The 'Ba' ra ba bKa' brgyud pa school and its connection with Sikkim.""Bulletin of Tibetology, vol. 50, no.1–2, pp. 117-132.",176_1549,,1549,"<p>
Erschbamer, Marlene. 2014. &quot;The Monastery bKa&#39; brgyud dgon gsar in the Chumbi Valley: The &#39;Ba&#39; ra ba bKa&#39; brgyud pa school and its connection with Sikkim.&quot;Bulletin of Tibetology, vol. 50, no.1&ndash;2, pp. 117-132.&nbsp;</p>",,,,,,https://www.researchgate.net/publication/322656235_The_Monastery_bKa'_brgyud_dgon_gsar_in_the_Chumbi_Valley_The_'Ba'_ra_ba_bKa'_brgyud_pa_school_and_its_connection_with_Sikkim
176,"Erschbamer, Marlene. 2016. ""Where the Roads from Tibet, India, and Bhutan Meet: The Monastery bKa' brgyud dgon gsar in the Chumbi Valley."" ZAS, vol. 45, pp. 451–466.",176_1549,,1549,"<p>
Erschbamer, Marlene. 2016. &quot;Where the Roads from Tibet, India, and Bhutan Meet: The Monastery bKa&#39; brgyud dgon gsar in the Chumbi Valley.&quot; ZAS, vol. 45, pp. 451&ndash;466.</p>",,,,,,https://www.researchgate.net/publication/328281987_Where_the_roads_from_Tibet_India_and_Bhutan_meet_The_monastery_bKa'_brgyud_dgon_gsar_in_the_Chumbi_valley
177,"Erschbamer, Marlene. 2018. Tibetan Troops Fighting the “Enemy of Buddhist Doctrine” (bstan dgra): The Invasions of the Gorkhas as Witnessed by Two Tibetan Masters of the Barawa (’Ba’ ra ba) Tradition."" Cahiers d'Extrême-Asie, vol. 27, pp. 121-137.",177_1546,,1546,"<p>
Erschbamer, Marlene. 2018. Tibetan Troops Fighting the &ldquo;Enemy of Buddhist Doctrine&rdquo; (<em>bstan dgra</em>): The Invasions of the Gorkhas as Witnessed by Two Tibetan Masters of the Barawa (&rsquo;Ba&rsquo; ra ba) Tradition.&quot;&nbsp;<em>Cahiers d&#39;Extr&ecirc;me-Asie</em>, vol.&nbsp; 27,&nbsp;pp. 121-137.</p>",,,,,,https://doi.org/10.3406/asie.2018.1509
178,"Erschbamer, Marlene. 2019. ""Taming of supernatural entities and animal sacrifice. The synthesis of Tibetan Buddhism and local shamanistic traditions in Northern Sikkim (India)."" Études mongoles et sibériennes, centrasiatiques et tibétaines, vol. 50.",178_1552,,1552,"<p>
Erschbamer, Marlene. 2019. &quot;Taming of supernatural entities and animal sacrifice. The synthesis of Tibetan Buddhism and local shamanistic traditions in Northern Sikkim (India).&quot;&nbsp;<em>&Eacute;tudes mongoles et sib&eacute;riennes,</em>&nbsp;<em>centrasiatiques et tib&eacute;taines</em>, vol. 50.</p>",,,,,,https://journals.openedition.org/emscat/3915
179,"Cüppers, Christoph ed. 2004. The Relationship between Religion and State (Chos Srid Zung ’Brel) in Traditional Tibet: Proceedings of a Seminar Held in Lumbini, Nepal, March 2000. Lumbini: Lumbini International Research Institute.",179_275,,275,"<p>
Everding, Karl-Heinz. 2004. &ldquo;rNying ma pa Lamas at the Court of Mang yul Gung thang: The Meeting of gTer ston bsTan gnyis gling pa with King Kun bzang nyi zla grags pa.&rdquo; In Christopher Cuppers, editor, <em>The Relationship Between Religion and State </em>(<em>chos srid zung &#39;brel</em>)<em> In Traditional Tibet</em>. Lumbini: Lumbini International Research Institute.</p>",,,,61029520,,https://search.worldcat.org/en/title/61029520
180,"Irina Garri. ""The rise of the Five Hor States of Northern Kham. Religion and politics in the Sino-Tibetan borderlands"", Études mongoles et sibériennes, centrasiatiques et tibétaines, 51, 2020.",180_266,,266,"<p>
Garri,&nbsp;Irina. 2020. &quot;The rise of the Five Hor States of Northern Kham. Religion and politics in the Sino-Tibetan borderlands.&quot;&nbsp;<em>&Eacute;tudes mongoles et sib&eacute;riennes, centrasiatiques et tib&eacute;taines</em>, vol. 51.</p>",,,,,,https://doi.org/10.4000/emscat.4631
180,"Irina Garri. ""The rise of the Five Hor States of Northern Kham. Religion and politics in the Sino-Tibetan borderlands"", Études mongoles et sibériennes, centrasiatiques et tibétaines, 51, 2020.",180_1608,,1608,"<p>
Garri. 2020. &quot;The rise of the Five Hor States of Northern Kham. Religion and politics in the Sino-Tibetan borderlands.&quot; <em>&Eacute;tudes mongoles et sib&eacute;riennes, centrasiatiques et tib&eacute;taines</em> vol. 51.</p>",,,,,,https://doi.org/10.4000/emscat.4631
181,"Blo-gter-dbaṅ-po, Ṅag-dbaṅ-blo-gros-sñiṅ-po, and Ngag-dbang-legs-pa. 1983. Lam ʼbras Slob BśAd: The Sa-Skya-Pa Teachings of the Path and the Fruit, according to the Tshar-Pa Transmission. Dehra Dun, U.P.: Sakya Centre.",181_1492,181_389-414,1492,"<p>
Gdong thog bstan pa&rsquo;i rgyal mtshan. 1983. <em>Rje btsun bla ma dpal e waM khang gsar mkhan chen gnag dbang blo gros gzhan phan snying po&#39;i rnam thar mdor bsdus dad pa&#39;i sbyangs snyan</em>. In <em>Lam &#39;bras slob bshad: The Sa-skya-pa Teachings of the Path and Fruit, According to the Tshar-pa Transmission</em>. Sa skya Lam &#39;bras Literature Series, vol 8, pp. 389-414. Rajpur, Sakya Center.",389-414,,,10314796,,https://search.worldcat.org/title/10314796
182,"Gerke, Barbara. “Men-Tsee-Khang Celebrations on Its 100th Anniversary A Report from Dharamsala, India.” The Tibet Journal 43, no. 1 (2018): 161–68. ",182_1530,,1530,"<p>
Gerke, Barbara. &quot;Men-Tsee-Khang Celebrations on its 100th Anniversary A Report from Dharamsala, India.&quot;<em>&nbsp;The Tibet Journal&nbsp;</em>43, no. 1 (2018): 161-168.</p>",,,,,,https://www.jstor.org/stable/26634908
183,"Diemberger, Hildegard, Franz-Karl Ehrhard, and Peter F. Kornicki, eds. 2016. Tibetan Printing: Comparisons, Continuities and Change. Leiden: Brill.",183_415,183_369-393,415,"<p>
Gyaltsen, Dorji. &quot;16 Early Book Production and Printing in Bhutan.&quot; In <em>Tibetan Printing: Comparison, Continuities, and Change</em>, pp. 369-393. Brill, 2016.&nbsp;</p>",369-393,,,938394122,,https://search.worldcat.org/title/938394122
184,"Caumanns, Volker, Marta Sernesi, Nikolai Solmsdorf, and Franz-Karl Ehrhard. 2019. Unearthing Himalayan Treasures Festschrift for Franz-Karl Ehrhard. [1. Auflage]. Marburg: Indica et Tibetica Verlag.",184_128,184_235-258,128,"<p>Jackson, David. 2019. &quot;History of Nālendra Monastery: Sources and Some Recent Findings.&quot; In&nbsp;Unearthing Himalayan Treasures: Festschrift for Franz-Karl Ehrhard, pp. 235-258. Marburg, Indica et Tibetica Verlag.</p>",235-258,,,1097673192,,https://search.worldcat.org/title/1097673192
185,"
Jackson, David. 2021. ""Seventeen Lists of Sakya Monasteries.""",185_1592,,1592,"<p>
Jackson, David. 2021. &quot;Seventeen Lists of Sakya Monasteries.&quot.</p>",,,,,,https://www.academia.edu/50986308/Seventeen_Lists_of_Sakyapa_Monasteries_04_
185,"
Jackson, David. 2021. ""Seventeen Lists of Sakya Monasteries.""",185_1595,,1595,"<p>Jackson, David. 2021. &quot;Seventeen Lists of Sakya Monasteries.&quot.</p>",,,,,,https://www.academia.edu/50986308/Seventeen_Lists_of_Sakyapa_Monasteries_04_
186,"Cahiers d'Extrême-Asie, vol. 27, 2018. Le bouddhisme et l'armée au Tibet pendant la période du Ganden Phodrang (1642-1959) / Buddhism and the Millitary in Tibet during the Ganden Phodrang Period (1642-1959)",186_266,186_139-171,266,"<p>
Kobayashi Ryōsuke. 2018. &quot;Militarisation of Dargy&eacute; Monastery: Contested Borders on the Sino-Tibetan Frontier during the Early Twentieth Century.&quot; Cahiers d&#39;Extr&ecirc;me-Asie, vol. 27,&nbsp;pp. 139&ndash;171.</p>",139-171,,,,,https://doi.org/10.3406/asie.2018.1510
187,Rtses thang las chen kun dga' rgyal mtshan. 2003. bKa' gdams chos 'byung gsal ba'i sgron me. Lha sa: Bod ljongs mi dmangs dpe skrun khang.,187_1437,187_473,1437,"<p>
Las chen kun dga&#39; rgyal mtshan. 2003. <em>Bka&#39; gdams chos &#39;byung gsal ba&#39;i sgron me</em>. Lhasa: Bod ljongs mi dmangs dpe skrun khang, p. 473.</p>",473,MW26009,,,,
188,"Revue d’Etudes Tibétaines. Volume 29, 2014. Paris: CNRS.",188_1394,188_103-152,1394,"<p>
Laurent, Lobsang Nyima (Yannick). 2014. &ldquo;The Upper Temple of Dangkhar Monastery&mdash; Iconographical Capharna&uuml;m or Political Man&oelig;uvre.&rdquo; <em>Revue d&rsquo;Etudes Tib&eacute;taines</em>, no. 29, pp. 103-153.</p>",103-152,,,,,http://himalaya.socanth.cam.ac.uk/collections/journals/ret/pdf/ret_29_06.pdf
189,"Laurent, Yannick. 2019. Dangkhar: The Rgyal sa of Spiti. Archaeological and Historical Research in the Western Himalayas. University of Oxford (PhD Dissertation).",189_1394,,1394,"<p>
Laurent, Yannick. 2019. <em>Dangkhar: The Rgyal sa of Spiti. Archaeological and Historical Research in the Western Himalayas</em>. University of Oxford (PhD Disseratation).</p>",,,,,,https://ora.ox.ac.uk/objects/uuid:fcc23944-02df-4e39-8273-059e2bbde318
190,"Lee, Michelle J. “Buddhism Practice Evolves as Faith’s Followers Multiply.” The Poughkeepsie Journal. Poughkeepsie, N.Y: Gannett Co., Inc, 2004.",190_1461,,1461,"<p>
Lee, Michelle J. &ldquo;Buddhism Practice Evolves as Faith&rsquo;s Followers Multiply.&rdquo;<em> The Poughkeepsie Journal</em>. Poughkeepsie, N.Y: Gannett Co., Inc, 2004.</p>",,,,,,
191,"Hacker, Andrea, ed. 2016. The Journal of Transcultural Studies 7 (1):1-3.",191_1524,191_86-120,1524,"<p>
Martin, Emma. &quot;Translating Tibet in the Borderlands: Networks, Dictionaries, and Knowledge Production in Himalayan Hill Stations.&quot;<em> The Journal of Transcultural Studies</em> 7, no. 1 (2016): 86-120.</p>",86-120,,,,,https://doi.org/10.17885/heiup.ts.23582
192,"McConnell, Fiona. 2016. Rehearsing the State the Political Practices of the Tibetan Government-in-Exile. Chichester, West Sussex, UK, Chichester, West Sussex, UK: Wiley Blackwell.",192_1543,,1543,"<p>
McConnell, Fiona. 2016. <em>Rehearsing the State: The Political Practices of the Tibetan Government-In-Exile</em>. New York: John Wiley &amp; Sons.</p>",,,,949244757,,https://search.worldcat.org/title/949244757
193,"McCue, Gary. 1999. Trekking in Tibet: A Traveler’s Guide. 2nd ed. Seattle: Mountaineers.",193_989,193_248,989,"<p>
McCue, Gary. 1999.&nbsp;<em>Trekking in Tibet: A Traveler&#39;s Guide</em>. Seattle: Mountaineers, p. 248.</p>",248,,,633410615,,https://search.worldcat.org/title/633410615
194,"McGovern, Bob. 2009. ""Naropa University: 1974."" Boulder County Business Report 28 (4): 1.",194_1442,,1442,"<p>
McGovern, Bob. 2009. &quot;Naropa University: 1974.&quot;&nbsp;<em>Boulder County Business Report</em>&nbsp;28 (4): 1.</p>",,,,,,
195,"McKenzie, John. 2012. “Tartan Buddhists: A Typology for Understanding Participation in a Tibetan Buddhist Organization in Scotland”. Fieldwork in Religion 7 (1): 8-28.",195_1395,,1395,"<p>
McKenzie, John. 2012. &ldquo;Tartan Buddhists: A Typology for Understanding Participation in a Tibetan Buddhist Organization in Scotland&rdquo;. <em>Fieldwork in Religion</em> 7 (1):8-28.</p>",,,,,,https://doi.org/10.1558/firn.v7i1.8
196,"Melton, J. Gordon. 1999. Religious Leaders of America  A Biographical Guide to Founders and Leaders of Religious Bodies, Churches, and Spiritual Groups in North America. Detroit, MI: Gale Research.",196_1452,196_290,1452,"<p>
Melton,&nbsp;J. Gordon. 1999.&nbsp;<em>Religious leaders of America: a biographical guide to founders and leaders of religious bodies, churches, and spiritual groups in North America</em>. Detroit, MI: Gale Research, p. 290.&nbsp;</p>",290,,,41000889,,https://search.worldcat.org/title/41000889
197,"Mgon po dbang rgyal. 2000. Rgyal rabs lo tshigs shes bya mang ʼdus mkhas paʼi spyi nor. Pe cin: mi rigs dpe skrun khang.
",197_504,197_429,504,"<p>
Mgon po dbang rgyal. 2000. <em>Rgyal rabs lo tshigs shes bya mang 'dus mkhas pa'i spyi nor</em>.&nbsp; Pe cin: Mi rigs dpe skrun khang, p. 429.</p>",429,MW21015,,,,
198,"Midal, Fabrice. 2004. Chögyam Trungpa: His Life and Vision. Boston: Shambhala.",198_1448,198_12-13,1448,"<p>
Midal,&nbsp;Fabrice.&nbsp;2004. <em>Chogyam Trungpa: His Life and Vision</em>.&nbsp;United States:&nbsp;Shambhala, pp. 12-13.</p>",12-13,,,859074667,,https://search.worldcat.org/title/859074667
199,Mkhan chen 'jam dbyangs rgyal mtshan. 1996. Kaḥthog pa'i lo rgyus mdor bsdus. khreng tu’u: si khron mi rigs dpe skrun khang.,199_1097,199_167,1097,"<p>
mkhan chen &#39;jam dbyangs rgyal mtshan. 1996.<em> kaḥ thog pa&#39;i lo rgyus mdor bsdus</em>. khreng tu&rsquo;u: si khron mi rigs dpe skrun khang, p. 167</p>",167,MW20396,,,,
199,Mkhan chen 'jam dbyangs rgyal mtshan. 1996. Kaḥthog pa'i lo rgyus mdor bsdus. khreng tu’u: si khron mi rigs dpe skrun khang.,199_1014,199_143,1014,"<p>
mKhan chen 'jam dbyangs rgyal mtshan. 1996. <em>Kaḥ thog pa'i lo rgyus mdor bsdus</em>. 1 vols. Khreng Tu&rsquo;u: Si khron mi rigs dpe skrun khang, p. 143.</p>",143,MW20396,,,,
199,Mkhan chen 'jam dbyangs rgyal mtshan. 1996. Kaḥthog pa'i lo rgyus mdor bsdus. khreng tu’u: si khron mi rigs dpe skrun khang.,199_1013,199_166,1013,"<p>
mkhan chen 'jam dbyangs rgyal mtshan. 1996. <em>KaH thog pa'i lo rgyus mdor bsdus</em>. 1 vols. Khreng Tu&rsquo;u: Si khron mi rigs dpe skrun khang, p. 166.</p>",166,MW20396,,,,
199,Mkhan chen 'jam dbyangs rgyal mtshan. 1996. Kaḥthog pa'i lo rgyus mdor bsdus. khreng tu’u: si khron mi rigs dpe skrun khang.,199_1016,199_133,1016,"<p>
mkhan chen 'jam dbyangs rgyal mtshan. 1996.<em> kaH thog pa'i lo rgyus mdor bsdus</em>. 1 vols. Khreng Tu&rsquo;u: Si khron mi rigs dpe skrun khang, p. 133.</p>",133,MW20396,,,,
199,Mkhan chen 'jam dbyangs rgyal mtshan. 1996. Kaḥthog pa'i lo rgyus mdor bsdus. khreng tu’u: si khron mi rigs dpe skrun khang.,199_1010,199_167,1010,"<p>mkhan chen 'jam dbyangs rgyal mtshan.&nbsp;1996. <em>kaH thog pa'i lo rgyus mdor bsdus</em>. 1 vol. Khreng Tu&rsquo;u: Si khron mi rigs dpe skrun khang, p. 167.</p>",167,MW20396,,,,
200,"Mkhan po rtogs grol. 2000. Dbur stod 'bri gung nyi lcang bshad sgrub rab rgyas gling gi lo rgyus dang mkhan po rim byon gyi rnam thar. Dehra Dun, Uttaranchal: 'bri gung bka' brgyud gtsug lag slob gnyer khang.",200_1051,,1051,"<p>
mkhan po rtogs grol. 2000. <em>dbur stod &#39;bri gung nyi lcang bshad sgrub rab rgyas gling gi lo rgyus dang mkhan po rim byon gyi rnam thar</em>. Dehra Dun, Uttaranchal: &#39;bri gung bka&#39; brgyud gtsug lag slob gnyer khang.</p>",,MW1KG14665,,,,
201,Mkhan po skal ldan tshe ring. 2000. sde dge dgon chen dgon paʼi lo rgyus.,201_207,,207,"<p>
Mkhan po skal ldan tshe ring. 2000. <em>sde dge dgon chen dgon pa'i lo rgyus</em>.&nbsp;</p>",,MW29041,,,,
202,Mkhas dbang byams pa 'phrin las. 2000. Bod gyi sman pa rim byon gyi rnam thar phyogs bsgrigs. Pe cin: Mi rigs dpe skrun khang,202_1036,202_224-225,1036,"<p>
Mkhas dbang byams pa &#39;phrin las. 2000. <em>Bod gyi sman pa rim byon gyi rnam thar phyogs bsgrigs</em>. Pe cin: Mi rigs dpe skrun khang, pp. 224-225.</p>",224-225,MW17722,,,,
202,Mkhas dbang byams pa 'phrin las. 2000. Bod gyi sman pa rim byon gyi rnam thar phyogs bsgrigs. Pe cin: Mi rigs dpe skrun khang,202_106,202_249,106,"<p>
mkhas dbang byams pa 'phrin las. <em>bod gyi sman pa rim byon gyi rnam thar phyogs bsgrigs</em>. Pe cin: mi rigs dpe skrun khang, p. 249.</p>",249,MW17722,,,,
203,Mkhyen brtseʼi dbang po. 1977-1980. Gsung ʼbum mkhyen brtseʼi dbang po. Gangtok: Gonpo Tseten.,203_538,203_334,538,"<p>
mkhyen brtse&#39;i dbang po. <em>gsung &#39;bum mkhyen brtse&#39;i dbang po</em>. Gangtok: gonpo tseten, 1977-1980, Vol. 18, p. 334.</p>",334,MW21807,,,,
203,Mkhyen brtseʼi dbang po. 1977-1980. Gsung ʼbum mkhyen brtseʼi dbang po. Gangtok: Gonpo Tseten.,203_1131,203_438,1131,"<p>
mkhyen brtse&#39;i dbang po. 1977-1980. <em>Gsung &#39;bum mkhyen brtse&#39;i dbang po</em>, vol. 18. Gangtok: Gonpo Tseten, p. 438.</p>",438,MW21807,,,,
203,Mkhyen brtseʼi dbang po. 1977-1980. Gsung ʼbum mkhyen brtseʼi dbang po. Gangtok: Gonpo Tseten.,203_554,203_320,554,"<p>
Mkhyen brtse'i dbang po. 1977-1980. <em>Gsung 'bum mkhyen brtse'i dbang po</em>, vol. 18, p. 320. Gangtok: Gonpo Tseten.&nbsp;</p>",320,MW21807,,,,
204,"Mullard, Saul. 2003. ""Brag dkar bkra shis sdings kyi sku 'bum: The Text, the Author, the Stupa and its Importance in the Formation of Religious Politics in Sikkim."" Bulletin of Tibetology, vol. 39, no. 1, pp. 13–24.",204_1144,,1144,"<p>
Mullard, Saul. 2003. &quot;Brag dkar bkra shis sdings kyi sku &#39;bum: The Text, the Author, the Stupa and its Importance in the Formation of Religious Politics in Sikkim.&quot;&nbsp;<em>Bulletin of Tibetology</em>, vol. 39, no. 1, pp. 13&ndash;24.</p>",,,,,,
205,"Nashold, James. ""The DGe-lugs-pa Tradition of Tibetan Buddhism in the United States: A Portrait of Geshe Wangyal."" The Tibet Journal 6, no. 1 (1981): 31-38.",205_1479,,1479,"<p>
Nashold, James. &quot;The DGe-lugs-pa Tradition of Tibetan Buddhism in the United States: A Portrait of Geshe Wangyal.&quot; <em>The Tibet Journal</em> 6, no. 1 (1981): 31-38.</p>",,,,,,https://www.jstor.org/stable/43300006
206,Blo bzang chos ʼbyor. 2007. Bod kyi dgon sde khag gcig gi ngo sprod mdor bsdus. Pe cin: Mi rigs dpe skrun khang.,206_1176,206_101,1176,"<p>Blo bzang chos 'byor. 2007. <em>Bod kyi dgon sde khag gcig gi ngo sprod mdor bsdus</em>. Pe cin: Mi rigs dpe skrun khang, p. 101.</p>",101,MW1KG4853,,,,
207,Ngag dbang blo bzang rgya mtsho. 2014. The Illusive Play: The Autobiography of the Fifth Dalai Lama. . Translated by Samten Gyaltsen Karmay. Chicago: Serindia Publications.,207_1253,207_66,1253,"<p>
Ngag dbang blo bzang rgya mtsho, and Samten Gyaltsen Karmay. 2014. <em>The illusive play: the autobiography of the Fifth Dalai Lama</em>. Chicago: Serindia Publications, p. 66.</p>",66,,,905200904,,https://search.worldcat.org/title/905200904
207,Ngag dbang blo bzang rgya mtsho. 2014. The Illusive Play: The Autobiography of the Fifth Dalai Lama. . Translated by Samten Gyaltsen Karmay. Chicago: Serindia Publications.,207_1285,,1285,"<p>
Ngag dbang blo bzang rgya mtsho. 2014.<em> The Illusive Play: The Autobiography of the Fifth Dalai Lama</em>. Translated by Samten Gyaltsen Karmay. Chicago: Serindia Publications.</p>",,,,905200904,,https://search.worldcat.org/title/905200905
208,Ngag dbang blo bzang rgya mtsho. 2009. Gsung 'bum ngag dbang blo bzang rgya mtsho. Beijing: krung go'i bod rig pa dpe skrun khang.,208_1198,208_162-180,1198,"<p>
Ngag dbang blo bzang rgya mtsho. 2009. &quot;gzhis ka snel pa dang / rgyal mkhar rtse pa/ &#39;ol kha pa sogs kyi skor/.&quot; In <em>gsung &#39;bum ngag dbang blo bzang rgya mtsho</em>. Beijing: krung go&#39;i bod rig pa dpe skrun khang. pp. 162 - 180.</p>",162-180,MW1PD107937,,,,
209,"Nietupski, Paul Kocot. 2012. Labrang Monastery: A Tibetan Buddhist Community on the Inner Asian Borderlands, 1709-1958. Lanham: Lexington",209_41,,41,"<p>
Nietupski, Paul Kocot. 2012. <em>Labrang Monastery: a Tibetan Buddhist Community on the Inner Asian Borderlands, 1709-1958</em>. Lanham: Lexington Books.&nbsp;</p>",,,,855502134,,https://search.worldcat.org/title/855502134
209,"Nietupski, Paul Kocot. 2011. Labrang Monastery: A Tibetan Buddhist Community on the Inner Asian Borderlands, 1709-1958. Lanham, Md: Lexington Books.",209_1522,209_21,1522,"<p>
Nietupski, Paul. 2011. <em>Labrang Monastery: a Tibetan Buddhist Community on the Inner Asian Borderlands, 1709-1958</em>. Lanham, MD: The Rowman &amp; Littlefield Publishing Group, p. 21.</p>",21,,,778582649,,https://search.worldcat.org/title/778582649
209,"Nietupski, Paul Kocot. 2011. Labrang Monastery: A Tibetan Buddhist Community on the Inner Asian Borderlands, 1709-1958. Lanham, Md: Lexington Books.",209_1523,209_20-21,1523,"<p>
Nietupski, Paul. 2011. <em>Labrang Monastery: A Tibetan Buddhist Community on the Inner Asian Borderlands, 1709-1958</em>. Lanham, MD: The Rowman &amp; Littlefield Publishing Group, pp. 20-21.</p>",20-21,,,778582649,,https://search.worldcat.org/title/778582649
209,"Nietupski, Paul Kocot. 2011. Labrang Monastery: A Tibetan Buddhist Community on the Inner Asian Borderlands, 1709-1958. Lanham, Md: Lexington Books.",209_921,,921,"<p>
Nietupski, Paul. 2011. <em>Labrang Monastery: A Tibetan Buddhist Community on the Inner Asian Borderlands, 1709-1958</em>. Lanham, MD: The Rowman &amp; Littlefield Publishing Group.</p>",,,,778582649,,https://search.worldcat.org/title/778582649
209,"Nietupski, Paul Kocot. 2011. Labrang Monastery: A Tibetan Buddhist Community on the Inner Asian Borderlands, 1709-1958. Lanham, Md: Lexington Books.",209_922,209_21,922,"<p>
Nietupski, Paul. 2011.&nbsp;<em>Labrang Monastery: A Tibetan Buddhist Community on the Inner Asian Borderlands, 1709-1958</em>. Lanham, MD: The Rowman &amp; Littlefield Publishing Group, pp. 21.</p>",21,,,778582649,,https://search.worldcat.org/title/778582649
209,"Nietupski, Paul Kocot. 2011. Labrang Monastery: A Tibetan Buddhist Community on the Inner Asian Borderlands, 1709-1958. Lanham, Md: Lexington Books.",209_920,,920,"<p>
Nietupski, Paul. 2011.&nbsp;<em>Labrang Monastery: a Tibetan Buddhist Community on the Inner Asian Borderlands</em>, 1709-1958. Lanham, MD: The Rowman &amp; Littlefield Publishing Group.</p>",,,,778582649,,https://search.worldcat.org/title/778582649
209,"Nietupski, Paul Kocot. 2011. Labrang Monastery: A Tibetan Buddhist Community on the Inner Asian Borderlands, 1709-1958. Lanham, Md: Lexington Books.",209_923,209_19-20,923,"<p>
Nietupski, Paul. 2011.<em> Labrang Monastery: a Tibetan Buddhist Community on the Inner Asian Borderlands, 1709-1958</em>. Lanham, MD: The Rowman &amp; Littlefield Publishing Group, pp. 19-20.</p>",19-20,,,778582649,,https://search.worldcat.org/title/778582649
210,"Nor brang o rgyan, ed. 2014. Paṇ chen sku phreng dang po nas sku phreng bzhi pa'i bar gyi rnam thar. Pe cin: Krung go'i bod rig pa dpe skrun khang.",210_188,210_91,188,"<p>
nor brang o rgyan, ed. 2014. <em>Paṇ chen sku phreng dang po nas sku phreng bzhi pa&#39;i bar gyi rnam thar</em>. Pe cin: Krung go&#39;i bod rig pa dpe skrun khang, p. 91.</p>",91,MW2PD17394,,,,
211,Nyag ras se ba. 2008. Grub thob nyag re se bo'i skyes rabs rnam thar ma 'ong lung bstan zhal chems nyams mgur. Dharamsala: 'Gro phan gtsug lag dpe skrun khang dang / a myes rma chen bod kyi rig gzhung zhib 'jug khang.,211_945,,945,"<p>
Nyag ras se ba. 2008. <em>Grub thob nyag re se bo&#39;i skyes rabs rnam thar ma &#39;ong lung bstan zhal chems nyams mgur</em>. Dharamsala: &#39;Gro phan gtsug lag dpe skrun khang dang / a myes rma chen bod kyi rig gzhung zhib &#39;jug khang.</p>",,MW1KG14815,,,,
212,O rgyan brtson 'grus. 1999. Dar thang dgon pa'i gdan rabs. Chengdu: Si khron mi rigs dpe skrun khang.,212_567,,567,"<p>
O rgyan brtson &#39;grus. 1999.&nbsp;<em>Dar thang dgon pa&#39;i gdan rabs / Gsang chen snga &#39;gyur bstan pa&#39;i mnga bdag rgyal dbang dpal yul ba&#39;i chos sde chen po dar thang mdo sngags bshad sgrub chos &#39;khor dar rgyas gling gi gdan rabs kyi byung ba gsal bar brjod pa dri med gser gyi &#39;phreng mdzes gzur gnas mkhas kun dgyes pa&#39;i mgul rgyan</em>. Chengdu: Si khron mi rigs dpe skrun khang.</p>",,MWA20028,,,,
213,"Pacheco, Ana. 2016. A History of Spirituality in Santa Fe: The City of Holy Faith. Charleston, SC: Published by the History Press.",213_1458,,1458,"<p>
Pacheco,&nbsp;Ana. 2016. A History of Spirituality in Santa Fe: The City of Holy Faith.&nbsp;United States:&nbsp;Arcadia Publishing Incorporated.</p>",,,,950613449,,https://search.worldcat.org/title/950613449
214,Padma dkar po. 1973-1974. Gsung 'bum pad+ma dkar po. Darjeeling: kargyud sungrab nyamso khang,214_997,214_224,997,"<p>
padma dkar po. 1973-1974. gsung &#39;bum pad+ma dkar po. Darjeeling: kargyud sungrab nyamso khang, Vol. 3, p. 224.</p>",224,MW10736,,,,
215,"Pearcey, Adam. 2015. “The Curricula of Tibetan Buddhist Commentarial Schools (Bshad Grwa): Traditional Models and Some Recent Adaptations.” Contemporary Buddhism 16 (2): 451–61.",215_688,,688,"<p>
Pearcey, Adam. 2015. &quot;The Curricula of Tibetan Buddhist Commentarial Schools (bshad grwa): Traditional Models and Some Recent Adaptations&quot;, <em>Contemporary Buddhism</em>, 16:2, 451-461.",,,,,,https://doi.org/10.1080/14639947.2015.1026151
216,Per nyi ma ʼdzin. 2007. Dgon lung byams pa gling gi gdan rabs zur rgyan gʹyas ʼkhyil dung gi sgra dbyangs.,,,156,"<p>
Per nyi ma 'dzin. 2007.<em>Dgon lung byams pa gling gi gdan rabs zur rgyan gʹyas 'khyil dung gi sgra dbyangs.</em></p>",,MW4CZ315253,,,,
217,"Petech, Luciano. 1973. Aristocracy and Government in Tibet, 1728-1959. Roma: Istituto italiano per il Medio ed Estremo Oriente.",217_845,217_32-39,845,"<p>
Petech, Luciano. 1973. <em>Aristocracy and government in Tibet, 1728-1959</em>. Roma: Istituto italiano per il Medio ed Estremo Oriente, pp. 32-39.</p>",32-39,,,901625,,https://search.worldcat.org/title/901625
217,"Petech, Luciano. 1973. Aristocracy and Government in Tibet, 1728-1959. Roma: Istituto italiano per il Medio ed Estremo Oriente.",217_1495,217_159-185,1495,"<p>
Petech, Luciano. 1973. <em>Aristocracy and Government in Tibet</em>. Leiden: Brill, pp. 159-185</p>",159-185,,,901625,,https://search.worldcat.org/title/901625
217,"Petech, Luciano. 1973. Aristocracy and Government in Tibet, 1728-1959. Roma: Istituto italiano per il Medio ed Estremo Oriente.",217_843,217_91,843,"<p>
Petech, Luciano. 1973. Aristocracy and government in Tibet, 1728-1959. Roma: Istituto italiano per il Medio ed Estremo Oriente, p. 91.</p>",91,,,901625,,https://search.worldcat.org/title/901625
218,"Phuntsho, Karma. 2013. The History of Bhutan. Haryana: Random House India.",218_1066,,1066,"<p>
Phuntsho, Karma. 2013. <em>The History of Bhutan</em>. London: Random House India.</p>",,,,900285495,,https://search.worldcat.org/title/900285495
218,"Phuntsho, Karma. 2013. The History of Bhutan. Haryana: Random House India.",218_387,,387,"<p>
Phuntsho, Karma. 2013. <em>The History of Bhutan</em>. London: Random House India.</p>",,,,900285495,,https://search.worldcat.org/title/900285495
218,"Phuntsho, Karma. 2013. The History of Bhutan. Haryana: Random House India.",218_393,,393,"<p>
Phuntsho, Karma. 2013. <em>The History of Bhutan</em>. London: Random House India.</p>",,,,900285495,,https://search.worldcat.org/title/900285495
218,"Phuntsho, Karma. 2013. The History of Bhutan. Haryana: Random House India.",218_1162,,1162,"<p>
Phuntsho, Karma. 2013.&nbsp;<em>The History of Bhutan</em>. London: Random House India.</p>",,,,900285495,,https://search.worldcat.org/title/900285495
218,"Phuntsho, Karma. 2013. The History of Bhutan. Haryana: Random House India.",218_1270,,1270,"<p>
Phuntsho, Karma. 2013.<em> The History of Bhutan</em>. London: Random House India.</p>",,,,900285495,,https://search.worldcat.org/title/900285495
219,"Matthews, Bruce. 2006. Buddhism in Canada. London: Routledge.",219_1453,219_1-29,1453,"<p>
Placzek, James, and Larry DeVries. 2006. &quot;Buddhism in British Columbia.&quot; In Bruce Matthews,&nbsp;<em>Buddhism in Canada&nbsp;</em>. London: Routledge, pp. 1-29.</p>",1-29,,,70846056,,https://search.worldcat.org/title/70846056
219,"Matthews, Bruce. 2006. Buddhism in Canada. London: Routledge.",219_1452,219_1-30,1452,"<p>
Placzek, James, and Larry DeVries. 2006. &quot;Buddhism in British Columbia.&quot; In Bruce Matthews,&nbsp;<em>Buddhism in Canada&nbsp;</em>. London: Routledge, pp. 1-29.</p>",1-30,,,70846056,,https://search.worldcat.org/title/70846056
220,"Bogin, Benjamin and Andrew Quintman, eds. 2014. Himalayan Passages: Tibetan and Newar Studies in Honor of Hubert Decleer. Boston: Wisdom Publications.",220_1372,220_293,1372,"<p>
Punya Prasad Parajuli. &quot;Vanaratna and His Activities in Nepal in Fifteenth-Century Nepal.&quot; In <em>Himalayan Passages: Tibetan and Newari Studies in Honor of Hubert Decleer</em>. Boston: Wisdom, p. 293.</p>",293,,,856879210,,https://search.worldcat.org/title/856879210
221,"Quentin Devers, Laurianne Bruneau and Martin Vernier. ""An archaeological survey of the Nubra Region (Ladakh, Jammu and Kashmir, India) "". Études mongoles et sibériennes, centrasiatiques et tibétaines, 46 | 2015.",221_1419,,1419,"<p>
Quentin Devers, Laurianne Bruneau and Martin Vernier, &laquo; An archaeological survey of the Nubra Region (Ladakh, Jammu and Kashmir, India) &raquo;, &Eacute;tudes mongoles et sib&eacute;riennes, centrasiatiques et tib&eacute;taines, 46 | 2015.",,,,,,https://doi.org/10.4000/emscat.2647
221,"Quentin Devers, Laurianne Bruneau and Martin Vernier. ""An archaeological survey of the Nubra Region (Ladakh, Jammu and Kashmir, India) "". Études mongoles et sibériennes, centrasiatiques et tibétaines, 46 | 2015.",221_1418,,1418,"<p>
Quentin Devers, Laurianne Bruneau and Martin Vernier. &quot;An archaeological survey of the Nubra Region (Ladakh, Jammu and Kashmir, India) &quot;. <em>&Eacute;tudes mongoles et sib&eacute;riennes, centrasiatiques et tib&eacute;taines</em>, 46 | 2015.</p>",,,,,,https://doi.org/10.4000/emscat.2647
221,"Quentin Devers, Laurianne Bruneau and Martin Vernier. ""An archaeological survey of the Nubra Region (Ladakh, Jammu and Kashmir, India) "". Études mongoles et sibériennes, centrasiatiques et tibétaines, 46 | 2015.",221_1417,,1417,"<p>
Quentin Devers, Laurianne Bruneau and Martin Vernier. &quot;An archaeological survey of the Nubra Region (Ladakh, Jammu and Kashmir, India)&quot;.&nbsp;<em>&Eacute;tudes mongoles et sib&eacute;riennes, centrasiatiques et tib&eacute;taines</em>, 46 | 2015.",,,,,,https://doi.org/10.4000/emscat.2647
222,"Römer, Stephanie. 2008. The Tibetan Government-in-Exile: Politics at Large. Taylor & Francis.",222_1543,,1543,"<p>
R&ouml;mer, Stephanie. 2008. <em>The Tibetan Government-in-Exile: Politics at Large</em>. Taylor &amp; Francis.</p>",,,,645776383,,https://search.worldcat.org/title/645776383
223,"Rajani, M. B, and Viraj Kumar. “Where Was Odantapuri Located?: Archaeological Evidence Using Remote Sensing, GIS and Photogrammetry.” Resonance 26, no. 9 (2021): 1287-1304.",223_1331,,1331,"<p>
Rajani, M. B, and Viraj Kumar. &ldquo;Where Was Odantapuri Located?: Archaeological Evidence Using Remote Sensing, GIS and Photogrammetry.&rdquo; <em>Resonance</em> 26, no. 9 (2021): 1287&ndash;1304.</p>",,,,,,https://www.ias.ac.in/article/fulltext/reso/026/09/1287-1304
224,Rgyal rong pa brag bar dpal ldan. 2002. Bod rgyal mo rong gi lo rgyus rab gsal me long. 'Bar Khams: Krung go mi dmangs chab srid gros mol tshogs 'du 'bar khams rdzong u yon lhan khang.,224_956,224_333,956,"<p>
Rgyal rong pa brag bar dpal ldan. 2002. <em>Bod rgyal mo rong gi lo rgyus rab gsal me long</em>. &#39;Bar Khams: Krung go mi dmangs chab srid gros mol tshogs &#39;du &#39;bar khams rdzong u yon lhan khang, p. 333.</p>",333,MW1GS66375,,,,
225,Ri dbang bstan 'dzin. 2002. Bod ljongs nags shod 'bri ru'i lo rgyus rab rim sA la'i ljon shing. Lha sa: bod ljongs mi dmangs dpe skrun khang.,225_426,225_264_418,426,"<p>Ri bang bstan &#39;dzin. 2002.<em>Bod ljongs nags shod &#39;bri ru&#39;i lo rgyus rab rim sA la&#39;i ljon shing</em>. Lha sa: bod ljongs mi dmangs dpe skrun khang, p. 264, 418</p>","264, 418",MW23671,,,,
226,"Ridgzin Ngodub Dokhampa. 2003. ""Origins of the Bumchu (bum chu) of Drakar Tashiding (Brag dkar bkra shis sdings)."" Bulletin of Tibetology, vol. 39, no. 1, pp. 25–30.",226_1144,,1144,"<p>
Ridgzin Ngodub Dokhampa. 2003. &quot;Origins of the Bumchu (bum chu) of Drakar Tashiding (Brag dkar bkra shis sdings).&quot;&nbsp;<em>Bulletin of Tibetology</em>, vol. 39, no. 1, pp. 25&ndash;30.</p>",,,,,,http://www.dspace.cam.ac.uk/handle/1810/242516
227,"Seegers, Eva. ""The Innovative Stūpa Project in Andalusia, Spain: A Discussion on Visual Representations of Tibetan Buddhist Art in Europe."" Diskus 17, no. 3 (2015): 18-39.",227_1460,227_18-39,1460,"<p>
Seegers, Eva. &quot;The Innovative Stūpa Project in Andalusia, Spain: A Discussion on Visual Representations of Tibetan Buddhist Art in Europe.&quot; <em>Diskus</em> 17, no. 3 (2015): 18-39.</p>",18-39,,,,,https://doi.org/10.18792/diskus.v17i3.78
228,"Shastri, Lobsang. 2007. The Transmission of Buddhist Canonical Literature in Tibet. The Tibet Journal, 32(3), 23-47.",228_62,,62,"<p>
Shastri, Lobsang. 2007. The Transmission of Buddhist Canonical Literature in Tibet.&nbsp;<em>The Tibet Journal</em>, 32(3), 23-47.</p>",,,,,,https://www.jstor.org/stable/43301010
229,"Singh, Harischandra Lal. 2006. A Brief Encyclopedia of Buddhism in Nepal. 1. Aufl. Kathmandu: Ratna Pustak Bhandar.",229_1513,,1513,"<p>
Singh, Harischandra Lal. 2006. <em>A Brief Encyclopaedia of Buddhism in Nepal</em>. Nepal: Ratna Pustak Bhandar.</p>",,,,1074162701,,https://search.worldcat.org/title/1074162701
230,"Skorupski, Tadeusz. “Tibetan G-Yung-Drung Bon Monastery in India.” The Tibet Journal 11, no. 2 (1986): 36–49.",230_1266,,1266,"<p>
Skorupski, Tadeusz. &quot;Tibetan G-Yung-Drung Bon Monastery in India.&quot; <em>The Tibet Journal</em> 11, no. 2 (1986): 36-49.</p>",,,,,,https://www.jstor.org/stable/43300203
231,Skya rengs dpal lo. 2000. Yun nan bde chen khul du nang bstan dar tshul che long tsam brjod pa. Mtsho sngon mi rigs dge ʼos ched sbyor slob grwa.,231_1481,231_20,1481,"<p>
Skya rengs dpa&#39; lo, 2000. <em>Yun nan bde chen khul du nang bstan dar tshul che long tsam brjod pa</em>. Xining: Mtsho sngon mi rigs dge &#39;os ched sbyor slob grwa, p. 20.</p>",20,MW20006,,,,
231,Skya rengs dpal lo. 2000. Yun nan bde chen khul du nang bstan dar tshul che long tsam brjod pa. Mtsho sngon mi rigs dge ʼos ched sbyor slob grwa.,231_1482,231_21,1482,"<p>
Skya rengs dpa&#39; lo, 2000. <em>Yun nan bde chen khul du nang bstan dar tshul che long tsam brjod pa</em>. Xining: Mtsho sngon mi rigs dge &#39;os ched sbyor slob grwa, p. 21.</p>",21,MW20006,,,,
232,"Subba, J. R. 2016. History, Culture and Customs of Sikkim. New Delhi: Gyan Publishing.",232_1354,232_48,1354,"<p>
Subba, J.R. 2008. <em>History, Culture and Customs of Sikkim</em>. New Delhi: Gyan Publishing House, p. 48.</p>",48,,,1137195450,,https://search.worldcat.org/title/1137195450
233,"Travers, Alice. 2016. Between Private and Public Initiatives? Private Schools in pre-1951 Tibet. HIMALAYA 35(2).",233_1557,,1557,"<p>
Travers, Alice. &quot;Between private and public initiatives? Private schools in pre-1951 Tibet.&quot; <em>HIMALAYA, the Journal of the Association for Nepal and Himalayan Studies</em> 35, no. 2 (2016): 30.</p>",,,,,,https://digitalcommons.macalester.edu/himalaya/vol35/iss2/30/
234,"Tuttle, Gray. “Tibetan Buddhism at Wutai Shan in the Qing: The Chinese-language Register.” Journal of the International Association of Tibetan Studies, no. 6 (October 2011): 163-214",234_1140,,1140,"<p>
Tuttle, Gray. &ldquo;Tibetan Buddhism at Wutai Shan in the Qing: The Chinese-language Register.&rdquo; <em>Journal of the International Association of Tibetan Studies</em>, no. 6 (October 2011): 163-214.</p>",,,,,,http://www.thlib.org/collections/texts/jiats/#!jiats=/06/tuttle
235,"Valentine, Jay H. 2018. The Great Perfection in the Early Biographies of the Northern Treasure Tradition: An Introduction to and Translation of The Life of Nam mkha’rgyal mtshan. Revue d'Etudes Tibétaines, no.43, pp. 95-133.",235_515,,515,"<p>
Valentine, J. H. 2018. The Great Perfection in the Early Biographies of the Northern Treasure Tradition: An Introduction to and Translation of The Life of Nam mkha&rsquo;rgyal mtshan. <em>Revue d&#39;Etudes Tib&eacute;taines</em>, no.43, pp. 95-133.</p>",,,,,,http://himalaya.socanth.cam.ac.uk/collections/journals/ret/pdf/ret_43.pdf#page=95
236,"Vandenhelsken, Mélenie, and Hissey Wongchuk. ""Tibetan Masters and the formation of the sacred site of Tashiding."" Bulletin of Tibetology 42, no. 1 (2006): 65-90.",236_1547,,1547,"<p>
Vandenhelsken, M&eacute;lanie, and Hissey Wongchuk. 2006. Tibetan Masters and the Formation of the Sacred Site of Tashiding. Bulletin of Tibetology, vol. 42, no. 1-2, pp. 65&ndash;92.</p>",,,,,,http://himalaya.socanth.cam.ac.uk/collections/journals/bot/pdf/bot_2006_01-02_05.pdf
236,"Vandenhelsken, Mélenie, and Hissey Wongchuk. ""Tibetan Masters and the formation of the sacred site of Tashiding."" Bulletin of Tibetology 42, no. 1 (2006): 65-90.",236_1144,,1144,"<p>
Vandenhelsken, M&eacute;lenie, and Hissey Wongchuk. &quot;Tibetan Masters and the formation of the sacred site of Tashiding.&quot;&nbsp;<em>Bulletin of Tibetology</em>&nbsp;42, no. 1 (2006): 65-90.</p>",,,,,,http://himalaya.socanth.cam.ac.uk/collections/journals/bot/pdf/bot_2006_01-02_05.pdf
237,"Wangdi, S. 2004. ""Myth, Legend and History Surrounding Dungsam"". Journal Of Bhutan Studies, 2004, 17-39.",237_1256,,1256,"<p>
Wangdi, S. 2004. &quot;Myth, Legend and History Surrounding Dungsam&quot;.<em> Journal Of Bhutan Studies</em>, 2004, 17-39.</p>",,,,,,https://www.repository.cam.ac.uk/handle/1810/227032
238,"Willock, Nicole. ""The Revival of the Tulku Institution in Modern China: Narratives and Practices."" Revue d'Etudes Tibétaines 38 (2017).",238_289,,289,"<p>
Willock, Nicole. &quot;The Revival of the Tulku Institution in Modern China: Narratives and Practices.&quot;<em> Revue d&#39;Etudes Tib&eacute;taines</em> 38 (2017).</p>",,,,,,https://digitalcommons.odu.edu/cgi/viewcontent.cgi?article=1055&context=philosophy_fac_pubs
239,"Gamble, Ruth. 2018. Reincarnation in Tibetan Buddhism: The Third Karmapa and the Invention of a Tradition. New York, NY: Oxford University Press.",239_1402,239_112,1402,"<p>Gamble, Ruth. 2018. <em>Reincarnation in Tibetan Buddhism</em>. The Third Karmapa and the Invention of a Tradition. Kettering: Oxford University Press, p. 112.</p>",112,,,1017601729,,https://search.worldcat.org/title/1017601729
240,"Bělka, Luboš. ""The restoration of Buryat Buddhism: some notes about monasteries."" Religio. (1994): 92-106.",240_1049,,1049,"<p>Bělka, Lubo&scaron;. 1994. &ldquo;The restoration of Buryat Buddhism: some notes about monasteries.&rdquo;&nbsp;<em>Religio</em>&nbsp;2 (1): 92-106</p>",,,,,,https://digilib.phil.muni.cz/node/7004
240,"Bělka, Luboš. ""The restoration of Buryat Buddhism: some notes about monasteries."" Religio. (1994): 92-106.",240_1413,,1413,"<p>Bělka, Lubo&scaron;. 1994. &ldquo;The restoration of Buryat Buddhism: some notes about monasteries.&rdquo;&nbsp;<em>Religio</em>&nbsp;2 (1): 92-106</p>",,,,,,https://digilib.phil.muni.cz/node/7004
241,"Tsumagari, Shin'ichi (津曲真一). ""Bashey with supplement: A Critical Edition of the Tibetan Text and an Annotated Translation (4)."" 東京大学宗教学年報 30 (2012): 193-210.",241_1356,,1356,"<p>Tsumagari, Shin&#39;ichi (津曲真一). &quot;Bashey with supplement: A Critical Edition of the Tibetan Text and an Annotated Translation (4).&quot;&nbsp;<em>東京大学宗教学年報</em>&nbsp;30 (2012): 193-210.</p>",,,,,,https://repository.dl.itc.u-tokyo.ac.jp/records/30434
242,"
Yangdon Dhondup, “Reb kong: Religion, History and Identity of a Sino-Tibetan borderland town ”, Revue d’Etudes Tibétaines, no. 20, Avril 2011, pp. 33-59. ",242_374,,374,"<p>Yangdon Dhondup, &ldquo;Reb kong: Religion, History and Identity of a Sino-Tibetan borderland town &rdquo;, <em>Revue d&rsquo;Etudes Tibétaines</em>, no. 20, Avril 2011, pp. 33-59.&nbsp;</p>",,,,,,https://himalaya.socanth.cam.ac.uk/collections/journals/ret/pdf/ret_20_02.pdf
243,"Jackson, David Paul. 2020. Lama of Lamas the Life of the Vajra-Master Chogye Trichen Rinpoche. Kathmandu, Nepal: Vajra Books.",243_1593,243_442-444,1593,"<p>
Jackson, David. 2020. <em>Lama of Lamas: The Life of the Vajra-Master Chogye Trichen Rinpoche</em>. Vol. 2. Kathmandu: Vajra Books, pp. 442-444.</p>",442-444,,,1252707131,,https://search.worldcat.org/title/1252707131
,Chagdud Gonpa Foundation - Ati Ling,,,1640,Chagdud Gonpa Foundation - Ati Ling,,,,,,https://www.chagdudgonpa.org/centers/ati-ling
,Chagdud Gonpa Foundation - Chagdud Gonpa,,,1641,Chagdud Gonpa Foundation - Chagdud Gonpa,,,,,,https://www.chagdudgonpa.org/centers/rigdzin-ling
,Tibet Heritage Fund - Labu Stupa Project,,,1578,"<p>
Tibet Heritage Fund - Labu Stupa Project</p>",,,,,,https://www.tibetheritagefund.org/page/?r=115
,Namgyal Institute of Tibetology,,,1354,"<p>
Namgyal Institute of Tibetology.</p>",,,,,,https://tibetology.net/
,A Brief History of Kyodrak Monastery. Tib Shelf.,,,1338,<p><em>A Brief History of Kyodrak Monastery</em>. Tib Shelf.</p>,,,,,,https://www.tibshelf.org/kyodrak-monastery
,"St. Joseph's School, North Point",,,1374,"<p>St. Joseph's School, North Point</p>",,,,,,https://www.sjcnorthpoint.com/index.php