person_image_id,person_id,image_file_name,thumb_file_name,complete_file_path,complete_file_path_thumb,har_number,image_credit,is_primary,create_user_id,create_date,last_modified_user_id,last_modified_date,caption
1,13054,mahakala_detail.jpg,mahakala_detail_thumb.jpg,/uploads/person/mahakala_detail.jpg,/uploads/person/mahakala_detail_thumb.jpg,123456,,1,1,2009-06-19 14:21:21,,,
7,13054,Godzilla_vs_KingKong.jpg,Godzilla_vs_KingKong_thumb.jpg,/uploads/person/Godzilla_vs_KingKong.jpg,/uploads/person/Godzilla_vs_KingKong_thumb.jpg,,,0,1,2009-06-22 12:52:50,,,
25,4368,Taglunthanpa1 copy.jpg,Taglunthanpa1 copy_thumb.jpg,/uploads/person/Taglunthanpa1 copy.jpg,/uploads/person/Taglunthanpa1 copy_thumb.jpg,780,,0,2,2009-07-30 11:13:12,,,
26,2899,jigten gonpo-1 copy.jpg,jigten gonpo-1 copy_thumb.jpg,/uploads/person/jigten gonpo-1 copy.jpg,/uploads/person/jigten gonpo-1 copy_thumb.jpg,1034,,1,2,2009-07-30 11:15:26,2,2010-03-24 17:14:21,
30,11898,onre.jpg,onre_thumb.jpg,/uploads/person/onre.jpg,/uploads/person/onre_thumb.jpg,,,0,2,2009-08-07 16:39:36,,,
31,10687,80354.Gendun drup.jpg,80354.Gendun drup_thumb.jpg,/uploads/person/80354.Gendun drup.jpg,/uploads/person/80354.Gendun drup_thumb.jpg,80354,,1,2,2009-08-10 12:18:53,,,
37,11114,DL2.jpg,DL2_thumb.jpg,/uploads/person/DL2.jpg,/uploads/person/DL2_thumb.jpg,385,,1,2,2009-08-10 14:37:58,,,
39,12828,80356.DL3.jpg,80356.DL3_thumb.jpg,/uploads/person/80356.DL3.jpg,/uploads/person/80356.DL3_thumb.jpg,80356,,0,2,2009-08-10 17:01:21,,,
41,6065,65647..jpg,65647._thumb.jpg,/uploads/person/65647..jpg,/uploads/person/65647._thumb.jpg,65647,,1,2,2009-08-11 17:01:10,,,
42,6065,506.jpg,506_thumb.jpg,/uploads/person/506.jpg,/uploads/person/506_thumb.jpg,506,,0,2,2009-08-11 17:01:34,,,
43,6065,65275 DL5.jpg,65275 DL5_thumb.jpg,/uploads/person/65275 DL5.jpg,/uploads/person/65275 DL5_thumb.jpg,65275,,0,2,2009-08-11 17:02:03,,,
44,6065,65375..jpg,65375._thumb.jpg,/uploads/person/65375..jpg,/uploads/person/65375._thumb.jpg,65375,,0,2,2009-08-11 17:02:26,,,
45,2584,On Sherab.jpg,On Sherab_thumb.jpg,/uploads/person/On Sherab.jpg,/uploads/person/On Sherab_thumb.jpg,,,1,2,2009-08-12 12:27:41,,,
46,6671,lorepa.jpg,lorepa_thumb.jpg,/uploads/person/lorepa.jpg,/uploads/person/lorepa_thumb.jpg,,,1,2,2009-08-12 14:07:23,,,
47,3759,Gotsangpa.jpg,Gotsangpa_thumb.jpg,/uploads/person/Gotsangpa.jpg,/uploads/person/Gotsangpa_thumb.jpg,65249,,1,2,2009-08-12 15:55:37,,,
49,11898,Onre Dharma Sengge.jpg,Onre Dharma Sengge_thumb.jpg,/uploads/person/Onre Dharma Sengge.jpg,/uploads/person/Onre Dharma Sengge_thumb.jpg,65249,,1,2,2009-08-12 16:16:07,,,
50,3165,Gomchung.jpg,Gomchung_thumb.jpg,/uploads/person/Gomchung.jpg,/uploads/person/Gomchung_thumb.jpg,418,,1,2,2009-08-19 16:38:47,,,
51,3101,Kuyalwa.jpg,Kuyalwa_thumb.jpg,/uploads/person/Kuyalwa.jpg,/uploads/person/Kuyalwa_thumb.jpg,319,,1,2,2009-08-20 17:08:56,,,
52,3139,Sangye Yarjon.jpg,Sangye Yarjon_thumb.jpg,/uploads/person/Sangye Yarjon.jpg,/uploads/person/Sangye Yarjon_thumb.jpg,319,,1,2,2009-08-20 17:14:49,,,
56,8460,Khyungtsangpa.jpg,Khyungtsangpa_thumb.jpg,/uploads/person/Khyungtsangpa.jpg,/uploads/person/Khyungtsangpa_thumb.jpg,156,,1,2,2009-08-21 12:52:22,,,
59,8460,Khyungtsangpa20.jpg,Khyungtsangpa20_thumb.jpg,/uploads/person/Khyungtsangpa20.jpg,/uploads/person/Khyungtsangpa20_thumb.jpg,20,,0,2,2009-08-21 12:56:16,,,
60,8460,khyungtsangpa171.jpg,khyungtsangpa171_thumb.jpg,/uploads/person/khyungtsangpa171.jpg,/uploads/person/khyungtsangpa171_thumb.jpg,171,,0,2,2009-08-21 12:56:28,,,
61,3182,Lama Shang.jpg,Lama Shang_thumb.jpg,/uploads/person/Lama Shang.jpg,/uploads/person/Lama Shang_thumb.jpg,416,,1,2,2009-08-21 12:59:57,,,
62,3169,Gomtsul.jpg,Gomtsul_thumb.jpg,/uploads/person/Gomtsul.jpg,/uploads/person/Gomtsul_thumb.jpg,416,,1,2,2009-08-21 13:02:21,,,
63,11877,Lingrepa65249.jpg,Lingrepa65249_thumb.jpg,/uploads/person/Lingrepa65249.jpg,/uploads/person/Lingrepa65249_thumb.jpg,65249,,1,2,2009-08-21 13:13:46,,,
65,2712,Taranata873.jpg,Taranata873_thumb.jpg,/uploads/person/Taranata873.jpg,/uploads/person/Taranata873_thumb.jpg,873,,1,2,2009-08-21 13:29:15,,,
68,2670,jonangpa87607.jpg,jonangpa87607_thumb.jpg,/uploads/person/jonangpa87607.jpg,/uploads/person/jonangpa87607_thumb.jpg,87607,,0,2,2009-08-21 13:42:43,2,2010-07-06 16:51:50,
75,5999,Nyangral9.jpg,Nyangral9_thumb.jpg,/uploads/person/Nyangral9.jpg,/uploads/person/Nyangral9_thumb.jpg,9,,0,2,2009-08-31 10:44:07,2,2013-04-15 19:37:43,
76,1091,Vairocana9.jpg,Vairocana9_thumb.jpg,/uploads/person/Vairocana9.jpg,/uploads/person/Vairocana9_thumb.jpg,9,,1,2,2009-08-31 10:47:23,,,
77,4626,52848958.nubchen.jpg,52848958.nubchen_thumb.jpg,/uploads/person/52848958.nubchen.jpg,/uploads/person/52848958.nubchen_thumb.jpg,52848958,Shechen Archives,0,2,2009-09-03 13:24:02,2,2014-04-28 13:01:55,
78,5281,52848969.Sogpo Lhapal.jpg,52848969.Sogpo Lhapal_thumb.jpg,/uploads/person/52848969.Sogpo Lhapal.jpg,/uploads/person/52848969.Sogpo Lhapal_thumb.jpg,52848969,Shechen Archives,0,2,2009-09-03 14:48:17,2,2013-03-29 15:17:45,
79,1108,52848957.namkha nyingpo.jpg,52848957.namkha nyingpo_thumb.jpg,/uploads/person/52848957.namkha nyingpo.jpg,/uploads/person/52848957.namkha nyingpo_thumb.jpg,52848957,Shechen Archives,0,2,2009-09-03 14:54:38,2,2013-03-29 15:31:16,
80,11117,52848961.Drogmi.jpg,52848961.Drogmi_thumb.jpg,/uploads/person/52848961.Drogmi.jpg,/uploads/person/52848961.Drogmi_thumb.jpg,52848961,Shechen Archives,1,2,2009-09-03 14:56:39,,,
81,9624,52848972.Denma Tsemang.jpg,52848972.Denma Tsemang_thumb.jpg,/uploads/person/52848972.Denma Tsemang.jpg,/uploads/person/52848972.Denma Tsemang_thumb.jpg,52848972,Shechen Archives,1,2,2009-09-03 15:31:56,,,
82,10881,52848973.Kawa Peltseg.jpg,52848973.Kawa Peltseg_thumb.jpg,/uploads/person/52848973.Kawa Peltseg.jpg,/uploads/person/52848973.Kawa Peltseg_thumb.jpg,52848973,Shechen Archives,1,2,2009-09-03 15:34:19,,,
83,6681,52848978.Drenpa Namkha.jpg,52848978.Drenpa Namkha_thumb.jpg,/uploads/person/52848978.Drenpa Namkha.jpg,/uploads/person/52848978.Drenpa Namkha_thumb.jpg,52848978,Shechen Archives,0,2,2009-09-03 15:38:30,2,2012-11-26 23:45:10,
84,4903,52848959Gyalwa Choyang.jpg,52848959Gyalwa Choyang_thumb.jpg,/uploads/person/52848959Gyalwa Choyang.jpg,/uploads/person/52848959Gyalwa Choyang_thumb.jpg,52848959,Shechen Archives,0,2,2009-09-03 15:44:30,,,
85,303,52848967.Dorje Dudjom.jpg,52848967.Dorje Dudjom_thumb.jpg,/uploads/person/52848967.Dorje Dudjom.jpg,/uploads/person/52848967.Dorje Dudjom_thumb.jpg,52848967,Shechen Archives,1,2,2009-09-03 15:56:08,,,
86,9141,52848968.Yeshe Wangpo or Yeshe Yang.jpg,52848968.Yeshe Wangpo or Yeshe Yang_thumb.jpg,/uploads/person/52848968.Yeshe Wangpo or Yeshe Yang.jpg,/uploads/person/52848968.Yeshe Wangpo or Yeshe Yang_thumb.jpg,52848968,Shechen Archives,1,2,2009-09-03 15:59:54,,,
87,10904,52848970.Nanam Yeshe De.jpg,52848970.Nanam Yeshe De_thumb.jpg,/uploads/person/52848970.Nanam Yeshe De.jpg,/uploads/person/52848970.Nanam Yeshe De_thumb.jpg,52848970,Shechen Archives,1,2,2009-09-03 16:12:33,,,
88,13057,52848976.Gyalwai Lodro.jpg,52848976.Gyalwai Lodro_thumb.jpg,/uploads/person/52848976.Gyalwai Lodro.jpg,/uploads/person/52848976.Gyalwai Lodro_thumb.jpg,52848976,Shechen Archives,1,2,2009-09-03 16:22:08,,,
89,490,52848971.Palgyi Wangchug.jpg,52848971.Palgyi Wangchug_thumb.jpg,/uploads/person/52848971.Palgyi Wangchug.jpg,/uploads/person/52848971.Palgyi Wangchug_thumb.jpg,52848971,Shechen Archives,0,2,2009-09-03 16:26:51,2,2013-03-29 15:23:37,
90,86,52848982.Konchog Jungne.jpg,52848982.Konchog Jungne_thumb.jpg,/uploads/person/52848982.Konchog Jungne.jpg,/uploads/person/52848982.Konchog Jungne_thumb.jpg,52848982,Shechen Archives,1,2,2009-09-03 17:02:48,,,
91,9618,52848981.Lhalung Palgyi Dorje.jpg,52848981.Lhalung Palgyi Dorje_thumb.jpg,/uploads/person/52848981.Lhalung Palgyi Dorje.jpg,/uploads/person/52848981.Lhalung Palgyi Dorje_thumb.jpg,52848981,,1,2,2009-09-03 17:15:17,2,2010-04-07 15:49:28,
92,5234,52848980.Ma Rinchen Chok.jpg,52848980.Ma Rinchen Chok_thumb.jpg,/uploads/person/52848980.Ma Rinchen Chok.jpg,/uploads/person/52848980.Ma Rinchen Chok_thumb.jpg,52848980,Shechen Archives,1,2,2009-09-04 11:59:57,,,
93,4903,Gyalwa Choyang real 307.jpg,Gyalwa Choyang real 307_thumb.jpg,/uploads/person/Gyalwa Choyang real 307.jpg,/uploads/person/Gyalwa Choyang real 307_thumb.jpg,307,,1,2,2009-09-09 12:13:58,2,2009-09-09 12:14:09,
94,9,Madarava307.jpg,Madarava307_thumb.jpg,/uploads/person/Madarava307.jpg,/uploads/person/Madarava307_thumb.jpg,307,,1,2,2009-09-09 12:15:34,,,
95,8540,Drime Shingkyong 307.jpg,Drime Shingkyong 307_thumb.jpg,/uploads/person/Drime Shingkyong 307.jpg,/uploads/person/Drime Shingkyong 307_thumb.jpg,307,,1,2,2009-09-09 12:19:25,,,
97,9372,rigdzin tsewang norbu 15557.jpg,rigdzin tsewang norbu 15557_thumb.jpg,/uploads/person/rigdzin tsewang norbu 15557.jpg,/uploads/person/rigdzin tsewang norbu 15557_thumb.jpg,15557,Shechen Archives,1,2,2009-09-09 16:13:39,2,2009-12-11 12:45:34,
98,9372,Rigdzin Tsewang norbu 873.jpg,Rigdzin Tsewang norbu 873_thumb.jpg,/uploads/person/Rigdzin Tsewang norbu 873.jpg,/uploads/person/Rigdzin Tsewang norbu 873_thumb.jpg,873,,0,2,2009-09-09 16:14:15,,,
101,494,Dangma Lhungyal shechen 30.jpg,Dangma Lhungyal shechen 30_thumb.jpg,/uploads/person/Dangma Lhungyal shechen 30.jpg,/uploads/person/Dangma Lhungyal shechen 30_thumb.jpg,,Shechen Archives,1,2,2009-09-10 9:37:42,,,
104,9612,Do khyentse 300.jpg,Do khyentse 300_thumb.jpg,/uploads/person/Do khyentse 300.jpg,/uploads/person/Do khyentse 300_thumb.jpg,300,,1,2,2009-09-10 9:49:50,,,
105,5457,Jigme Lingpa 300.jpg,Jigme Lingpa 300_thumb.jpg,/uploads/person/Jigme Lingpa 300.jpg,/uploads/person/Jigme Lingpa 300_thumb.jpg,300,,0,2,2009-09-10 9:50:39,,,
106,2882,Longchenpa 300.jpg,Longchenpa 300_thumb.jpg,/uploads/person/Longchenpa 300.jpg,/uploads/person/Longchenpa 300_thumb.jpg,300,,0,2,2009-09-10 9:51:39,,,
109,4676,Dodrubchen 01 shechen 1018.jpg,Dodrubchen 01 shechen 1018_thumb.jpg,/uploads/person/Dodrubchen 01 shechen 1018.jpg,/uploads/person/Dodrubchen 01 shechen 1018_thumb.jpg,,Shechen Archives,0,2,2009-09-10 9:56:15,,,
110,4185,Dodrupchen 03 shechen 1017.jpg,Dodrupchen 03 shechen 1017_thumb.jpg,/uploads/person/Dodrupchen 03 shechen 1017.jpg,/uploads/person/Dodrupchen 03 shechen 1017_thumb.jpg,,Shechen Archives,1,2,2009-09-10 9:58:25,,,
111,8750,Dorje Lingpa shechen 1234.jpg,Dorje Lingpa shechen 1234_thumb.jpg,/uploads/person/Dorje Lingpa shechen 1234.jpg,/uploads/person/Dorje Lingpa shechen 1234_thumb.jpg,,Chris Conlon,0,2,2009-09-10 10:00:51,2,2012-12-15 2:12:56,
112,7114,dragpa ngonshe shechen 1232.jpg,dragpa ngonshe shechen 1232_thumb.jpg,/uploads/person/dragpa ngonshe shechen 1232.jpg,/uploads/person/dragpa ngonshe shechen 1232_thumb.jpg,,Chris Conlon,0,2,2009-09-10 10:03:38,2,2011-02-14 11:01:06,
113,6962,dzeng dharmabhodi shechen 48.jpg,dzeng dharmabhodi shechen 48_thumb.jpg,/uploads/person/dzeng dharmabhodi shechen 48.jpg,/uploads/person/dzeng dharmabhodi shechen 48_thumb.jpg,,Shechen Archives,1,2,2009-09-10 10:07:34,2,2009-09-10 10:30:25,
115,9579,jigme gyelwai nyugu shechen 986.jpg,jigme gyelwai nyugu shechen 986_thumb.jpg,/uploads/person/jigme gyelwai nyugu shechen 986.jpg,/uploads/person/jigme gyelwai nyugu shechen 986_thumb.jpg,,Shechen Archives,0,2,2009-09-10 10:17:04,,,
116,96,52848963.Pelgyi Sengge.jpg,52848963.Pelgyi Sengge_thumb.jpg,/uploads/person/52848963.Pelgyi Sengge.jpg,/uploads/person/52848963.Pelgyi Sengge_thumb.jpg,52848963,Shechen Archives,1,2,2009-09-10 10:19:38,,,
117,84,52848983.Gyalwa Janchub.jpg,52848983.Gyalwa Janchub_thumb.jpg,/uploads/person/52848983.Gyalwa Janchub.jpg,/uploads/person/52848983.Gyalwa Janchub_thumb.jpg,52848983,Shechen Archives,1,2,2009-09-10 10:21:04,,,
118,8857,melong dorje shechen 43.jpg,melong dorje shechen 43_thumb.jpg,/uploads/person/melong dorje shechen 43.jpg,/uploads/person/melong dorje shechen 43_thumb.jpg,,Shechen Archives,1,2,2009-09-10 10:22:43,,,
119,9121,52848962.Nyak jnyanakumara.jpg,52848962.Nyak jnyanakumara_thumb.jpg,/uploads/person/52848962.Nyak jnyanakumara.jpg,/uploads/person/52848962.Nyak jnyanakumara_thumb.jpg,52848962,Shechen Archives,1,2,2009-09-10 10:27:04,,,
120,9121,Nyak Jnyanakumara shechen 96.jpg,Nyak Jnyanakumara shechen 96_thumb.jpg,/uploads/person/Nyak Jnyanakumara shechen 96.jpg,/uploads/person/Nyak Jnyanakumara shechen 96_thumb.jpg,,Shechen Archives,0,2,2009-09-10 10:28:11,,,
121,9121,nyak jnyanakumara shechen 164.jpg,nyak jnyanakumara shechen 164_thumb.jpg,/uploads/person/nyak jnyanakumara shechen 164.jpg,/uploads/person/nyak jnyanakumara shechen 164_thumb.jpg,,Shechen Archives,0,2,2009-09-10 10:29:54,,,
122,6205,nyangben ting-nge zangpo shechen 165.jpg,nyangben ting-nge zangpo shechen 165_thumb.jpg,/uploads/person/nyangben ting-nge zangpo shechen 165.jpg,/uploads/person/nyangben ting-nge zangpo shechen 165_thumb.jpg,,Shechen Archives,1,2,2009-09-10 10:31:12,,,
123,8912,nyima bum shechen 972.jpg,nyima bum shechen 972_thumb.jpg,/uploads/person/nyima bum shechen 972.jpg,/uploads/person/nyima bum shechen 972_thumb.jpg,,Shechen Archives,1,2,2009-09-10 10:33:21,,,
124,13058,52848979.Odren Palgyi Wangchuk.jpg,52848979.Odren Palgyi Wangchuk_thumb.jpg,/uploads/person/52848979.Odren Palgyi Wangchuk.jpg,/uploads/person/52848979.Odren Palgyi Wangchuk_thumb.jpg,52848979,Shechen Archives,1,2,2009-09-10 11:43:18,,,
125,8923,shanton tashi dorje shechen 979.jpg,shanton tashi dorje shechen 979_thumb.jpg,/uploads/person/shanton tashi dorje shechen 979.jpg,/uploads/person/shanton tashi dorje shechen 979_thumb.jpg,,Padma Publishing,1,2,2009-09-10 11:49:23,2,2009-09-10 11:49:38,
126,1754,Trulshig sengge gyabpa shechen 977.jpg,Trulshig sengge gyabpa shechen 977_thumb.jpg,/uploads/person/Trulshig sengge gyabpa shechen 977.jpg,/uploads/person/Trulshig sengge gyabpa shechen 977_thumb.jpg,,Padma Publishing,1,2,2009-09-11 9:47:24,,,
130,4043,kumaradza shechen 976.jpg,kumaradza shechen 976_thumb.jpg,/uploads/person/kumaradza shechen 976.jpg,/uploads/person/kumaradza shechen 976_thumb.jpg,,Shechen Archives,1,2,2009-09-11 10:05:27,,,
131,9169,Rigdzin Pema Trinle shechen 39.jpg,Rigdzin Pema Trinle shechen 39_thumb.jpg,/uploads/person/Rigdzin Pema Trinle shechen 39.jpg,/uploads/person/Rigdzin Pema Trinle shechen 39_thumb.jpg,,Shechen Archives,0,2,2009-09-11 10:07:22,,,
133,6653,52848975.Shubu Palgyi Sengge.jpg,52848975.Shubu Palgyi Sengge_thumb.jpg,/uploads/person/52848975.Shubu Palgyi Sengge.jpg,/uploads/person/52848975.Shubu Palgyi Sengge_thumb.jpg,52848975,,1,2,2009-09-11 13:40:15,,,
134,10301,Pema Ledrel Tsel shechen 963.jpg,Pema Ledrel Tsel shechen 963_thumb.jpg,/uploads/person/Pema Ledrel Tsel shechen 963.jpg,/uploads/person/Pema Ledrel Tsel shechen 963_thumb.jpg,,Padma Publishing,1,2,2009-09-11 14:53:34,,,
135,8574,Andzom Drugpa shechen 15275.jpg,Andzom Drugpa shechen 15275_thumb.jpg,/uploads/person/Andzom Drugpa shechen 15275.jpg,/uploads/person/Andzom Drugpa shechen 15275_thumb.jpg,15275,Shechen Archives,1,2,2009-09-14 18:06:31,,,
136,4044,Shechen Rabjam 4 Pema Namgyal 15275.jpg,Shechen Rabjam 4 Pema Namgyal 15275_thumb.jpg,/uploads/person/Shechen Rabjam 4 Pema Namgyal 15275.jpg,/uploads/person/Shechen Rabjam 4 Pema Namgyal 15275_thumb.jpg,15275,Shechen Archives,1,2,2009-09-14 18:13:39,,,
137,8181,chogling handprint 65670.jpg,chogling handprint 65670_thumb.jpg,/uploads/person/chogling handprint 65670.jpg,/uploads/person/chogling handprint 65670_thumb.jpg,65670,,0,4,2009-09-16 11:37:00,2,2010-02-04 17:18:11,
138,10815,61 Naro Vajrayogini.jpg,61 Naro Vajrayogini_thumb.jpg,/uploads/person/61 Naro Vajrayogini.jpg,/uploads/person/61 Naro Vajrayogini_thumb.jpg,61,,0,2,2009-09-21 14:34:35,,,
139,10815,lekpa.jpg,lekpa_thumb.jpg,/uploads/person/lekpa.jpg,/uploads/person/lekpa_thumb.jpg,,Jeff Watt,1,2,2009-09-23 9:09:14,,,
140,7429,Orgyan Lingpa shechen 444.jpg,Orgyan Lingpa shechen 444_thumb.jpg,/uploads/person/Orgyan Lingpa shechen 444.jpg,/uploads/person/Orgyan Lingpa shechen 444_thumb.jpg,,Shechen,1,2,2009-09-23 15:41:07,,,
145,2919,sonam tsemo 23.jpg,sonam tsemo 23_thumb.jpg,/uploads/person/sonam tsemo 23.jpg,/uploads/person/sonam tsemo 23_thumb.jpg,23,,1,2,2009-09-24 11:48:14,,,
150,2916,Sachen 459.jpg,Sachen 459_thumb.jpg,/uploads/person/Sachen 459.jpg,/uploads/person/Sachen 459_thumb.jpg,459,,1,2,2009-09-24 15:11:52,,,
151,2916,Sachen 203.jpg,Sachen 203_thumb.jpg,/uploads/person/Sachen 203.jpg,/uploads/person/Sachen 203_thumb.jpg,203,,0,2,2009-09-24 15:12:25,,,
152,2916,Sachen 705.jpg,Sachen 705_thumb.jpg,/uploads/person/Sachen 705.jpg,/uploads/person/Sachen 705_thumb.jpg,705,,0,2,2009-09-24 15:13:35,,,
153,2916,Sachen 944.jpg,Sachen 944_thumb.jpg,/uploads/person/Sachen 944.jpg,/uploads/person/Sachen 944_thumb.jpg,944,,0,2,2009-09-24 15:14:42,,,
154,13026,Wensapa 267.jpg,Wensapa 267_thumb.jpg,/uploads/person/Wensapa 267.jpg,/uploads/person/Wensapa 267_thumb.jpg,267,,0,2,2009-09-24 18:10:23,,,
155,13026,Wensapa 286.jpg,Wensapa 286_thumb.jpg,/uploads/person/Wensapa 286.jpg,/uploads/person/Wensapa 286_thumb.jpg,286,,1,2,2009-09-24 18:10:36,,,
156,12521,sanggye yeshe 477.jpg,sanggye yeshe 477_thumb.jpg,/uploads/person/sanggye yeshe 477.jpg,/uploads/person/sanggye yeshe 477_thumb.jpg,477,,1,2,2009-09-25 15:59:42,,,
157,2915,Dragpa Gyaltsen 580.jpg,Dragpa Gyaltsen 580_thumb.jpg,/uploads/person/Dragpa Gyaltsen 580.jpg,/uploads/person/Dragpa Gyaltsen 580_thumb.jpg,580,,1,2,2009-10-04 11:56:21,,,
158,2915,Dragpa Gyaltsen 546.jpg,Dragpa Gyaltsen 546_thumb.jpg,/uploads/person/Dragpa Gyaltsen 546.jpg,/uploads/person/Dragpa Gyaltsen 546_thumb.jpg,546,,0,2,2009-10-04 11:56:35,,,
159,2915,Dragpa Gyaltsen 67.jpg,Dragpa Gyaltsen 67_thumb.jpg,/uploads/person/Dragpa Gyaltsen 67.jpg,/uploads/person/Dragpa Gyaltsen 67_thumb.jpg,67,,0,2,2009-10-04 11:56:48,,,
160,3006,Ngari Panchen 285.jpg,Ngari Panchen 285_thumb.jpg,/uploads/person/Ngari Panchen 285.jpg,/uploads/person/Ngari Panchen 285_thumb.jpg,285,,1,2,2009-10-05 14:43:45,,,
161,5457,Jigme Lingpa 285.jpg,Jigme Lingpa 285_thumb.jpg,/uploads/person/Jigme Lingpa 285.jpg,/uploads/person/Jigme Lingpa 285_thumb.jpg,285,,0,2,2009-10-05 14:44:39,,,
162,9688,Dudjom shechen 1236.jpg,Dudjom shechen 1236_thumb.jpg,/uploads/person/Dudjom shechen 1236.jpg,/uploads/person/Dudjom shechen 1236_thumb.jpg,,Chris Conlon,0,2,2009-10-05 17:12:27,,,
163,9688,Dudjom Lingpa.jpg,Dudjom Lingpa_thumb.jpg,/uploads/person/Dudjom Lingpa.jpg,/uploads/person/Dudjom Lingpa_thumb.jpg,,Anonomous,0,2,2009-10-05 17:13:14,,,
164,6285,Khyungpo Naljor 102218 detail.jpg,Khyungpo Naljor 102218 detail_thumb.jpg,/uploads/person/Khyungpo Naljor 102218 detail.jpg,/uploads/person/Khyungpo Naljor 102218 detail_thumb.jpg,,Shechen,1,2,2009-10-07 10:12:27,,,
165,5717,Atisha 973.jpg,Atisha 973_thumb.jpg,/uploads/person/Atisha 973.jpg,/uploads/person/Atisha 973_thumb.jpg,973,,1,2,2009-10-07 10:48:45,,,
166,4344,Bodong Panchen 68886.jpg,Bodong Panchen 68886_thumb.jpg,/uploads/person/Bodong Panchen 68886.jpg,/uploads/person/Bodong Panchen 68886_thumb.jpg,68886,,1,2,2009-10-15 10:33:35,,,
172,8825,DilgoKhyentse_37_detail.jpg,DilgoKhyentse_37_detail_thumb.jpg,/uploads/person/DilgoKhyentse_37_detail.jpg,/uploads/person/DilgoKhyentse_37_detail_thumb.jpg,,,1,1,2009-10-15 14:05:20,,,
173,8825,DilgoKhyentse_38_detail.jpg,DilgoKhyentse_38_detail_thumb.jpg,/uploads/person/DilgoKhyentse_38_detail.jpg,/uploads/person/DilgoKhyentse_38_detail_thumb.jpg,,,0,1,2009-10-15 14:05:41,,,
174,8752,jf_blo grags_1.jpg,jf_blo grags_1_thumb.jpg,/uploads/person/jf_blo grags_1.jpg,/uploads/person/jf_blo grags_1_thumb.jpg,,Jonang Foundation,1,2,2009-10-16 11:13:32,,,
175,9990,im_121.jpg,im_121_thumb.jpg,/uploads/person/im_121.jpg,/uploads/person/im_121_thumb.jpg,,Shechen,0,2,2009-10-16 14:29:32,,,
176,9990,im_177.jpg,im_177_thumb.jpg,/uploads/person/im_177.jpg,/uploads/person/im_177_thumb.jpg,,Shechen,1,2,2009-10-16 14:29:55,2,2015-09-10 15:13:41,
177,9990,Chokyi Lodro 15528.jpg,Chokyi Lodro 15528_thumb.jpg,/uploads/person/Chokyi Lodro 15528.jpg,/uploads/person/Chokyi Lodro 15528_thumb.jpg,15528,,0,2,2009-10-16 14:50:56,2,2015-09-10 15:13:31,
178,3866,image001.jpg,image001_thumb.jpg,/uploads/person/image001.jpg,/uploads/person/image001_thumb.jpg,,,1,2,2009-10-23 14:41:32,,,
180,3085,80357.jpg,80357_thumb.jpg,/uploads/person/80357.jpg,/uploads/person/80357_thumb.jpg,80357,,1,2,2009-10-28 11:18:12,,,
181,9839,Panchen 1 344.jpg,Panchen 1 344_thumb.jpg,/uploads/person/Panchen 1 344.jpg,/uploads/person/Panchen 1 344_thumb.jpg,344,,1,2,2009-10-30 14:14:53,,,
182,9839,Panchen 1 477.jpg,Panchen 1 477_thumb.jpg,/uploads/person/Panchen 1 477.jpg,/uploads/person/Panchen 1 477_thumb.jpg,477,,0,2,2009-10-30 14:15:10,,,
184,6746,80396.jpg,80396_thumb.jpg,/uploads/person/80396.jpg,/uploads/person/80396_thumb.jpg,80396,,0,2,2009-11-04 10:58:20,,,
185,2683,Karmapa 01 107.jpg,Karmapa 01 107_thumb.jpg,/uploads/person/Karmapa 01 107.jpg,/uploads/person/Karmapa 01 107_thumb.jpg,107,,1,2,2009-11-05 15:56:16,,,
187,2683,Karmapa 01 354.jpg,Karmapa 01 354_thumb.jpg,/uploads/person/Karmapa 01 354.jpg,/uploads/person/Karmapa 01 354_thumb.jpg,354,,0,2,2009-11-05 15:57:35,342,2022-02-07 15:58:51,
188,2683,karmapa 01 561.jpg,karmapa 01 561_thumb.jpg,/uploads/person/karmapa 01 561.jpg,/uploads/person/karmapa 01 561_thumb.jpg,561,,0,2,2009-11-05 15:57:57,,,
189,8027,Khedrub 56.jpg,Khedrub 56_thumb.jpg,/uploads/person/Khedrub 56.jpg,/uploads/person/Khedrub 56_thumb.jpg,56,,1,2,2009-11-11 16:26:24,,,
191,8027,80393.jpg,80393_thumb.jpg,/uploads/person/80393.jpg,/uploads/person/80393_thumb.jpg,80393,,0,2,2009-11-11 16:27:05,,,
192,8027,Khedrub 18.jpg,Khedrub 18_thumb.jpg,/uploads/person/Khedrub 18.jpg,/uploads/person/Khedrub 18_thumb.jpg,18,,0,2,2009-11-11 16:27:18,,,
194,8027,Khendrub 76.jpg,Khendrub 76_thumb.jpg,/uploads/person/Khendrub 76.jpg,/uploads/person/Khendrub 76_thumb.jpg,76,,0,2,2009-11-11 16:27:53,,,
195,8027,Khendrub 410.jpg,Khendrub 410_thumb.jpg,/uploads/person/Khendrub 410.jpg,/uploads/person/Khendrub 410_thumb.jpg,410,,0,2,2009-11-11 16:28:09,,,
196,8027,Khedrub 595.jpg,Khedrub 595_thumb.jpg,/uploads/person/Khedrub 595.jpg,/uploads/person/Khedrub 595_thumb.jpg,595,,0,2,2009-11-11 16:43:00,,,
197,9095,80392.jpg,80392_thumb.jpg,/uploads/person/80392.jpg,/uploads/person/80392_thumb.jpg,80392,,0,2,2009-11-13 10:42:37,,,
198,5786,110.jpg,110_thumb.jpg,/uploads/person/110.jpg,/uploads/person/110_thumb.jpg,110,,1,2,2009-11-16 18:37:04,,,
199,6285,87603.jpg,87603_thumb.jpg,/uploads/person/87603.jpg,/uploads/person/87603_thumb.jpg,87603,,0,2,2009-11-18 11:59:12,,,
200,11141,Tashi Peltseg 65168.jpg,Tashi Peltseg 65168_thumb.jpg,/uploads/person/Tashi Peltseg 65168.jpg,/uploads/person/Tashi Peltseg 65168_thumb.jpg,65168,,1,2,2009-11-18 16:33:06,,,
201,6452,puchungwa 376.jpg,puchungwa 376_thumb.jpg,/uploads/person/puchungwa 376.jpg,/uploads/person/puchungwa 376_thumb.jpg,376,,1,2,2009-11-19 17:29:20,2,2009-11-19 17:29:24,
203,5615,Drokmi 65478.jpg,Drokmi 65478_thumb.jpg,/uploads/person/Drokmi 65478.jpg,/uploads/person/Drokmi 65478_thumb.jpg,65478,,1,2,2009-11-20 16:08:05,,,
204,4349,namkha pelzang 65193.jpg,namkha pelzang 65193_thumb.jpg,/uploads/person/namkha pelzang 65193.jpg,/uploads/person/namkha pelzang 65193_thumb.jpg,65193,,1,2,2009-11-20 17:38:24,,,
205,3168,Gampopa 276.jpg,Gampopa 276_thumb.jpg,/uploads/person/Gampopa 276.jpg,/uploads/person/Gampopa 276_thumb.jpg,276,,1,2,2009-12-02 13:33:30,,,
206,3168,Gampopa 536.jpg,Gampopa 536_thumb.jpg,/uploads/person/Gampopa 536.jpg,/uploads/person/Gampopa 536_thumb.jpg,536,,0,2,2009-12-02 13:33:42,,,
207,3168,Gampopa 561.jpg,Gampopa 561_thumb.jpg,/uploads/person/Gampopa 561.jpg,/uploads/person/Gampopa 561_thumb.jpg,561,,0,2,2009-12-02 13:33:54,,,
208,4630,65193 zurchen.jpg,65193 zurchen_thumb.jpg,/uploads/person/65193 zurchen.jpg,/uploads/person/65193 zurchen_thumb.jpg,65193,,1,2,2009-12-04 17:25:44,,,
209,4632,Zurchung 65193.jpg,Zurchung 65193_thumb.jpg,/uploads/person/Zurchung 65193.jpg,/uploads/person/Zurchung 65193_thumb.jpg,65193,,1,2,2009-12-09 14:07:31,,,
210,9634,Shamarpa 01 407.jpg,Shamarpa 01 407_thumb.jpg,/uploads/person/Shamarpa 01 407.jpg,/uploads/person/Shamarpa 01 407_thumb.jpg,407,,1,2,2009-12-11 15:23:26,,,
212,13072,norlha-small.jpg,norlha-small_thumb.jpg,/uploads/person/norlha-small.jpg,/uploads/person/norlha-small_thumb.jpg,,Han Dazai,1,2,2010-01-04 12:56:12,,,
213,2051,Pagpa 723.jpg,Pagpa 723_thumb.jpg,/uploads/person/Pagpa 723.jpg,/uploads/person/Pagpa 723_thumb.jpg,723,,0,2,2010-01-20 16:28:34,,,
214,2051,Pagpa 65046.jpg,Pagpa 65046_thumb.jpg,/uploads/person/Pagpa 65046.jpg,/uploads/person/Pagpa 65046_thumb.jpg,65046,,0,2,2010-01-20 16:28:51,,,
215,2137,sapan 162.jpg,sapan 162_thumb.jpg,/uploads/person/sapan 162.jpg,/uploads/person/sapan 162_thumb.jpg,162,,0,2,2010-01-22 14:51:10,,,
216,2137,Sapan 695.jpg,Sapan 695_thumb.jpg,/uploads/person/Sapan 695.jpg,/uploads/person/Sapan 695_thumb.jpg,695,,1,2,2010-01-22 14:51:23,,,
217,2137,sapan 935.jpg,sapan 935_thumb.jpg,/uploads/person/sapan 935.jpg,/uploads/person/sapan 935_thumb.jpg,935,,0,2,2010-01-22 14:51:35,,,
218,2051,pagpa 162.jpg,pagpa 162_thumb.jpg,/uploads/person/pagpa 162.jpg,/uploads/person/pagpa 162_thumb.jpg,162,,0,2,2010-01-22 14:58:45,,,
219,2051,pagpa 695.jpg,pagpa 695_thumb.jpg,/uploads/person/pagpa 695.jpg,/uploads/person/pagpa 695_thumb.jpg,695,,1,2,2010-01-22 14:59:01,2,2010-01-22 14:59:25,
222,2491,79792.jpg,79792_thumb.jpg,/uploads/person/79792.jpg,/uploads/person/79792_thumb.jpg,79792,,0,2,2010-02-01 10:13:44,,,
223,12883,79694.jpg,79694_thumb.jpg,/uploads/person/79694.jpg,/uploads/person/79694_thumb.jpg,79694,,1,2,2010-02-01 12:08:23,,,
224,2491,65358.jpg,65358_thumb.jpg,/uploads/person/65358.jpg,/uploads/person/65358_thumb.jpg,65358,,1,2,2010-02-01 15:28:20,2,2010-02-01 15:28:32,
225,10683,yaton.jpg,yaton_thumb.jpg,/uploads/person/yaton.jpg,/uploads/person/yaton_thumb.jpg,66295,,1,2,2010-02-03 16:16:18,,,
226,8181,Choling 65670.jpg,Choling 65670_thumb.jpg,/uploads/person/Choling 65670.jpg,/uploads/person/Choling 65670_thumb.jpg,65670,,1,2,2010-02-04 17:18:02,,,
227,8891,Guru Jober.jpg,Guru Jober_thumb.jpg,/uploads/person/Guru Jober.jpg,/uploads/person/Guru Jober_thumb.jpg,,Shechen,1,2,2010-02-08 14:35:17,,,
228,4425,Patrul Shechen.jpg,Patrul Shechen_thumb.jpg,/uploads/person/Patrul Shechen.jpg,/uploads/person/Patrul Shechen_thumb.jpg,,Shechen,1,2,2010-02-10 10:52:19,,,
230,4425,80189.jpg,80189_thumb.jpg,/uploads/person/80189.jpg,/uploads/person/80189_thumb.jpg,80189,,0,2,2010-02-10 10:54:01,,,
231,5588,66247 Guru Chowang.jpg,66247 Guru Chowang_thumb.jpg,/uploads/person/66247 Guru Chowang.jpg,/uploads/person/66247 Guru Chowang_thumb.jpg,66247,,1,2,2010-02-10 12:07:12,,,
233,5588,guru chowang shechen 57.jpg,guru chowang shechen 57_thumb.jpg,/uploads/person/guru chowang shechen 57.jpg,/uploads/person/guru chowang shechen 57_thumb.jpg,,Shechen,0,2,2010-02-10 12:16:10,,,
234,3006,66253 ngari panchen.jpg,66253 ngari panchen_thumb.jpg,/uploads/person/66253 ngari panchen.jpg,/uploads/person/66253 ngari panchen_thumb.jpg,66253,,0,2,2010-02-10 12:17:35,,,
235,4425,Patrul 61234.jpg,Patrul 61234_thumb.jpg,/uploads/person/Patrul 61234.jpg,/uploads/person/Patrul 61234_thumb.jpg,61234,,0,2,2010-02-10 12:18:14,,,
236,4291,15476.jpg,15476_thumb.jpg,/uploads/person/15476.jpg,/uploads/person/15476_thumb.jpg,15476,,0,2,2010-02-12 17:51:22,,,
237,2789,"Gnyos,artmarketwatch4-5-5s.jpg","Gnyos,artmarketwatch4-5-5s_thumb.jpg","/uploads/person/Gnyos,artmarketwatch4-5-5s.jpg","/uploads/person/Gnyos,artmarketwatch4-5-5s_thumb.jpg",89145,,1,2,2010-02-17 10:47:41,,,
238,2891,drakpa gyaltsen 65826.jpg,drakpa gyaltsen 65826_thumb.jpg,/uploads/person/drakpa gyaltsen 65826.jpg,/uploads/person/drakpa gyaltsen 65826_thumb.jpg,65826,,1,2,2010-02-17 12:55:28,,,
239,9646,Dzogchen 05 photograph Shechen.jpg,Dzogchen 05 photograph Shechen_thumb.jpg,/uploads/person/Dzogchen 05 photograph Shechen.jpg,/uploads/person/Dzogchen 05 photograph Shechen_thumb.jpg,,Shechen,1,2,2010-02-17 18:43:18,,,
240,9646,Dzogchen 05 Shechen.jpg,Dzogchen 05 Shechen_thumb.jpg,/uploads/person/Dzogchen 05 Shechen.jpg,/uploads/person/Dzogchen 05 Shechen_thumb.jpg,,Shechen,0,2,2010-02-17 18:43:30,,,
242,13077,52848977.jpg,52848977_thumb.jpg,/uploads/person/52848977.jpg,/uploads/person/52848977_thumb.jpg,52848977,,1,2,2010-02-18 11:07:15,,,
243,13077,80133.jpg,80133_thumb.jpg,/uploads/person/80133.jpg,/uploads/person/80133_thumb.jpg,80133,,0,2,2010-02-18 11:10:01,,,
245,4267,79655.jpg,79655_thumb.jpg,/uploads/person/79655.jpg,/uploads/person/79655_thumb.jpg,79655,,1,2,2010-02-26 15:50:22,,,
246,11986,276 Gyalwang je.jpg,276 Gyalwang je_thumb.jpg,/uploads/person/276 Gyalwang je.jpg,/uploads/person/276 Gyalwang je_thumb.jpg,276,,1,2,2010-02-26 16:54:31,,,
247,11462,276 yontan yeshe.jpg,276 yontan yeshe_thumb.jpg,/uploads/person/276 yontan yeshe.jpg,/uploads/person/276 yontan yeshe_thumb.jpg,276,,1,2,2010-02-26 16:57:32,,,
248,3028,276 Lodro Sengge.jpg,276 Lodro Sengge_thumb.jpg,/uploads/person/276 Lodro Sengge.jpg,/uploads/person/276 Lodro Sengge_thumb.jpg,276,,1,2,2010-03-01 11:55:02,2,2010-03-01 11:59:14,
250,8637,276 Sengge Gyalpo.jpg,276 Sengge Gyalpo_thumb.jpg,/uploads/person/276 Sengge Gyalpo.jpg,/uploads/person/276 Sengge Gyalpo_thumb.jpg,276,,1,2,2010-03-01 12:01:58,,,
251,11909,276 Shonnu Sengge.jpg,276 Shonnu Sengge_thumb.jpg,/uploads/person/276 Shonnu Sengge.jpg,/uploads/person/276 Shonnu Sengge_thumb.jpg,276,,1,2,2010-03-01 12:04:14,,,
252,4350,276 Yeshe Rinchen.jpg,276 Yeshe Rinchen_thumb.jpg,/uploads/person/276 Yeshe Rinchen.jpg,/uploads/person/276 Yeshe Rinchen_thumb.jpg,276,,1,2,2010-03-01 12:07:32,,,
253,4352,276 Dorje Rinchen.jpg,276 Dorje Rinchen_thumb.jpg,/uploads/person/276 Dorje Rinchen.jpg,/uploads/person/276 Dorje Rinchen_thumb.jpg,276,,1,2,2010-03-01 12:27:33,,,
254,11942,276 Sengge sherab.jpg,276 Sengge sherab_thumb.jpg,/uploads/person/276 Sengge sherab.jpg,/uploads/person/276 Sengge sherab_thumb.jpg,276,,1,2,2010-03-03 19:07:24,,,
255,11942,416 Sengge Sherab.jpg,416 Sengge Sherab_thumb.jpg,/uploads/person/416 Sengge Sherab.jpg,/uploads/person/416 Sengge Sherab_thumb.jpg,416,,0,2,2010-03-04 11:34:36,,,
256,8361,276 Khyentse Tokden.jpg,276 Khyentse Tokden_thumb.jpg,/uploads/person/276 Khyentse Tokden.jpg,/uploads/person/276 Khyentse Tokden_thumb.jpg,276,,1,2,2010-03-05 17:26:59,,,
257,11441,276 Jamyang Chodrak.jpg,276 Jamyang Chodrak_thumb.jpg,/uploads/person/276 Jamyang Chodrak.jpg,/uploads/person/276 Jamyang Chodrak_thumb.jpg,276,,1,2,2010-03-10 17:20:48,,,
258,2980,Nyamme Sherab Gyaltsen.jpg,Nyamme Sherab Gyaltsen_thumb.jpg,/uploads/person/Nyamme Sherab Gyaltsen.jpg,/uploads/person/Nyamme Sherab Gyaltsen_thumb.jpg,200010,,1,2,2010-03-19 16:11:23,,,
259,5461,79875.ra lotsawa.jpg,79875.ra lotsawa_thumb.jpg,/uploads/person/79875.ra lotsawa.jpg,/uploads/person/79875.ra lotsawa_thumb.jpg,79875,,1,2,2010-03-24 16:59:24,,,
260,4291,80191.khyentse wangpo.jpg,80191.khyentse wangpo_thumb.jpg,/uploads/person/80191.khyentse wangpo.jpg,/uploads/person/80191.khyentse wangpo_thumb.jpg,80191,,0,2,2010-03-24 17:17:19,2,2012-03-16 15:07:45,
261,9579,80187.gyalwai nyugu.jpg,80187.gyalwai nyugu_thumb.jpg,/uploads/person/80187.gyalwai nyugu.jpg,/uploads/person/80187.gyalwai nyugu_thumb.jpg,80187,,1,2,2010-03-24 17:21:30,,,
262,4676,80186.dodrupchen 01.jpg,80186.dodrupchen 01_thumb.jpg,/uploads/person/80186.dodrupchen 01.jpg,/uploads/person/80186.dodrupchen 01_thumb.jpg,80186,,1,2,2010-03-24 17:23:24,,,
263,3141,Changkya Rolpai Dorje.jpg,Changkya Rolpai Dorje_thumb.jpg,/uploads/person/Changkya Rolpai Dorje.jpg,/uploads/person/Changkya Rolpai Dorje_thumb.jpg,,private,0,2,2010-03-24 18:35:01,2,2012-10-01 22:31:44,
264,4085,457 kunga drolchok.jpg,457 kunga drolchok_thumb.jpg,/uploads/person/457 kunga drolchok.jpg,/uploads/person/457 kunga drolchok_thumb.jpg,457,,1,2,2010-03-30 12:33:52,,,
265,495,Cheggom.jpg,Cheggom_thumb.jpg,/uploads/person/Cheggom.jpg,/uploads/person/Cheggom_thumb.jpg,,Deities and Divinities of Tibet,1,2,2010-03-31 13:11:26,,,
268,12828,Dalai Lama 02.jpg,Dalai Lama 02_thumb.jpg,/uploads/person/Dalai Lama 02.jpg,/uploads/person/Dalai Lama 02_thumb.jpg,327,,1,2,2010-03-31 16:25:16,,,
278,4166,795 stupa.jpg,795 stupa_thumb.jpg,/uploads/person/795 stupa.jpg,/uploads/person/795 stupa_thumb.jpg,795,,1,2,2010-04-05 16:45:07,,,
279,13067,953 stupa.jpg,953 stupa_thumb.jpg,/uploads/person/953 stupa.jpg,/uploads/person/953 stupa_thumb.jpg,953,,1,2,2010-04-05 16:49:56,,,
280,5,953 stupa.jpg,953 stupa_thumb.jpg,/uploads/person/953 stupa.jpg,/uploads/person/953 stupa_thumb.jpg,953,,1,2,2010-04-05 16:51:32,,,
281,3744,795 stupa.jpg,795 stupa_thumb.jpg,/uploads/person/795 stupa.jpg,/uploads/person/795 stupa_thumb.jpg,795,,1,2,2010-04-05 16:54:34,,,
282,6672,953 stupa.jpg,953 stupa_thumb.jpg,/uploads/person/953 stupa.jpg,/uploads/person/953 stupa_thumb.jpg,953,,1,2,2010-04-05 16:56:59,,,
283,4291,99 JKW.jpg,99 JKW_thumb.jpg,/uploads/person/99 JKW.jpg,/uploads/person/99 JKW_thumb.jpg,99,,0,2,2010-04-05 17:10:51,,,
284,4291,"65265 JKW, K, and CL.jpg","65265 JKW, K, and CL_thumb.jpg","/uploads/person/65265 JKW, K, and CL.jpg","/uploads/person/65265 JKW, K, and CL_thumb.jpg",65265,,0,2,2010-04-05 17:11:05,,,
285,4291,87649 JKW.jpg,87649 JKW_thumb.jpg,/uploads/person/87649 JKW.jpg,/uploads/person/87649 JKW_thumb.jpg,87649,,0,2,2010-04-05 17:11:27,,,
286,4168,953 stupa.jpg,953 stupa_thumb.jpg,/uploads/person/953 stupa.jpg,/uploads/person/953 stupa_thumb.jpg,953,,1,2,2010-04-05 17:20:36,2,2010-04-05 17:20:41,
287,3181,953 stupa.jpg,953 stupa_thumb.jpg,/uploads/person/953 stupa.jpg,/uploads/person/953 stupa_thumb.jpg,953,,1,2,2010-04-05 17:54:06,,,
288,7373,795 stupa.jpg,795 stupa_thumb.jpg,/uploads/person/795 stupa.jpg,/uploads/person/795 stupa_thumb.jpg,795,,1,2,2010-04-05 17:55:10,,,
289,13073,953 stupa.jpg,953 stupa_thumb.jpg,/uploads/person/953 stupa.jpg,/uploads/person/953 stupa_thumb.jpg,953,,1,2,2010-04-05 17:56:30,,,
290,2774,795 stupa.jpg,795 stupa_thumb.jpg,/uploads/person/795 stupa.jpg,/uploads/person/795 stupa_thumb.jpg,795,,1,2,2010-04-05 17:58:47,,,
291,2812,795 stupa.jpg,795 stupa_thumb.jpg,/uploads/person/795 stupa.jpg,/uploads/person/795 stupa_thumb.jpg,795,,1,2,2010-04-07 11:06:34,,,
292,3175,953 stupa.jpg,953 stupa_thumb.jpg,/uploads/person/953 stupa.jpg,/uploads/person/953 stupa_thumb.jpg,935,,1,2,2010-04-07 11:20:56,,,
294,6489,795 stupa.jpg,795 stupa_thumb.jpg,/uploads/person/795 stupa.jpg,/uploads/person/795 stupa_thumb.jpg,795,,1,2,2010-04-07 11:24:36,,,
295,4167,953 stupa.jpg,953 stupa_thumb.jpg,/uploads/person/953 stupa.jpg,/uploads/person/953 stupa_thumb.jpg,953,,1,2,2010-04-07 11:26:26,,,
296,10824,795 stupa.jpg,795 stupa_thumb.jpg,/uploads/person/795 stupa.jpg,/uploads/person/795 stupa_thumb.jpg,795,,1,2,2010-04-07 11:27:25,,,
297,4115,795 stupa.jpg,795 stupa_thumb.jpg,/uploads/person/795 stupa.jpg,/uploads/person/795 stupa_thumb.jpg,795,,1,2,2010-04-07 11:28:22,,,
299,3890,795 stupa.jpg,795 stupa_thumb.jpg,/uploads/person/795 stupa.jpg,/uploads/person/795 stupa_thumb.jpg,795,,1,2,2010-04-07 11:30:20,,,
300,2799,953 stupa.jpg,953 stupa_thumb.jpg,/uploads/person/953 stupa.jpg,/uploads/person/953 stupa_thumb.jpg,953,,1,2,2010-04-07 11:31:39,,,
301,11352,953 stupa.jpg,953 stupa_thumb.jpg,/uploads/person/953 stupa.jpg,/uploads/person/953 stupa_thumb.jpg,953,,1,2,2010-04-07 11:34:33,,,
303,2823,795 stupa.jpg,795 stupa_thumb.jpg,/uploads/person/795 stupa.jpg,/uploads/person/795 stupa_thumb.jpg,795,,1,2,2010-04-07 11:55:16,,,
304,13076,953 stupa.jpg,953 stupa_thumb.jpg,/uploads/person/953 stupa.jpg,/uploads/person/953 stupa_thumb.jpg,953,,1,2,2010-04-07 11:58:46,,,
305,3881,795 stupa.jpg,795 stupa_thumb.jpg,/uploads/person/795 stupa.jpg,/uploads/person/795 stupa_thumb.jpg,795,,1,2,2010-04-07 13:06:49,,,
306,13063,953 stupa.jpg,953 stupa_thumb.jpg,/uploads/person/953 stupa.jpg,/uploads/person/953 stupa_thumb.jpg,953,,1,2,2010-04-07 13:14:33,,,
307,2790,953 stupa.jpg,953 stupa_thumb.jpg,/uploads/person/953 stupa.jpg,/uploads/person/953 stupa_thumb.jpg,953,,1,2,2010-04-07 13:32:32,,,
308,2806,795 stupa.jpg,795 stupa_thumb.jpg,/uploads/person/795 stupa.jpg,/uploads/person/795 stupa_thumb.jpg,795,,1,2,2010-04-07 13:51:00,,,
309,2798,795 stupa.jpg,795 stupa_thumb.jpg,/uploads/person/795 stupa.jpg,/uploads/person/795 stupa_thumb.jpg,795,,1,2,2010-04-07 14:38:41,,,
310,13064,953 stupa.jpg,953 stupa_thumb.jpg,/uploads/person/953 stupa.jpg,/uploads/person/953 stupa_thumb.jpg,953,,1,2,2010-04-07 14:48:35,,,
311,4150,795 stupa.jpg,795 stupa_thumb.jpg,/uploads/person/795 stupa.jpg,/uploads/person/795 stupa_thumb.jpg,795,,1,2,2010-04-07 14:50:35,,,
312,9482,953 stupa.jpg,953 stupa_thumb.jpg,/uploads/person/953 stupa.jpg,/uploads/person/953 stupa_thumb.jpg,953,,1,2,2010-04-07 14:53:04,,,
313,1981,795 stupa.jpg,795 stupa_thumb.jpg,/uploads/person/795 stupa.jpg,/uploads/person/795 stupa_thumb.jpg,795,,1,2,2010-04-07 14:58:53,,,
314,1722,795 stupa.jpg,795 stupa_thumb.jpg,/uploads/person/795 stupa.jpg,/uploads/person/795 stupa_thumb.jpg,795,,1,2,2010-04-07 15:13:33,,,
315,10258,795 stupa.jpg,795 stupa_thumb.jpg,/uploads/person/795 stupa.jpg,/uploads/person/795 stupa_thumb.jpg,795,,1,2,2010-04-07 15:42:41,,,
316,6547,953 stupa.jpg,953 stupa_thumb.jpg,/uploads/person/953 stupa.jpg,/uploads/person/953 stupa_thumb.jpg,953,,1,2,2010-04-07 15:46:35,,,
318,13065,795 stupa.jpg,795 stupa_thumb.jpg,/uploads/person/795 stupa.jpg,/uploads/person/795 stupa_thumb.jpg,795,,1,2,2010-04-07 15:55:34,,,
320,3469,795 stupa.jpg,795 stupa_thumb.jpg,/uploads/person/795 stupa.jpg,/uploads/person/795 stupa_thumb.jpg,795,,1,2,2010-04-07 16:24:45,,,
321,3939,953 stupa.jpg,953 stupa_thumb.jpg,/uploads/person/953 stupa.jpg,/uploads/person/953 stupa_thumb.jpg,953,,1,2,2010-04-07 16:30:34,,,
322,6278,795 stupa.jpg,795 stupa_thumb.jpg,/uploads/person/795 stupa.jpg,/uploads/person/795 stupa_thumb.jpg,795,,1,2,2010-04-07 16:32:01,,,
323,4170,953 stupa.jpg,953 stupa_thumb.jpg,/uploads/person/953 stupa.jpg,/uploads/person/953 stupa_thumb.jpg,953,,1,2,2010-04-07 16:36:28,,,
324,13061,953 stupa.jpg,953 stupa_thumb.jpg,/uploads/person/953 stupa.jpg,/uploads/person/953 stupa_thumb.jpg,953,,1,2,2010-04-07 17:03:32,,,
325,11471,953 stupa.jpg,953 stupa_thumb.jpg,/uploads/person/953 stupa.jpg,/uploads/person/953 stupa_thumb.jpg,953,,1,2,2010-04-07 17:05:43,,,
326,3673,795 stupa.jpg,795 stupa_thumb.jpg,/uploads/person/795 stupa.jpg,/uploads/person/795 stupa_thumb.jpg,795,,1,2,2010-04-07 17:14:40,,,
327,11453,795 stupa.jpg,795 stupa_thumb.jpg,/uploads/person/795 stupa.jpg,/uploads/person/795 stupa_thumb.jpg,795,,1,2,2010-04-07 17:18:07,,,
328,7673,795 stupa.jpg,795 stupa_thumb.jpg,/uploads/person/795 stupa.jpg,/uploads/person/795 stupa_thumb.jpg,795,,1,2,2010-04-07 17:44:15,,,
329,13075,953 stupa.jpg,953 stupa_thumb.jpg,/uploads/person/953 stupa.jpg,/uploads/person/953 stupa_thumb.jpg,953,,1,2,2010-04-07 17:47:15,,,
330,4119,795 stupa.jpg,795 stupa_thumb.jpg,/uploads/person/795 stupa.jpg,/uploads/person/795 stupa_thumb.jpg,795,,1,2,2010-04-07 17:54:25,,,
332,10531,795 stupa.jpg,795 stupa_thumb.jpg,/uploads/person/795 stupa.jpg,/uploads/person/795 stupa_thumb.jpg,795,,1,2,2010-04-07 18:06:08,,,
333,12096,lopon_sangye_tenzin_large.jpg-for-web-small.jpg,lopon_sangye_tenzin_large.jpg-for-web-small_thumb.jpg,/uploads/person/lopon_sangye_tenzin_large.jpg-for-web-small.jpg,/uploads/person/lopon_sangye_tenzin_large.jpg-for-web-small_thumb.jpg,,,1,2,2010-04-07 18:09:45,,,
334,726,953 stupa.jpg,953 stupa_thumb.jpg,/uploads/person/953 stupa.jpg,/uploads/person/953 stupa_thumb.jpg,953,,1,2,2010-04-08 9:36:45,,,
335,6159,795 stupa.jpg,795 stupa_thumb.jpg,/uploads/person/795 stupa.jpg,/uploads/person/795 stupa_thumb.jpg,795,,1,2,2010-04-08 9:39:11,,,
336,9297,953 stupa.jpg,953 stupa_thumb.jpg,/uploads/person/953 stupa.jpg,/uploads/person/953 stupa_thumb.jpg,953,,1,2,2010-04-08 9:48:32,,,
337,4114,795 stupa.jpg,795 stupa_thumb.jpg,/uploads/person/795 stupa.jpg,/uploads/person/795 stupa_thumb.jpg,795,,1,2,2010-04-08 9:58:44,,,
338,3940,953 stupa.jpg,953 stupa_thumb.jpg,/uploads/person/953 stupa.jpg,/uploads/person/953 stupa_thumb.jpg,953,,1,2,2010-04-08 10:06:32,,,
339,13068,795 stupa.jpg,795 stupa_thumb.jpg,/uploads/person/795 stupa.jpg,/uploads/person/795 stupa_thumb.jpg,795,,1,2,2010-04-08 10:10:27,,,
340,13071,795 stupa.jpg,795 stupa_thumb.jpg,/uploads/person/795 stupa.jpg,/uploads/person/795 stupa_thumb.jpg,795,,1,2,2010-04-08 10:13:02,,,
341,13069,795 stupa.jpg,795 stupa_thumb.jpg,/uploads/person/795 stupa.jpg,/uploads/person/795 stupa_thumb.jpg,795,,1,2,2010-04-08 10:15:02,,,
342,13070,953 stupa.jpg,953 stupa_thumb.jpg,/uploads/person/953 stupa.jpg,/uploads/person/953 stupa_thumb.jpg,953,,1,2,2010-04-08 10:29:18,,,
343,10315,795 stupa.jpg,795 stupa_thumb.jpg,/uploads/person/795 stupa.jpg,/uploads/person/795 stupa_thumb.jpg,795,,1,2,2010-04-08 10:31:45,,,
344,4175,953 stupa.jpg,953 stupa_thumb.jpg,/uploads/person/953 stupa.jpg,/uploads/person/953 stupa_thumb.jpg,953,,1,2,2010-04-08 10:34:43,,,
345,6620,953 stupa.jpg,953 stupa_thumb.jpg,/uploads/person/953 stupa.jpg,/uploads/person/953 stupa_thumb.jpg,953,,1,2,2010-04-08 10:48:08,,,
346,2801,795 stupa.jpg,795 stupa_thumb.jpg,/uploads/person/795 stupa.jpg,/uploads/person/795 stupa_thumb.jpg,795,,1,2,2010-04-08 11:38:04,,,
348,3937,795 stupa.jpg,795 stupa_thumb.jpg,/uploads/person/795 stupa.jpg,/uploads/person/795 stupa_thumb.jpg,795,,1,2,2010-04-08 12:01:23,,,
350,13078,953 stupa.jpg,953 stupa_thumb.jpg,/uploads/person/953 stupa.jpg,/uploads/person/953 stupa_thumb.jpg,953,,1,2,2010-04-08 12:48:28,,,
351,7636,953 stupa.jpg,953 stupa_thumb.jpg,/uploads/person/953 stupa.jpg,/uploads/person/953 stupa_thumb.jpg,953,,1,2,2010-04-08 13:03:04,,,
352,4164,795 stupa.jpg,795 stupa_thumb.jpg,/uploads/person/795 stupa.jpg,/uploads/person/795 stupa_thumb.jpg,795,,1,2,2010-04-08 14:07:21,,,
353,3671,953 stupa.jpg,953 stupa_thumb.jpg,/uploads/person/953 stupa.jpg,/uploads/person/953 stupa_thumb.jpg,953,,1,2,2010-04-08 14:14:18,,,
354,4368,1005 Taklungtangpa.jpg,1005 Taklungtangpa_thumb.jpg,/uploads/person/1005 Taklungtangpa.jpg,/uploads/person/1005 Taklungtangpa_thumb.jpg,1005,,1,2,2010-04-08 14:19:42,2,2010-04-08 14:19:52,
356,4113,953 stupa.jpg,953 stupa_thumb.jpg,/uploads/person/953 stupa.jpg,/uploads/person/953 stupa_thumb.jpg,953,,1,2,2010-04-08 14:32:00,,,
357,3938,795 stupa.jpg,795 stupa_thumb.jpg,/uploads/person/795 stupa.jpg,/uploads/person/795 stupa_thumb.jpg,795,,1,2,2010-04-08 14:46:45,,,
358,7637,795 stupa.jpg,795 stupa_thumb.jpg,/uploads/person/795 stupa.jpg,/uploads/person/795 stupa_thumb.jpg,795,,1,2,2010-04-08 14:57:47,,,
360,3125,795 stupa.jpg,795 stupa_thumb.jpg,/uploads/person/795 stupa.jpg,/uploads/person/795 stupa_thumb.jpg,795,,1,2,2010-04-08 15:07:20,,,
361,13074,953 stupa.jpg,953 stupa_thumb.jpg,/uploads/person/953 stupa.jpg,/uploads/person/953 stupa_thumb.jpg,953,,1,2,2010-04-08 15:13:04,,,
364,7038,795 stupa.jpg,795 stupa_thumb.jpg,/uploads/person/795 stupa.jpg,/uploads/person/795 stupa_thumb.jpg,795,,1,2,2010-04-08 15:30:06,,,
365,6749,953 stupa.jpg,953 stupa_thumb.jpg,/uploads/person/953 stupa.jpg,/uploads/person/953 stupa_thumb.jpg,953,,1,2,2010-04-08 15:32:50,,,
366,2280,953 stupa.jpg,953 stupa_thumb.jpg,/uploads/person/953 stupa.jpg,/uploads/person/953 stupa_thumb.jpg,953,,1,2,2010-04-08 15:37:52,,,
367,6756,795 stupa.jpg,795 stupa_thumb.jpg,/uploads/person/795 stupa.jpg,/uploads/person/795 stupa_thumb.jpg,795,,1,2,2010-04-08 15:51:28,,,
368,8181,73406 Choling.jpg,73406 Choling_thumb.jpg,/uploads/person/73406 Choling.jpg,/uploads/person/73406 Choling_thumb.jpg,73406,,0,2,2010-04-14 10:34:54,,,
369,8181,65265 Khyen Kong Chog desum.jpg,65265 Khyen Kong Chog desum_thumb.jpg,/uploads/person/65265 Khyen Kong Chog desum.jpg,/uploads/person/65265 Khyen Kong Chog desum_thumb.jpg,65265,,0,2,2010-04-14 10:35:09,,,
370,3178,562 Marpa and Mila.jpg,562 Marpa and Mila_thumb.jpg,/uploads/person/562 Marpa and Mila.jpg,/uploads/person/562 Marpa and Mila_thumb.jpg,562,,0,2,2010-04-19 10:59:05,,,
371,3178,803 Mila.jpg,803 Mila_thumb.jpg,/uploads/person/803 Mila.jpg,/uploads/person/803 Mila_thumb.jpg,803,,1,2,2010-04-19 10:59:26,,,
372,3178,921 Mila.jpg,921 Mila_thumb.jpg,/uploads/person/921 Mila.jpg,/uploads/person/921 Mila_thumb.jpg,921,,0,2,2010-04-19 11:00:14,,,
373,3178,58970 Mila  Nalin.jpg,58970 Mila  Nalin_thumb.jpg,/uploads/person/58970 Mila  Nalin.jpg,/uploads/person/58970 Mila  Nalin_thumb.jpg,58970,David Nalin,0,2,2010-04-19 11:00:32,,,
374,3178,65120 Mila.jpg,65120 Mila_thumb.jpg,/uploads/person/65120 Mila.jpg,/uploads/person/65120 Mila_thumb.jpg,65120,,0,2,2010-04-19 11:00:52,,,
375,3178,65121.Mila.jpg,65121.Mila_thumb.jpg,/uploads/person/65121.Mila.jpg,/uploads/person/65121.Mila_thumb.jpg,65121,,0,2,2010-04-19 11:01:15,,,
376,2387,134.ngorchen.jpg,134.ngorchen_thumb.jpg,/uploads/person/134.ngorchen.jpg,/uploads/person/134.ngorchen_thumb.jpg,134,,1,2,2010-04-19 11:52:57,,,
377,1898,128 Muchen.jpg,128 Muchen_thumb.jpg,/uploads/person/128 Muchen.jpg,/uploads/person/128 Muchen_thumb.jpg,128,,0,2,2010-04-19 12:17:00,,,
378,1898,Muchen 368.jpg,Muchen 368_thumb.jpg,/uploads/person/Muchen 368.jpg,/uploads/person/Muchen 368_thumb.jpg,368,,1,2,2010-04-19 12:17:12,,,
379,2387,128 Ngorchen.jpg,128 Ngorchen_thumb.jpg,/uploads/person/128 Ngorchen.jpg,/uploads/person/128 Ngorchen_thumb.jpg,128,,0,2,2010-04-19 12:24:32,,,
380,4272,795 stupa.jpg,795 stupa_thumb.jpg,/uploads/person/795 stupa.jpg,/uploads/person/795 stupa_thumb.jpg,795,,1,2,2010-04-19 13:24:55,,,
381,3121,953 stupa.jpg,953 stupa_thumb.jpg,/uploads/person/953 stupa.jpg,/uploads/person/953 stupa_thumb.jpg,953,,1,2,2010-04-19 13:27:07,,,
383,2338,493 Khyentse Wangchuk.jpg,493 Khyentse Wangchuk_thumb.jpg,/uploads/person/493 Khyentse Wangchuk.jpg,/uploads/person/493 Khyentse Wangchuk_thumb.jpg,493,,1,2,2010-04-19 14:22:50,,,
386,13080,200005 Bon stupa.jpg,200005 Bon stupa_thumb.jpg,/uploads/person/200005 Bon stupa.jpg,/uploads/person/200005 Bon stupa_thumb.jpg,200005,,1,2,2010-04-19 15:15:19,,,
387,13081,200005 Bon stupa.jpg,200005 Bon stupa_thumb.jpg,/uploads/person/200005 Bon stupa.jpg,/uploads/person/200005 Bon stupa_thumb.jpg,200005,,1,2,2010-04-19 15:20:31,,,
388,13082,200005 Bon stupa.jpg,200005 Bon stupa_thumb.jpg,/uploads/person/200005 Bon stupa.jpg,/uploads/person/200005 Bon stupa_thumb.jpg,200005,,1,2,2010-04-19 15:26:02,,,
389,13083,200005 Bon stupa.jpg,200005 Bon stupa_thumb.jpg,/uploads/person/200005 Bon stupa.jpg,/uploads/person/200005 Bon stupa_thumb.jpg,200005,,1,2,2010-04-19 15:30:33,,,
390,13084,200005 Bon stupa.jpg,200005 Bon stupa_thumb.jpg,/uploads/person/200005 Bon stupa.jpg,/uploads/person/200005 Bon stupa_thumb.jpg,200005,,1,2,2010-04-19 15:35:41,,,
391,2387,457 Ngorchen.jpg,457 Ngorchen_thumb.jpg,/uploads/person/457 Ngorchen.jpg,/uploads/person/457 Ngorchen_thumb.jpg,457,,0,2,2010-04-19 16:44:53,,,
392,2915,493 drakpa gyaltsen.jpg,493 drakpa gyaltsen_thumb.jpg,/uploads/person/493 drakpa gyaltsen.jpg,/uploads/person/493 drakpa gyaltsen_thumb.jpg,493,,0,2,2010-04-19 16:47:50,,,
393,2137,493 Sapan.jpg,493 Sapan_thumb.jpg,/uploads/person/493 Sapan.jpg,/uploads/person/493 Sapan_thumb.jpg,493,,0,2,2010-04-19 16:50:03,,,
394,2387,493 kunga zangpo.jpg,493 kunga zangpo_thumb.jpg,/uploads/person/493 kunga zangpo.jpg,/uploads/person/493 kunga zangpo_thumb.jpg,493,,0,2,2010-04-19 16:52:20,,,
395,5858,493 Gorumpa.jpg,493 Gorumpa_thumb.jpg,/uploads/person/493 Gorumpa.jpg,/uploads/person/493 Gorumpa_thumb.jpg,493,,1,2,2010-04-19 16:57:08,,,
396,2595,chennga drakpa gyaltsen.jpg,chennga drakpa gyaltsen_thumb.jpg,/uploads/person/chennga drakpa gyaltsen.jpg,/uploads/person/chennga drakpa gyaltsen_thumb.jpg,,Dan Martin,1,2,2010-04-21 10:36:23,,,
397,13079,Me'u Gongdzo.jpg,Me'u Gongdzo_thumb.jpg,/uploads/person/Me'u Gongdzo.jpg,/uploads/person/Me'u Gongdzo_thumb.jpg,,Jean-Luc Achard,1,2,2010-04-21 14:14:41,,,
398,5457,65159.jigme lingpa.jpg,65159.jigme lingpa_thumb.jpg,/uploads/person/65159.jigme lingpa.jpg,/uploads/person/65159.jigme lingpa_thumb.jpg,65159,,1,2,2010-04-22 14:52:53,,,
399,5457,80185.jigme lingpa.jpg,80185.jigme lingpa_thumb.jpg,/uploads/person/80185.jigme lingpa.jpg,/uploads/person/80185.jigme lingpa_thumb.jpg,80185,,0,2,2010-04-22 14:53:12,,,
400,7164,66250.ratna lingpa1.jpg,66250.ratna lingpa1_thumb.jpg,/uploads/person/66250.ratna lingpa1.jpg,/uploads/person/66250.ratna lingpa1_thumb.jpg,66250,,1,2,2010-04-22 16:48:34,,,
401,6373,953 stupa.jpg,953 stupa_thumb.jpg,/uploads/person/953 stupa.jpg,/uploads/person/953 stupa_thumb.jpg,953,,1,2,2010-04-23 12:50:40,,,
403,6770,953 stupa.jpg,953 stupa_thumb.jpg,/uploads/person/953 stupa.jpg,/uploads/person/953 stupa_thumb.jpg,953,,1,2,2010-04-26 10:32:33,,,
404,6257,493 Sabzang.jpg,493 Sabzang_thumb.jpg,/uploads/person/493 Sabzang.jpg,/uploads/person/493 Sabzang_thumb.jpg,493,,0,2,2010-04-26 16:39:52,2,2015-03-02 11:35:10,
405,8076,795 stupa.jpg,795 stupa_thumb.jpg,/uploads/person/795 stupa.jpg,/uploads/person/795 stupa_thumb.jpg,795,,1,2,2010-04-29 10:19:40,,,
406,5977,953 stupa.jpg,953 stupa_thumb.jpg,/uploads/person/953 stupa.jpg,/uploads/person/953 stupa_thumb.jpg,953,,1,2,2010-04-29 10:44:08,,,
407,8675,953 stupa.jpg,953 stupa_thumb.jpg,/uploads/person/953 stupa.jpg,/uploads/person/953 stupa_thumb.jpg,953,,1,2,2010-04-29 10:55:14,,,
408,9254,953 stupa.jpg,953 stupa_thumb.jpg,/uploads/person/953 stupa.jpg,/uploads/person/953 stupa_thumb.jpg,953,,1,2,2010-04-29 11:07:24,,,
409,4002,953 stupa.jpg,953 stupa_thumb.jpg,/uploads/person/953 stupa.jpg,/uploads/person/953 stupa_thumb.jpg,953,,1,2,2010-04-29 15:59:05,,,
410,8101,795 stupa.jpg,795 stupa_thumb.jpg,/uploads/person/795 stupa.jpg,/uploads/person/795 stupa_thumb.jpg,795,,1,2,2010-04-29 16:05:55,,,
411,1726,493 Sumpa Lotsawa Darma Yontan.jpg,493 Sumpa Lotsawa Darma Yontan_thumb.jpg,/uploads/person/493 Sumpa Lotsawa Darma Yontan.jpg,/uploads/person/493 Sumpa Lotsawa Darma Yontan_thumb.jpg,493,,1,2,2010-04-30 15:04:55,,,
412,6367,493 Kyobpa Pal zangpo.jpg,493 Kyobpa Pal zangpo_thumb.jpg,/uploads/person/493 Kyobpa Pal zangpo.jpg,/uploads/person/493 Kyobpa Pal zangpo_thumb.jpg,493,,1,2,2010-04-30 15:32:59,,,
415,11565,795 stupa.jpg,795 stupa_thumb.jpg,/uploads/person/795 stupa.jpg,/uploads/person/795 stupa_thumb.jpg,795,,1,2,2010-05-05 12:35:50,,,
416,2948,Alak Tseten 1.jpg,Alak Tseten 1_thumb.jpg,/uploads/person/Alak Tseten 1.jpg,/uploads/person/Alak Tseten 1_thumb.jpg,,Nicole Willock,1,2,2010-05-05 16:43:30,,,
417,2948,Alak Tseten 2.jpg,Alak Tseten 2_thumb.jpg,/uploads/person/Alak Tseten 2.jpg,/uploads/person/Alak Tseten 2_thumb.jpg,,Nicole Willock,0,2,2010-05-05 16:43:51,,,
418,2948,Alak Tseten 3.jpg,Alak Tseten 3_thumb.jpg,/uploads/person/Alak Tseten 3.jpg,/uploads/person/Alak Tseten 3_thumb.jpg,,Nicole Willock,0,2,2010-05-05 16:44:05,,,
420,9788,493 Lama Ngawang Drakpa.jpg,493 Lama Ngawang Drakpa_thumb.jpg,/uploads/person/493 Lama Ngawang Drakpa.jpg,/uploads/person/493 Lama Ngawang Drakpa_thumb.jpg,493,,1,2,2010-05-07 12:39:01,,,
422,2866,795 stupa.jpg,795 stupa_thumb.jpg,/uploads/person/795 stupa.jpg,/uploads/person/795 stupa_thumb.jpg,795,,1,2,2010-05-11 11:57:44,,,
424,13086,200005 Bon stupa.jpg,200005 Bon stupa_thumb.jpg,/uploads/person/200005 Bon stupa.jpg,/uploads/person/200005 Bon stupa_thumb.jpg,200005,,1,2,2010-05-11 17:04:37,,,
425,6251,493 Khenchen Konchog Tsultrim.jpg,493 Khenchen Konchog Tsultrim_thumb.jpg,/uploads/person/493 Khenchen Konchog Tsultrim.jpg,/uploads/person/493 Khenchen Konchog Tsultrim_thumb.jpg,493,,1,2,2010-05-12 15:59:47,,,
426,5999,66246.Nyangral.jpg,66246.Nyangral_thumb.jpg,/uploads/person/66246.Nyangral.jpg,/uploads/person/66246.Nyangral_thumb.jpg,66246,,0,2,2010-05-12 16:20:58,,,
427,5437,493 Janglingpa Tashi Gyaltsen.jpg,493 Janglingpa Tashi Gyaltsen_thumb.jpg,/uploads/person/493 Janglingpa Tashi Gyaltsen.jpg,/uploads/person/493 Janglingpa Tashi Gyaltsen_thumb.jpg,493,,1,2,2010-05-12 17:41:33,,,
428,6723,493 Mahavajrasana.jpg,493 Mahavajrasana_thumb.jpg,/uploads/person/493 Mahavajrasana.jpg,/uploads/person/493 Mahavajrasana_thumb.jpg,493,,1,2,2010-05-13 9:48:51,,,
429,9590,795 stupa.jpg,795 stupa_thumb.jpg,/uploads/person/795 stupa.jpg,/uploads/person/795 stupa_thumb.jpg,795,,1,2,2010-05-13 11:28:24,,,
430,13087,200005 Bon stupa.jpg,200005 Bon stupa_thumb.jpg,/uploads/person/200005 Bon stupa.jpg,/uploads/person/200005 Bon stupa_thumb.jpg,200005,,1,2,2010-05-13 15:48:49,,,
431,13088,200005 Bon stupa.jpg,200005 Bon stupa_thumb.jpg,/uploads/person/200005 Bon stupa.jpg,/uploads/person/200005 Bon stupa_thumb.jpg,200005,,1,2,2010-05-13 15:53:11,,,
432,8103,953 stupa.jpg,953 stupa_thumb.jpg,/uploads/person/953 stupa.jpg,/uploads/person/953 stupa_thumb.jpg,953,,1,2,2010-05-13 16:04:22,,,
433,11597,795 stupa.jpg,795 stupa_thumb.jpg,/uploads/person/795 stupa.jpg,/uploads/person/795 stupa_thumb.jpg,795,,1,2,2010-05-13 16:08:59,,,
434,3883,953 stupa.jpg,953 stupa_thumb.jpg,/uploads/person/953 stupa.jpg,/uploads/person/953 stupa_thumb.jpg,953,,1,2,2010-05-13 16:33:19,,,
436,1985,493 Gorampa.jpg,493 Gorampa_thumb.jpg,/uploads/person/493 Gorampa.jpg,/uploads/person/493 Gorampa_thumb.jpg,493,,0,2,2010-05-17 11:41:14,,,
438,13089,bon stupa.jpg,bon stupa_thumb.jpg,/uploads/person/bon stupa.jpg,/uploads/person/bon stupa_thumb.jpg,200005,,1,2,2010-05-24 20:18:14,,,
439,4660,buddhist stupa.jpg,buddhist stupa_thumb.jpg,/uploads/person/buddhist stupa.jpg,/uploads/person/buddhist stupa_thumb.jpg,953,,1,2,2010-05-29 13:50:00,,,
440,1963,buddhist stupa.jpg,buddhist stupa_thumb.jpg,/uploads/person/buddhist stupa.jpg,/uploads/person/buddhist stupa_thumb.jpg,953,,1,2,2010-06-03 9:57:13,,,
443,13090,bon stupa.jpg,bon stupa_thumb.jpg,/uploads/person/bon stupa.jpg,/uploads/person/bon stupa_thumb.jpg,200005,,1,2,2010-06-07 14:58:32,,,
444,13091,bon stupa 200005.jpg,bon stupa 200005_thumb.jpg,/uploads/person/bon stupa 200005.jpg,/uploads/person/bon stupa 200005_thumb.jpg,200005,,1,2,2010-06-09 12:55:48,,,
445,5626,Buddhashri 219.jpg,Buddhashri 219_thumb.jpg,/uploads/person/Buddhashri 219.jpg,/uploads/person/Buddhashri 219_thumb.jpg,219,,0,2,2010-06-10 17:11:05,,,
446,5626,Buddhashri 269.jpg,Buddhashri 269_thumb.jpg,/uploads/person/Buddhashri 269.jpg,/uploads/person/Buddhashri 269_thumb.jpg,269,,1,2,2010-06-10 17:11:17,,,
447,7024,63 zhangton chobar.jpg,63 zhangton chobar_thumb.jpg,/uploads/person/63 zhangton chobar.jpg,/uploads/person/63 zhangton chobar_thumb.jpg,63,,1,2,2010-06-11 16:30:24,,,
448,7024,186 Zhangton Chobar.jpg,186 Zhangton Chobar_thumb.jpg,/uploads/person/186 Zhangton Chobar.jpg,/uploads/person/186 Zhangton Chobar_thumb.jpg,186,,0,2,2010-06-11 16:30:33,,,
449,2203,935 zhangton kongchok pal.jpg,935 zhangton kongchok pal_thumb.jpg,/uploads/person/935 zhangton kongchok pal.jpg,/uploads/person/935 zhangton kongchok pal_thumb.jpg,935,,1,2,2010-06-14 11:07:14,,,
450,5406,935 Nasa.jpg,935 Nasa_thumb.jpg,/uploads/person/935 Nasa.jpg,/uploads/person/935 Nasa_thumb.jpg,935,,1,2,2010-06-14 12:02:36,,,
451,5753,82 Draktengpa.jpg,82 Draktengpa_thumb.jpg,/uploads/person/82 Draktengpa.jpg,/uploads/person/82 Draktengpa_thumb.jpg,82,,1,2,2010-06-14 13:50:36,,,
452,8825,Dilgo Khyentse line 2.jpg,Dilgo Khyentse line 2_thumb.jpg,/uploads/person/Dilgo Khyentse line 2.jpg,/uploads/person/Dilgo Khyentse line 2_thumb.jpg,,,0,1,2010-06-14 13:51:22,,,
453,8825,Dilgo Khyentse photo 2.jpg,Dilgo Khyentse photo 2_thumb.jpg,/uploads/person/Dilgo Khyentse photo 2.jpg,/uploads/person/Dilgo Khyentse photo 2_thumb.jpg,,,0,1,2010-06-14 13:52:21,,,
454,8825,Dilgo Khyentse photo 3.jpg,Dilgo Khyentse photo 3_thumb.jpg,/uploads/person/Dilgo Khyentse photo 3.jpg,/uploads/person/Dilgo Khyentse photo 3_thumb.jpg,,,0,1,2010-06-14 13:52:38,,,
455,8825,Dilgo Khyentse photo.jpg,Dilgo Khyentse photo_thumb.jpg,/uploads/person/Dilgo Khyentse photo.jpg,/uploads/person/Dilgo Khyentse photo_thumb.jpg,,,0,1,2010-06-14 13:52:56,,,
456,5401,82 Mal lotsawa.jpg,82 Mal lotsawa_thumb.jpg,/uploads/person/82 Mal lotsawa.jpg,/uploads/person/82 Mal lotsawa_thumb.jpg,82,,1,2,2010-06-14 14:36:46,,,
457,13092,200005 Bon stupa.jpg,200005 Bon stupa_thumb.jpg,/uploads/person/200005 Bon stupa.jpg,/uploads/person/200005 Bon stupa_thumb.jpg,200005,,1,2,2010-06-16 12:02:14,,,
461,7370,457 Bumdrak sumpa.jpg,457 Bumdrak sumpa_thumb.jpg,/uploads/person/457 Bumdrak sumpa.jpg,/uploads/person/457 Bumdrak sumpa_thumb.jpg,457,,1,2,2010-06-23 15:44:23,,,
462,5408,457 Yeshe Gyaltsen.jpg,457 Yeshe Gyaltsen_thumb.jpg,/uploads/person/457 Yeshe Gyaltsen.jpg,/uploads/person/457 Yeshe Gyaltsen_thumb.jpg,457,,0,2,2010-06-24 14:02:28,2,2014-07-18 14:36:34,
463,7512,946 Palden Tsultrim.jpg,946 Palden Tsultrim_thumb.jpg,/uploads/person/946 Palden Tsultrim.jpg,/uploads/person/946 Palden Tsultrim_thumb.jpg,946,,0,2,2010-06-24 14:05:19,2,2014-07-18 15:41:50,
473,1029,457 Sonam Pal.jpg,457 Sonam Pal_thumb.jpg,/uploads/person/457 Sonam Pal.jpg,/uploads/person/457 Sonam Pal_thumb.jpg,457,,1,2,2010-07-06 16:02:37,,,
474,1035,457 Tashi Tsultrim.jpg,457 Tashi Tsultrim_thumb.jpg,/uploads/person/457 Tashi Tsultrim.jpg,/uploads/person/457 Tashi Tsultrim_thumb.jpg,457,,1,2,2010-07-06 16:27:56,,,
475,2670,924 Dolpopa.jpg,924 Dolpopa_thumb.jpg,/uploads/person/924 Dolpopa.jpg,/uploads/person/924 Dolpopa_thumb.jpg,924,,1,2,2010-07-06 16:52:00,,,
476,2712,924 taranata.jpg,924 taranata_thumb.jpg,/uploads/person/924 taranata.jpg,/uploads/person/924 taranata_thumb.jpg,924,,0,2,2010-07-06 16:55:50,,,
477,9372,924 Katok Tsewang Norbu.jpg,924 Katok Tsewang Norbu_thumb.jpg,/uploads/person/924 Katok Tsewang Norbu.jpg,/uploads/person/924 Katok Tsewang Norbu_thumb.jpg,924,,0,2,2010-07-06 16:58:00,,,
478,7053,96 Kunga Rinchen.jpg,96 Kunga Rinchen_thumb.jpg,/uploads/person/96 Kunga Rinchen.jpg,/uploads/person/96 Kunga Rinchen_thumb.jpg,96,,1,2,2010-07-07 16:42:50,,,
479,3785,712 Phagpa 09.jpg,712 Phagpa 09_thumb.jpg,/uploads/person/712 Phagpa 09.jpg,/uploads/person/712 Phagpa 09_thumb.jpg,712,,0,2,2010-07-09 14:39:15,2,2010-10-12 17:32:06,
480,13093,200005 Bon stupa.jpg,200005 Bon stupa_thumb.jpg,/uploads/person/200005 Bon stupa.jpg,/uploads/person/200005 Bon stupa_thumb.jpg,200005,,1,2,2010-07-09 15:09:59,,,
482,4217,96 lhachok sengge.jpg,96 lhachok sengge_thumb.jpg,/uploads/person/96 lhachok sengge.jpg,/uploads/person/96 lhachok sengge_thumb.jpg,96,,0,2,2010-07-13 11:57:27,,,
483,4217,457 lhachok sengge.jpg,457 lhachok sengge_thumb.jpg,/uploads/person/457 lhachok sengge.jpg,/uploads/person/457 lhachok sengge_thumb.jpg,457,,0,2,2010-07-13 11:57:38,,,
484,4217,65232.lhachok sengge.jpg,65232.lhachok sengge_thumb.jpg,/uploads/person/65232.lhachok sengge.jpg,/uploads/person/65232.lhachok sengge_thumb.jpg,65232,,1,2,2010-07-13 11:58:02,,,
485,3788,795 stupa.jpg,795 stupa_thumb.jpg,/uploads/person/795 stupa.jpg,/uploads/person/795 stupa_thumb.jpg,795,,1,2,2010-07-15 10:25:00,,,
486,3789,953 stupa.jpg,953 stupa_thumb.jpg,/uploads/person/953 stupa.jpg,/uploads/person/953 stupa_thumb.jpg,953,,1,2,2010-07-15 10:48:08,,,
487,3791,795 stupa.jpg,795 stupa_thumb.jpg,/uploads/person/795 stupa.jpg,/uploads/person/795 stupa_thumb.jpg,795,,1,2,2010-07-16 11:53:34,,,
488,3792,953 stupa.jpg,953 stupa_thumb.jpg,/uploads/person/953 stupa.jpg,/uploads/person/953 stupa_thumb.jpg,953,,1,2,2010-07-16 11:59:22,,,
489,3793,795 stupa.jpg,795 stupa_thumb.jpg,/uploads/person/795 stupa.jpg,/uploads/person/795 stupa_thumb.jpg,795,,1,2,2010-07-16 12:06:06,,,
490,10507,96 Konchok Lhundrub.jpg,96 Konchok Lhundrub_thumb.jpg,/uploads/person/96 Konchok Lhundrub.jpg,/uploads/person/96 Konchok Lhundrub_thumb.jpg,96,,0,2,2010-07-16 15:57:57,,,
491,10507,457 Konchok Lhundrub.jpg,457 Konchok Lhundrub_thumb.jpg,/uploads/person/457 Konchok Lhundrub.jpg,/uploads/person/457 Konchok Lhundrub_thumb.jpg,457,,1,2,2010-07-16 15:58:09,,,
492,3795,953 stupa.jpg,953 stupa_thumb.jpg,/uploads/person/953 stupa.jpg,/uploads/person/953 stupa_thumb.jpg,953,,1,2,2010-07-19 16:07:47,,,
493,3794,795 stupa.jpg,795 stupa_thumb.jpg,/uploads/person/795 stupa.jpg,/uploads/person/795 stupa_thumb.jpg,795,,1,2,2010-07-19 16:15:23,,,
494,4219,457 sanggye sengge.jpg,457 sanggye sengge_thumb.jpg,/uploads/person/457 sanggye sengge.jpg,/uploads/person/457 sanggye sengge_thumb.jpg,457,,0,2,2010-07-19 16:44:49,,,
495,4219,har 96 sanggye sengge.jpg,har 96 sanggye sengge_thumb.jpg,/uploads/person/har 96 sanggye sengge.jpg,/uploads/person/har 96 sanggye sengge_thumb.jpg,96,,1,2,2010-07-19 16:45:05,,,
497,11618,795 stupa.jpg,795 stupa_thumb.jpg,/uploads/person/795 stupa.jpg,/uploads/person/795 stupa_thumb.jpg,795,,1,2,2010-07-29 12:02:09,,,
498,5137,953 stupa.jpg,953 stupa_thumb.jpg,/uploads/person/953 stupa.jpg,/uploads/person/953 stupa_thumb.jpg,953,,1,2,2010-07-29 12:26:06,,,
499,11865,362 Tsangpa Gyare.jpg,362 Tsangpa Gyare_thumb.jpg,/uploads/person/362 Tsangpa Gyare.jpg,/uploads/person/362 Tsangpa Gyare_thumb.jpg,362,,1,2,2010-08-02 15:14:29,,,
500,11865,65249 Tsangpa Gyare.jpg,65249 Tsangpa Gyare_thumb.jpg,/uploads/person/65249 Tsangpa Gyare.jpg,/uploads/person/65249 Tsangpa Gyare_thumb.jpg,65249,,0,2,2010-08-02 15:16:23,,,
501,8868,JomoMenmo.jpg,JomoMenmo_thumb.jpg,/uploads/person/JomoMenmo.jpg,/uploads/person/JomoMenmo_thumb.jpg,,Shechen,1,2,2010-08-02 16:32:20,,,
503,10528,457 Konchog Palden.jpg,457 Konchog Palden_thumb.jpg,/uploads/person/457 Konchog Palden.jpg,/uploads/person/457 Konchog Palden_thumb.jpg,457,,1,2,2010-08-05 9:58:19,,,
504,4220,96 Kunga Lhundrub.jpg,96 Kunga Lhundrub_thumb.jpg,/uploads/person/96 Kunga Lhundrub.jpg,/uploads/person/96 Kunga Lhundrub_thumb.jpg,96,,1,2,2010-08-09 12:04:36,,,
505,13095,953 stupa.jpg,953 stupa_thumb.jpg,/uploads/person/953 stupa.jpg,/uploads/person/953 stupa_thumb.jpg,953,,1,2,2010-08-09 13:23:11,,,
506,13096,795 stupa.jpg,795 stupa_thumb.jpg,/uploads/person/795 stupa.jpg,/uploads/person/795 stupa_thumb.jpg,795,,1,2,2010-08-09 16:35:52,,,
507,13097,795 stupa.jpg,795 stupa_thumb.jpg,/uploads/person/795 stupa.jpg,/uploads/person/795 stupa_thumb.jpg,795,,1,2,2010-08-09 16:40:27,,,
508,13094,795 stupa.jpg,795 stupa_thumb.jpg,/uploads/person/795 stupa.jpg,/uploads/person/795 stupa_thumb.jpg,795,,1,2,2010-08-09 16:52:44,,,
509,13098,953 stupa.jpg,953 stupa_thumb.jpg,/uploads/person/953 stupa.jpg,/uploads/person/953 stupa_thumb.jpg,953,,1,2,2010-08-09 17:03:04,,,
510,13099,953 stupa.jpg,953 stupa_thumb.jpg,/uploads/person/953 stupa.jpg,/uploads/person/953 stupa_thumb.jpg,953,,1,2,2010-08-09 17:07:18,,,
511,13100,795 stupa.jpg,795 stupa_thumb.jpg,/uploads/person/795 stupa.jpg,/uploads/person/795 stupa_thumb.jpg,795,,1,2,2010-08-09 17:10:20,,,
512,13101,953 stupa.jpg,953 stupa_thumb.jpg,/uploads/person/953 stupa.jpg,/uploads/person/953 stupa_thumb.jpg,953,,1,2,2010-08-09 17:13:35,,,
513,8116,953 stupa.jpg,953 stupa_thumb.jpg,/uploads/person/953 stupa.jpg,/uploads/person/953 stupa_thumb.jpg,953,,1,2,2010-08-11 11:41:44,,,
514,13102,795 stupa.jpg,795 stupa_thumb.jpg,/uploads/person/795 stupa.jpg,/uploads/person/795 stupa_thumb.jpg,795,,1,2,2010-08-11 11:47:05,,,
515,13103,953 stupa.jpg,953 stupa_thumb.jpg,/uploads/person/953 stupa.jpg,/uploads/person/953 stupa_thumb.jpg,953,,1,2,2010-08-11 11:52:44,,,
516,13104,953 stupa.jpg,953 stupa_thumb.jpg,/uploads/person/953 stupa.jpg,/uploads/person/953 stupa_thumb.jpg,953,,1,2,2010-08-11 11:57:21,,,
517,13105,795 stupa.jpg,795 stupa_thumb.jpg,/uploads/person/795 stupa.jpg,/uploads/person/795 stupa_thumb.jpg,795,,1,2,2010-08-11 12:02:38,,,
518,9750,795 stupa.jpg,795 stupa_thumb.jpg,/uploads/person/795 stupa.jpg,/uploads/person/795 stupa_thumb.jpg,795,,1,2,2010-08-13 11:40:23,1,2010-08-26 18:30:35,
520,13106,795 stupa.jpg,795 stupa_thumb.jpg,/uploads/person/795 stupa.jpg,/uploads/person/795 stupa_thumb.jpg,795,,1,2,2010-08-13 11:45:11,,,
521,13107,795 stupa.jpg,795 stupa_thumb.jpg,/uploads/person/795 stupa.jpg,/uploads/person/795 stupa_thumb.jpg,795,,1,2,2010-08-13 11:49:14,,,
522,9095,18 Gyaltsab.jpg,18 Gyaltsab_thumb.jpg,/uploads/person/18 Gyaltsab.jpg,/uploads/person/18 Gyaltsab_thumb.jpg,18,,0,2,2010-08-13 14:38:04,,,
523,9095,595 Gyaltsab.jpg,595 Gyaltsab_thumb.jpg,/uploads/person/595 Gyaltsab.jpg,/uploads/person/595 Gyaltsab_thumb.jpg,595,,0,2,2010-08-13 14:38:14,,,
524,9095,65826 Gyaltsab.jpg,65826 Gyaltsab_thumb.jpg,/uploads/person/65826 Gyaltsab.jpg,/uploads/person/65826 Gyaltsab_thumb.jpg,65826,,1,2,2010-08-13 14:38:31,,,
526,4267,595 Dromton.jpg,595 Dromton_thumb.jpg,/uploads/person/595 Dromton.jpg,/uploads/person/595 Dromton_thumb.jpg,595,,0,2,2010-08-23 14:08:16,,,
527,13108,953 stupa.jpg,953 stupa_thumb.jpg,/uploads/person/953 stupa.jpg,/uploads/person/953 stupa_thumb.jpg,953,,1,2,2010-08-27 14:35:55,,,
528,13109,795 stupa.jpg,795 stupa_thumb.jpg,/uploads/person/795 stupa.jpg,/uploads/person/795 stupa_thumb.jpg,795,,1,2,2010-08-27 14:47:07,,,
529,13110,795 stupa.jpg,795 stupa_thumb.jpg,/uploads/person/795 stupa.jpg,/uploads/person/795 stupa_thumb.jpg,795,,1,2,2010-08-27 14:59:00,,,
530,4285,953 stupa.jpg,953 stupa_thumb.jpg,/uploads/person/953 stupa.jpg,/uploads/person/953 stupa_thumb.jpg,953,,1,2,2010-08-27 15:13:00,,,
532,2598,595 Dzeng Gonpawa.jpg,595 Dzeng Gonpawa_thumb.jpg,/uploads/person/595 Dzeng Gonpawa.jpg,/uploads/person/595 Dzeng Gonpawa_thumb.jpg,595,,1,2,2010-09-01 18:33:44,,,
533,5717,595 Atisha.jpg,595 Atisha_thumb.jpg,/uploads/person/595 Atisha.jpg,/uploads/person/595 Atisha_thumb.jpg,595,,0,2,2010-09-01 18:36:07,,,
534,2591,595 Neusurpa.jpg,595 Neusurpa_thumb.jpg,/uploads/person/595 Neusurpa.jpg,/uploads/person/595 Neusurpa_thumb.jpg,595,,1,2,2010-09-02 16:41:53,,,
535,2638,595 Takmarpa.jpg,595 Takmarpa_thumb.jpg,/uploads/person/595 Takmarpa.jpg,/uploads/person/595 Takmarpa_thumb.jpg,595,,1,2,2010-09-03 13:36:23,,,
536,4267,110 Reting Monstery.jpg,110 Reting Monstery_thumb.jpg,/uploads/person/110 Reting Monstery.jpg,/uploads/person/110 Reting Monstery_thumb.jpg,110,,0,2,2010-09-03 15:03:38,,,
537,2593,595 Shubu Namkha Sengge.jpg,595 Shubu Namkha Sengge_thumb.jpg,/uploads/person/595 Shubu Namkha Sengge.jpg,/uploads/person/595 Shubu Namkha Sengge_thumb.jpg,595,,1,2,2010-09-09 13:19:41,,,
538,5786,110 Reting Monstery.jpg,110 Reting Monstery_thumb.jpg,/uploads/person/110 Reting Monstery.jpg,/uploads/person/110 Reting Monstery_thumb.jpg,110,,0,2,2010-09-09 13:32:21,,,
539,2592,518 Namkha Gyaltsen.jpg,518 Namkha Gyaltsen_thumb.jpg,/uploads/person/518 Namkha Gyaltsen.jpg,/uploads/person/518 Namkha Gyaltsen_thumb.jpg,518,,1,2,2010-09-09 15:47:58,,,
542,4631,795 stupa.jpg,795 stupa_thumb.jpg,/uploads/person/795 stupa.jpg,/uploads/person/795 stupa_thumb.jpg,795,,1,2,2010-09-13 16:25:49,,,
543,2329,Purchok-statue-at-sera.jpg,Purchok-statue-at-sera_thumb.jpg,/uploads/person/Purchok-statue-at-sera.jpg,/uploads/person/Purchok-statue-at-sera_thumb.jpg,,Jos? Cabez?n,1,2,2010-09-14 10:35:02,,,
544,2329,purchok-I-in-his-cave.jpg,purchok-I-in-his-cave_thumb.jpg,/uploads/person/purchok-I-in-his-cave.jpg,/uploads/person/purchok-I-in-his-cave_thumb.jpg,,Jos? Cabez?n,0,2,2010-09-14 10:35:13,,,
545,2329,Purchok 2.jpg,Purchok 2_thumb.jpg,/uploads/person/Purchok 2.jpg,/uploads/person/Purchok 2_thumb.jpg,,Jos? Cabez?n,0,2,2010-09-14 10:35:25,,,
546,2329,Purchok-picture.jpg,Purchok-picture_thumb.jpg,/uploads/person/Purchok-picture.jpg,/uploads/person/Purchok-picture_thumb.jpg,,Jos? Cabez?n,0,2,2010-09-14 10:35:35,,,
547,2329,Purchok8.jpg,Purchok8_thumb.jpg,/uploads/person/Purchok8.jpg,/uploads/person/Purchok8_thumb.jpg,,Jos? Cabez?n,0,2,2010-09-14 10:43:45,,,
549,2329,68890 Purchog 01.jpg,68890 Purchog 01_thumb.jpg,/uploads/person/68890 Purchog 01.jpg,/uploads/person/68890 Purchog 01_thumb.jpg,68890,,0,2,2010-09-14 12:21:39,,,
550,6726,Rog Sherab O.jpg,Rog Sherab O_thumb.jpg,/uploads/person/Rog Sherab O.jpg,/uploads/person/Rog Sherab O_thumb.jpg,,,1,2,2010-09-14 15:39:07,,,
551,3274,Purchok-picture.jpg,Purchok-picture_thumb.jpg,/uploads/person/Purchok-picture.jpg,/uploads/person/Purchok-picture_thumb.jpg,,José Cabezón,0,2,2010-09-14 15:50:45,2,2013-04-11 15:22:39,
552,3274,Purchok 2.jpg,Purchok 2_thumb.jpg,/uploads/person/Purchok 2.jpg,/uploads/person/Purchok 2_thumb.jpg,,Jos? Cabez?n,0,2,2010-09-14 15:50:58,,,
553,5817,595 Namkha Gyalpo.jpg,595 Namkha Gyalpo_thumb.jpg,/uploads/person/595 Namkha Gyalpo.jpg,/uploads/person/595 Namkha Gyalpo_thumb.jpg,,595,1,2,2010-09-14 16:51:56,,,
554,4402,953 stupa.jpg,953 stupa_thumb.jpg,/uploads/person/953 stupa.jpg,/uploads/person/953 stupa_thumb.jpg,953,,1,2,2010-09-17 13:39:24,,,
555,13111,795 stupa.jpg,795 stupa_thumb.jpg,/uploads/person/795 stupa.jpg,/uploads/person/795 stupa_thumb.jpg,795,,1,2,2010-09-17 14:52:12,,,
556,2592,595 Sangdak Namkha Gyaltsen.jpg,595 Sangdak Namkha Gyaltsen_thumb.jpg,/uploads/person/595 Sangdak Namkha Gyaltsen.jpg,/uploads/person/595 Sangdak Namkha Gyaltsen_thumb.jpg,595,,0,2,2010-09-17 15:47:46,,,
561,5818,595 Gyalse Sengge Zangpo.jpg,595 Gyalse Sengge Zangpo_thumb.jpg,/uploads/person/595 Gyalse Sengge Zangpo.jpg,/uploads/person/595 Gyalse Sengge Zangpo_thumb.jpg,595,,1,2,2010-09-21 15:23:35,,,
562,5819,595 Gyalse Zangpo.jpg,595 Gyalse Zangpo_thumb.jpg,/uploads/person/595 Gyalse Zangpo.jpg,/uploads/person/595 Gyalse Zangpo_thumb.jpg,595,,1,2,2010-09-21 16:38:57,,,
563,2912,80399.Tripa 9.jpg,80399.Tripa 9_thumb.jpg,/uploads/person/80399.Tripa 9.jpg,/uploads/person/80399.Tripa 9_thumb.jpg,80399,,1,2,2010-09-22 14:40:00,,,
564,4535,80400.Tripa 10.jpg,80400.Tripa 10_thumb.jpg,/uploads/person/80400.Tripa 10.jpg,/uploads/person/80400.Tripa 10_thumb.jpg,80400,,1,2,2010-09-22 14:51:44,,,
566,4669,80394.Tripa 4.jpg,80394.Tripa 4_thumb.jpg,/uploads/person/80394.Tripa 4.jpg,/uploads/person/80394.Tripa 4_thumb.jpg,80394,,1,2,2010-09-22 15:34:31,,,
567,7093,80397.Tripa 7.jpg,80397.Tripa 7_thumb.jpg,/uploads/person/80397.Tripa 7.jpg,/uploads/person/80397.Tripa 7_thumb.jpg,80397,,1,2,2010-09-22 15:36:06,,,
568,6953,80398.Tripa 8.jpg,80398.Tripa 8_thumb.jpg,/uploads/person/80398.Tripa 8.jpg,/uploads/person/80398.Tripa 8_thumb.jpg,80398,,1,2,2010-09-22 15:37:30,,,
569,10794,80395.Tripa 5.jpg,80395.Tripa 5_thumb.jpg,/uploads/person/80395.Tripa 5.jpg,/uploads/person/80395.Tripa 5_thumb.jpg,80395,,1,2,2010-09-22 15:44:48,,,
571,6735,89472 Mawai Sengge.jpg,89472 Mawai Sengge_thumb.jpg,/uploads/person/89472 Mawai Sengge.jpg,/uploads/person/89472 Mawai Sengge_thumb.jpg,89472,,1,2,2010-09-22 17:05:29,,,
574,7622,791 Tendzin Rabgye.jpg,791 Tendzin Rabgye_thumb.jpg,/uploads/person/791 Tendzin Rabgye.jpg,/uploads/person/791 Tendzin Rabgye_thumb.jpg,791,,1,2,2010-09-23 11:32:32,2,2010-10-04 11:21:08,
575,7622,244.Tendzin Rabgye.jpg,244.Tendzin Rabgye_thumb.jpg,/uploads/person/244.Tendzin Rabgye.jpg,/uploads/person/244.Tendzin Rabgye_thumb.jpg,244,,0,2,2010-09-23 11:32:39,2,2010-10-04 11:24:11,
576,11572,632 Jatson Nyingpo.jpg,632 Jatson Nyingpo_thumb.jpg,/uploads/person/632 Jatson Nyingpo.jpg,/uploads/person/632 Jatson Nyingpo_thumb.jpg,632,,0,2,2010-09-23 16:40:28,,,
577,11572,1035 Jatson Nyingpo.jpg,1035 Jatson Nyingpo_thumb.jpg,/uploads/person/1035 Jatson Nyingpo.jpg,/uploads/person/1035 Jatson Nyingpo_thumb.jpg,1035,,1,2,2010-09-23 16:40:43,,,
579,11572,53773.Jatson Nyingpo.jpg,53773.Jatson Nyingpo_thumb.jpg,/uploads/person/53773.Jatson Nyingpo.jpg,/uploads/person/53773.Jatson Nyingpo_thumb.jpg,53773,,0,2,2010-09-23 16:41:41,,,
580,11572,53774.jatson Nyingpo.jpg,53774.jatson Nyingpo_thumb.jpg,/uploads/person/53774.jatson Nyingpo.jpg,/uploads/person/53774.jatson Nyingpo_thumb.jpg,53774,,0,2,2010-09-23 16:41:53,,,
582,13112,795 stupa.jpg,795 stupa_thumb.jpg,/uploads/person/795 stupa.jpg,/uploads/person/795 stupa_thumb.jpg,795,,1,2,2010-10-01 12:57:02,,,
586,6690,Phagpa Lha 01.jpg,Phagpa Lha 01_thumb.jpg,/uploads/person/Phagpa Lha 01.jpg,/uploads/person/Phagpa Lha 01_thumb.jpg,,Michael Schuman,1,2,2010-10-06 15:09:04,,,
587,6340,Phagpa Lha 02.jpg,Phagpa Lha 02_thumb.jpg,/uploads/person/Phagpa Lha 02.jpg,/uploads/person/Phagpa Lha 02_thumb.jpg,,Michael Schuman,1,2,2010-10-06 15:12:43,,,
588,3778,phagpa lha 03.jpg,phagpa lha 03_thumb.jpg,/uploads/person/phagpa lha 03.jpg,/uploads/person/phagpa lha 03_thumb.jpg,,Michael Schuman,1,2,2010-10-06 15:15:30,,,
589,2328,Phagpa Lha 04.jpg,Phagpa Lha 04_thumb.jpg,/uploads/person/Phagpa Lha 04.jpg,/uploads/person/Phagpa Lha 04_thumb.jpg,,Michael Schuman,1,2,2010-10-06 15:48:18,,,
590,2462,Phagpa lha 05.jpg,Phagpa lha 05_thumb.jpg,/uploads/person/Phagpa lha 05.jpg,/uploads/person/Phagpa lha 05_thumb.jpg,,Michael Schuman,1,2,2010-10-06 15:50:38,2,2010-10-06 15:50:49,
591,3782,Phagpa lha 06.jpg,Phagpa lha 06_thumb.jpg,/uploads/person/Phagpa lha 06.jpg,/uploads/person/Phagpa lha 06_thumb.jpg,,Michael Schuman,1,2,2010-10-06 15:53:31,2,2010-10-06 15:53:38,
592,6286,80401.Tripa 11.jpg,80401.Tripa 11_thumb.jpg,/uploads/person/80401.Tripa 11.jpg,/uploads/person/80401.Tripa 11_thumb.jpg,80401,,1,2,2010-10-08 11:22:08,,,
593,6219,80402.Tripa 12.jpg,80402.Tripa 12_thumb.jpg,/uploads/person/80402.Tripa 12.jpg,/uploads/person/80402.Tripa 12_thumb.jpg,80402,,1,2,2010-10-08 11:30:48,,,
594,6910,80403.Tripa 13.jpg,80403.Tripa 13_thumb.jpg,/uploads/person/80403.Tripa 13.jpg,/uploads/person/80403.Tripa 13_thumb.jpg,80403,,1,2,2010-10-08 11:40:10,,,
595,6997,80404.Tripa 14.jpg,80404.Tripa 14_thumb.jpg,/uploads/person/80404.Tripa 14.jpg,/uploads/person/80404.Tripa 14_thumb.jpg,80404,,1,2,2010-10-08 11:45:41,,,
596,1637,80405.Tripa 15.jpg,80405.Tripa 15_thumb.jpg,/uploads/person/80405.Tripa 15.jpg,/uploads/person/80405.Tripa 15_thumb.jpg,80405,,1,2,2010-10-08 11:53:58,,,
597,5480,80406.Tripa 16.jpg,80406.Tripa 16_thumb.jpg,/uploads/person/80406.Tripa 16.jpg,/uploads/person/80406.Tripa 16_thumb.jpg,80406,,1,2,2010-10-08 12:03:21,,,
598,3783,Phagpa Lha 07.jpg,Phagpa Lha 07_thumb.jpg,/uploads/person/Phagpa Lha 07.jpg,/uploads/person/Phagpa Lha 07_thumb.jpg,,Michael Schuman,1,2,2010-10-12 17:25:53,,,
599,3784,Phagpa Lha 08.jpg,Phagpa Lha 08_thumb.jpg,/uploads/person/Phagpa Lha 08.jpg,/uploads/person/Phagpa Lha 08_thumb.jpg,,Michael Schuman,1,2,2010-10-12 17:27:43,,,
600,3785,Phagpa Lha 09.jpg,Phagpa Lha 09_thumb.jpg,/uploads/person/Phagpa Lha 09.jpg,/uploads/person/Phagpa Lha 09_thumb.jpg,,Michael Schuman,1,2,2010-10-12 17:30:28,2,2010-10-12 17:32:13,
601,3786,Phagpa Lha 10.jpg,Phagpa Lha 10_thumb.jpg,/uploads/person/Phagpa Lha 10.jpg,/uploads/person/Phagpa Lha 10_thumb.jpg,,Michael Schuman,1,2,2010-10-12 17:36:12,,,
602,6065,105 5th DL.jpg,105 5th DL_thumb.jpg,/uploads/person/105 5th DL.jpg,/uploads/person/105 5th DL_thumb.jpg,105,,0,2,2010-10-14 12:05:01,,,
603,6175,105 Khardo.jpg,105 Khardo_thumb.jpg,/uploads/person/105 Khardo.jpg,/uploads/person/105 Khardo_thumb.jpg,105,,1,2,2010-10-14 12:07:43,,,
604,2180,105 2nd Panchen.jpg,105 2nd Panchen_thumb.jpg,/uploads/person/105 2nd Panchen.jpg,/uploads/person/105 2nd Panchen_thumb.jpg,105,,1,2,2010-10-14 12:08:55,,,
605,1586,105 Drubkhang Gelek Gyatso.jpg,105 Drubkhang Gelek Gyatso_thumb.jpg,/uploads/person/105 Drubkhang Gelek Gyatso.jpg,/uploads/person/105 Drubkhang Gelek Gyatso_thumb.jpg,105,,1,2,2010-10-14 12:09:56,,,
606,1820,457 Sanggye Rinchen.jpg,457 Sanggye Rinchen_thumb.jpg,/uploads/person/457 Sanggye Rinchen.jpg,/uploads/person/457 Sanggye Rinchen_thumb.jpg,457,,1,2,2010-10-18 16:49:27,,,
607,8099,80407.Tripa 17.jpg,80407.Tripa 17_thumb.jpg,/uploads/person/80407.Tripa 17.jpg,/uploads/person/80407.Tripa 17_thumb.jpg,80407,,1,2,2010-10-19 15:16:48,,,
608,7230,80408.Tripa 18.jpg,80408.Tripa 18_thumb.jpg,/uploads/person/80408.Tripa 18.jpg,/uploads/person/80408.Tripa 18_thumb.jpg,80408,,1,2,2010-10-19 15:26:36,,,
609,3743,80409.Tripa 19.jpg,80409.Tripa 19_thumb.jpg,/uploads/person/80409.Tripa 19.jpg,/uploads/person/80409.Tripa 19_thumb.jpg,80409,,1,2,2010-10-19 15:35:50,,,
610,5953,80410.Tripa 20.jpg,80410.Tripa 20_thumb.jpg,/uploads/person/80410.Tripa 20.jpg,/uploads/person/80410.Tripa 20_thumb.jpg,80410,,1,2,2010-10-19 15:43:09,,,
611,12817,80411.Tripa 21.jpg,80411.Tripa 21_thumb.jpg,/uploads/person/80411.Tripa 21.jpg,/uploads/person/80411.Tripa 21_thumb.jpg,80411,,1,2,2010-10-19 16:17:33,,,
612,2871,80412.Tripa 22.jpg,80412.Tripa 22_thumb.jpg,/uploads/person/80412.Tripa 22.jpg,/uploads/person/80412.Tripa 22_thumb.jpg,80412,,1,2,2010-10-19 16:26:56,,,
613,8086,80413.Tripa 23.jpg,80413.Tripa 23_thumb.jpg,/uploads/person/80413.Tripa 23.jpg,/uploads/person/80413.Tripa 23_thumb.jpg,80413,,1,2,2010-10-19 16:43:11,,,
615,13113,795 stupa.jpg,795 stupa_thumb.jpg,/uploads/person/795 stupa.jpg,/uploads/person/795 stupa_thumb.jpg,795,,1,2,2010-10-20 10:14:43,,,
616,6872,80414.Tripa 24.jpg,80414.Tripa 24_thumb.jpg,/uploads/person/80414.Tripa 24.jpg,/uploads/person/80414.Tripa 24_thumb.jpg,80414,,1,2,2010-10-22 12:04:04,,,
617,5432,80415.Tripa 25.jpg,80415.Tripa 25_thumb.jpg,/uploads/person/80415.Tripa 25.jpg,/uploads/person/80415.Tripa 25_thumb.jpg,80415,,1,2,2010-10-22 12:14:20,,,
618,7083,80416.Tripa 26.jpg,80416.Tripa 26_thumb.jpg,/uploads/person/80416.Tripa 26.jpg,/uploads/person/80416.Tripa 26_thumb.jpg,80416,,1,2,2010-10-22 12:25:56,,,
619,5777,80418.Tripa 28.jpg,80418.Tripa 28_thumb.jpg,/uploads/person/80418.Tripa 28.jpg,/uploads/person/80418.Tripa 28_thumb.jpg,80418,,1,2,2010-10-22 12:53:54,,,
620,8106,80419.Tripa 29.jpg,80419.Tripa 29_thumb.jpg,/uploads/person/80419.Tripa 29.jpg,/uploads/person/80419.Tripa 29_thumb.jpg,80419,,1,2,2010-10-22 13:04:03,,,
621,9795,80420.Tripa 30.jpg,80420.Tripa 30_thumb.jpg,/uploads/person/80420.Tripa 30.jpg,/uploads/person/80420.Tripa 30_thumb.jpg,80420,,1,2,2010-10-22 13:15:21,,,
623,4611,15532 Zhabkar.jpg,15532 Zhabkar_thumb.jpg,/uploads/person/15532 Zhabkar.jpg,/uploads/person/15532 Zhabkar_thumb.jpg,15532,Shechen,1,2,2010-10-25 16:46:17,,,
624,4611,915.Zhabkar practice.jpg,915.Zhabkar practice_thumb.jpg,/uploads/person/915.Zhabkar practice.jpg,/uploads/person/915.Zhabkar practice_thumb.jpg,915,,0,2,2010-10-25 16:47:11,,,
626,3040,393 shugden.jpg,393 shugden_thumb.jpg,/uploads/person/393 shugden.jpg,/uploads/person/393 shugden_thumb.jpg,393,,0,2,2010-10-26 15:59:58,,,
627,5511,825 Tsuglag Trengwa.jpg,825 Tsuglag Trengwa_thumb.jpg,/uploads/person/825 Tsuglag Trengwa.jpg,/uploads/person/825 Tsuglag Trengwa_thumb.jpg,825,,1,2,2010-10-29 11:14:20,,,
628,4092,80421.Tripa 31.jpg,80421.Tripa 31_thumb.jpg,/uploads/person/80421.Tripa 31.jpg,/uploads/person/80421.Tripa 31_thumb.jpg,80421,,1,2,2010-10-29 11:28:05,,,
629,4265,80422.Tripa 32.jpg,80422.Tripa 32_thumb.jpg,/uploads/person/80422.Tripa 32.jpg,/uploads/person/80422.Tripa 32_thumb.jpg,80422,,1,2,2010-10-29 11:35:36,,,
630,8105,80423.Tripa 33.jpg,80423.Tripa 33_thumb.jpg,/uploads/person/80423.Tripa 33.jpg,/uploads/person/80423.Tripa 33_thumb.jpg,80423,,1,2,2010-10-29 11:53:50,,,
631,8128,pic0001.jpeg,pic0001_thumb.jpeg,/uploads/person/pic0001.jpeg,/uploads/person/pic0001_thumb.jpeg,,Tibet Information Network,0,2,2010-11-01 16:01:57,,,
632,8128,pic0002.jpeg,pic0002_thumb.jpeg,/uploads/person/pic0002.jpeg,/uploads/person/pic0002_thumb.jpeg,,Tibet Information Network,0,2,2010-11-01 16:02:30,,,
633,8128,pic0008.jpeg,pic0008_thumb.jpeg,/uploads/person/pic0008.jpeg,/uploads/person/pic0008_thumb.jpeg,,Tibet Information Network,1,2,2010-11-01 16:02:47,,,
642,2523,80424.Tripa 34.jpg,80424.Tripa 34_thumb.jpg,/uploads/person/80424.Tripa 34.jpg,/uploads/person/80424.Tripa 34_thumb.jpg,80424,,1,2,2010-11-05 10:25:36,,,
643,4276,80425.Tripa 35.jpg,80425.Tripa 35_thumb.jpg,/uploads/person/80425.Tripa 35.jpg,/uploads/person/80425.Tripa 35_thumb.jpg,80425,,1,2,2010-11-05 10:37:11,,,
644,5899,795 stupa.jpg,795 stupa_thumb.jpg,/uploads/person/795 stupa.jpg,/uploads/person/795 stupa_thumb.jpg,795,,1,2,2010-11-08 15:10:12,,,
645,3225,795 stupa.jpg,795 stupa_thumb.jpg,/uploads/person/795 stupa.jpg,/uploads/person/795 stupa_thumb.jpg,795,,1,2,2010-11-08 15:18:12,,,
647,2952,80427.Tripa 37.jpg,80427.Tripa 37_thumb.jpg,/uploads/person/80427.Tripa 37.jpg,/uploads/person/80427.Tripa 37_thumb.jpg,80427,,1,2,2010-11-08 15:50:56,,,
648,2814,80426.Tripa 36.jpg,80426.Tripa 36_thumb.jpg,/uploads/person/80426.Tripa 36.jpg,/uploads/person/80426.Tripa 36_thumb.jpg,80426,,1,2,2010-11-08 15:53:14,,,
650,5902,953 stupa.jpg,953 stupa_thumb.jpg,/uploads/person/953 stupa.jpg,/uploads/person/953 stupa_thumb.jpg,953,,1,2,2010-11-10 16:56:02,,,
651,2816,795 stupa.jpg,795 stupa_thumb.jpg,/uploads/person/795 stupa.jpg,/uploads/person/795 stupa_thumb.jpg,795,,1,2,2010-11-22 16:06:20,,,
652,8097,80417.Tripa 27.jpg,80417.Tripa 27_thumb.jpg,/uploads/person/80417.Tripa 27.jpg,/uploads/person/80417.Tripa 27_thumb.jpg,80417,,1,2,2010-11-22 16:14:30,,,
653,8107,80428.Tripa 38.jpg,80428.Tripa 38_thumb.jpg,/uploads/person/80428.Tripa 38.jpg,/uploads/person/80428.Tripa 38_thumb.jpg,80428,,1,2,2010-11-23 10:10:03,,,
654,6466,80429.Tripa 39.jpg,80429.Tripa 39_thumb.jpg,/uploads/person/80429.Tripa 39.jpg,/uploads/person/80429.Tripa 39_thumb.jpg,80429,,1,2,2010-11-23 10:22:40,,,
655,2442,795 stupa.jpg,795 stupa_thumb.jpg,/uploads/person/795 stupa.jpg,/uploads/person/795 stupa_thumb.jpg,795,,1,2,2010-12-03 15:21:57,,,
657,6586,953 stupa.jpg,953 stupa_thumb.jpg,/uploads/person/953 stupa.jpg,/uploads/person/953 stupa_thumb.jpg,953,,1,2,2010-12-03 15:51:27,,,
658,1728,953 stupa.jpg,953 stupa_thumb.jpg,/uploads/person/953 stupa.jpg,/uploads/person/953 stupa_thumb.jpg,953,,1,2,2010-12-03 16:11:54,,,
659,6587,795 stupa.jpg,795 stupa_thumb.jpg,/uploads/person/795 stupa.jpg,/uploads/person/795 stupa_thumb.jpg,795,,1,2,2010-12-03 16:18:03,,,
660,8108,80430.Tripa 40.jpg,80430.Tripa 40_thumb.jpg,/uploads/person/80430.Tripa 40.jpg,/uploads/person/80430.Tripa 40_thumb.jpg,80430,,1,2,2010-12-03 16:28:18,,,
661,10083,Sera Khandro statue.jpeg,Sera Khandro statue_thumb.jpeg,/uploads/person/Sera Khandro statue.jpeg,/uploads/person/Sera Khandro statue_thumb.jpeg,,"Private, photography by Antonio Terrone",1,2,2010-12-08 12:11:22,2,2010-12-08 12:12:46,
662,6648,80431.Tripa 41.jpg,80431.Tripa 41_thumb.jpg,/uploads/person/80431.Tripa 41.jpg,/uploads/person/80431.Tripa 41_thumb.jpg,80431,,1,2,2010-12-08 12:35:44,,,
663,2327,80432.Tripa 42.jpg,80432.Tripa 42_thumb.jpg,/uploads/person/80432.Tripa 42.jpg,/uploads/person/80432.Tripa 42_thumb.jpg,80432,,1,2,2010-12-08 12:48:42,,,
664,8109,80433.Tripa 43.jpg,80433.Tripa 43_thumb.jpg,/uploads/person/80433.Tripa 43.jpg,/uploads/person/80433.Tripa 43_thumb.jpg,80433,,1,2,2010-12-08 16:20:11,,,
665,2872,80434.Tripa 44.jpg,80434.Tripa 44_thumb.jpg,/uploads/person/80434.Tripa 44.jpg,/uploads/person/80434.Tripa 44_thumb.jpg,80434,,1,2,2010-12-08 16:35:22,,,
666,5706,80435.Tripa 45.jpg,80435.Tripa 45_thumb.jpg,/uploads/person/80435.Tripa 45.jpg,/uploads/person/80435.Tripa 45_thumb.jpg,80435,,1,2,2010-12-08 16:52:07,,,
667,6100,795 stupa.jpg,795 stupa_thumb.jpg,/uploads/person/795 stupa.jpg,/uploads/person/795 stupa_thumb.jpg,795,,1,2,2010-12-14 16:46:22,,,
668,5796,80436.Tripa 46.jpg,80436.Tripa 46_thumb.jpg,/uploads/person/80436.Tripa 46.jpg,/uploads/person/80436.Tripa 46_thumb.jpg,80436,,1,2,2010-12-16 14:33:20,,,
669,4487,80437.Tripa 47.jpg,80437.Tripa 47_thumb.jpg,/uploads/person/80437.Tripa 47.jpg,/uploads/person/80437.Tripa 47_thumb.jpg,80437,,1,2,2010-12-16 15:40:26,,,
673,4490,80443.Tripa 51.jpg,80443.Tripa 51_thumb.jpg,/uploads/person/80443.Tripa 51.jpg,/uploads/person/80443.Tripa 51_thumb.jpg,80443,,1,2,2010-12-17 16:32:52,,,
674,3173,80442.Tripa 50.jpg,80442.Tripa 50_thumb.jpg,/uploads/person/80442.Tripa 50.jpg,/uploads/person/80442.Tripa 50_thumb.jpg,80442,,1,2,2010-12-17 16:36:04,,,
675,4489,80441.Tripa 49jpg.jpg,80441.Tripa 49jpg_thumb.jpg,/uploads/person/80441.Tripa 49jpg.jpg,/uploads/person/80441.Tripa 49jpg_thumb.jpg,80441,,1,2,2010-12-17 16:38:40,,,
676,4488,80440.Tripa 48.jpg,80440.Tripa 48_thumb.jpg,/uploads/person/80440.Tripa 48.jpg,/uploads/person/80440.Tripa 48_thumb.jpg,80440,,1,2,2010-12-17 16:40:10,,,
677,6536,795 stupa.jpg,795 stupa_thumb.jpg,/uploads/person/795 stupa.jpg,/uploads/person/795 stupa_thumb.jpg,795,,1,2,2010-12-23 15:41:17,,,
679,3104,demo 04.jpg,demo 04_thumb.jpg,/uploads/person/demo 04.jpg,/uploads/person/demo 04_thumb.jpg,578,,1,2,2010-12-29 12:39:53,,,
680,3171,80444.Tripa 52.jpg,80444.Tripa 52_thumb.jpg,/uploads/person/80444.Tripa 52.jpg,/uploads/person/80444.Tripa 52_thumb.jpg,80444,,1,2,2011-01-03 15:12:47,,,
681,4492,80445.Tripa 53.jpg,80445.Tripa 53_thumb.jpg,/uploads/person/80445.Tripa 53.jpg,/uploads/person/80445.Tripa 53_thumb.jpg,80445,,1,2,2011-01-03 17:13:16,,,
682,6526,80446.Tripa 54.jpg,80446.Tripa 54_thumb.jpg,/uploads/person/80446.Tripa 54.jpg,/uploads/person/80446.Tripa 54_thumb.jpg,80446,,1,2,2011-01-04 10:48:20,,,
683,4493,80447.Tripa 55.jpg,80447.Tripa 55_thumb.jpg,/uploads/person/80447.Tripa 55.jpg,/uploads/person/80447.Tripa 55_thumb.jpg,80447,,1,2,2011-01-04 14:33:36,,,
684,4494,80448.Tripa 56.jpg,80448.Tripa 56_thumb.jpg,/uploads/person/80448.Tripa 56.jpg,/uploads/person/80448.Tripa 56_thumb.jpg,80448,,1,2,2011-01-04 16:14:00,,,
685,4495,80449.Tripa 57.jpg,80449.Tripa 57_thumb.jpg,/uploads/person/80449.Tripa 57.jpg,/uploads/person/80449.Tripa 57_thumb.jpg,80449,,1,2,2011-01-04 16:52:28,,,
686,4496,80450.Tripa 58.jpg,80450.Tripa 58_thumb.jpg,/uploads/person/80450.Tripa 58.jpg,/uploads/person/80450.Tripa 58_thumb.jpg,80450,,1,2,2011-01-04 17:19:50,,,
687,4497,80451.Tripa 59.jpg,80451.Tripa 59_thumb.jpg,/uploads/person/80451.Tripa 59.jpg,/uploads/person/80451.Tripa 59_thumb.jpg,80451,,1,2,2011-01-06 11:49:23,,,
688,4498,80452.Tripa 60.jpg,80452.Tripa 60_thumb.jpg,/uploads/person/80452.Tripa 60.jpg,/uploads/person/80452.Tripa 60_thumb.jpg,80452,,1,2,2011-01-06 14:11:50,,,
689,5652,80453.Tripa 61.jpg,80453.Tripa 61_thumb.jpg,/uploads/person/80453.Tripa 61.jpg,/uploads/person/80453.Tripa 61_thumb.jpg,80453,,1,2,2011-01-06 14:59:52,,,
690,4499,80454.Tripa 62.jpg,80454.Tripa 62_thumb.jpg,/uploads/person/80454.Tripa 62.jpg,/uploads/person/80454.Tripa 62_thumb.jpg,80454,,1,2,2011-01-06 15:12:53,,,
691,4500,80455.Tripa 63.jpg,80455.Tripa 63_thumb.jpg,/uploads/person/80455.Tripa 63.jpg,/uploads/person/80455.Tripa 63_thumb.jpg,80455,,1,2,2011-01-06 15:29:12,,,
692,7937,795 stupa.jpg,795 stupa_thumb.jpg,/uploads/person/795 stupa.jpg,/uploads/person/795 stupa_thumb.jpg,795,,1,2,2011-01-06 15:46:31,,,
693,5360,953 stupa.jpg,953 stupa_thumb.jpg,/uploads/person/953 stupa.jpg,/uploads/person/953 stupa_thumb.jpg,953,,1,2,2011-01-06 16:22:59,,,
694,13115,Dru Gyelwa Yungdrung.jpg,Dru Gyelwa Yungdrung_thumb.jpg,/uploads/person/Dru Gyelwa Yungdrung.jpg,/uploads/person/Dru Gyelwa Yungdrung_thumb.jpg,,Jean-Luc Achard,1,2,2011-01-10 10:53:46,,,
695,9523,795 stupa.jpg,795 stupa_thumb.jpg,/uploads/person/795 stupa.jpg,/uploads/person/795 stupa_thumb.jpg,795,,1,2,2011-01-12 11:58:48,,,
696,2238,953 stupa.jpg,953 stupa_thumb.jpg,/uploads/person/953 stupa.jpg,/uploads/person/953 stupa_thumb.jpg,953,,1,2,2011-01-12 12:16:30,,,
698,2237,795 stupa.jpg,795 stupa_thumb.jpg,/uploads/person/795 stupa.jpg,/uploads/person/795 stupa_thumb.jpg,795,,1,2,2011-01-12 12:37:26,,,
699,2235,795 stupa.jpg,795 stupa_thumb.jpg,/uploads/person/795 stupa.jpg,/uploads/person/795 stupa_thumb.jpg,795,,1,2,2011-01-12 12:50:01,,,
700,4501,80456.Tripa 64.jpg,80456.Tripa 64_thumb.jpg,/uploads/person/80456.Tripa 64.jpg,/uploads/person/80456.Tripa 64_thumb.jpg,80456,,1,2,2011-01-14 10:50:40,,,
701,5901,80457.Tripa 65.jpg,80457.Tripa 65_thumb.jpg,/uploads/person/80457.Tripa 65.jpg,/uploads/person/80457.Tripa 65_thumb.jpg,80457,,1,2,2011-01-14 11:08:59,,,
702,5415,80458.Tripa 66.jpg,80458.Tripa 66_thumb.jpg,/uploads/person/80458.Tripa 66.jpg,/uploads/person/80458.Tripa 66_thumb.jpg,80458,,1,2,2011-01-14 12:05:03,,,
703,5381,80459.Tripa 67.jpg,80459.Tripa 67_thumb.jpg,/uploads/person/80459.Tripa 67.jpg,/uploads/person/80459.Tripa 67_thumb.jpg,80459,,1,2,2011-01-14 12:38:24,,,
704,5932,80460.Tripa 68.jpg,80460.Tripa 68_thumb.jpg,/uploads/person/80460.Tripa 68.jpg,/uploads/person/80460.Tripa 68_thumb.jpg,80460,,1,2,2011-01-19 14:40:06,,,
705,5371,80461.Tripa 69.jpg,80461.Tripa 69_thumb.jpg,/uploads/person/80461.Tripa 69.jpg,/uploads/person/80461.Tripa 69_thumb.jpg,80461,,1,2,2011-01-19 15:07:16,,,
706,5317,80462.Tripa 70.jpg,80462.Tripa 70_thumb.jpg,/uploads/person/80462.Tripa 70.jpg,/uploads/person/80462.Tripa 70_thumb.jpg,80462,,1,2,2011-01-19 15:39:04,,,
710,3008,Tukwan 03.jpg,Tukwan 03_thumb.jpg,/uploads/person/Tukwan 03.jpg,/uploads/person/Tukwan 03_thumb.jpg,,,1,2,2011-01-25 15:25:01,,,
716,9058,80470.Tripa 77.jpg,80470.Tripa 77_thumb.jpg,/uploads/person/80470.Tripa 77.jpg,/uploads/person/80470.Tripa 77_thumb.jpg,80470,,1,2,2011-02-03 14:27:09,,,
717,9057,80471.Tripa 78.jpg,80471.Tripa 78_thumb.jpg,/uploads/person/80471.Tripa 78.jpg,/uploads/person/80471.Tripa 78_thumb.jpg,80471,,1,2,2011-02-03 14:36:44,,,
718,9055,80472.Tripa 79.jpg,80472.Tripa 79_thumb.jpg,/uploads/person/80472.Tripa 79.jpg,/uploads/person/80472.Tripa 79_thumb.jpg,80472,,1,2,2011-02-03 14:44:01,,,
719,4469,80362.Dalai 09.jpg,80362.Dalai 09_thumb.jpg,/uploads/person/80362.Dalai 09.jpg,/uploads/person/80362.Dalai 09_thumb.jpg,80362,,1,2,2011-02-03 15:30:03,,,
720,6738,795 stupa.jpg,795 stupa_thumb.jpg,/uploads/person/795 stupa.jpg,/uploads/person/795 stupa_thumb.jpg,795,,1,2,2011-02-03 16:33:16,,,
721,10497,401 Lowo Khenchen.jpg,401 Lowo Khenchen_thumb.jpg,/uploads/person/401 Lowo Khenchen.jpg,/uploads/person/401 Lowo Khenchen_thumb.jpg,401,,1,2,2011-02-08 14:56:12,,,
722,6281,401 Namka Sanggye .jpg,401 Namka Sanggye _thumb.jpg,/uploads/person/401 Namka Sanggye .jpg,/uploads/person/401 Namka Sanggye _thumb.jpg,401,,1,2,2011-02-10 13:18:14,,,
723,4221,401 Sherab Jungne .jpg,401 Sherab Jungne _thumb.jpg,/uploads/person/401 Sherab Jungne .jpg,/uploads/person/401 Sherab Jungne _thumb.jpg,401,,1,2,2011-02-10 13:19:10,,,
725,4291,Click on the image to zoom in.jpeg,Click on the image to zoom in_thumb.jpeg,/uploads/person/Click on the image to zoom in.jpeg,/uploads/person/Click on the image to zoom in_thumb.jpeg,57082,,0,2,2011-02-10 16:40:31,,,
726,4291,57082.jpg,57082_thumb.jpg,/uploads/person/57082.jpg,/uploads/person/57082_thumb.jpg,57082,,1,2,2011-02-10 16:45:53,,,
727,7114,57037 Drapa Ngonshe.jpg,57037 Drapa Ngonshe_thumb.jpg,/uploads/person/57037 Drapa Ngonshe.jpg,/uploads/person/57037 Drapa Ngonshe_thumb.jpg,57037,,1,2,2011-02-14 11:01:18,,,
735,5485,80464.Tripa 72.jpg,80464.Tripa 72_thumb.jpg,/uploads/person/80464.Tripa 72.jpg,/uploads/person/80464.Tripa 72_thumb.jpg,80464,,1,2,2011-02-15 14:56:37,,,
736,2819,80463.Tripa 71.jpg,80463.Tripa 71_thumb.jpg,/uploads/person/80463.Tripa 71.jpg,/uploads/person/80463.Tripa 71_thumb.jpg,80463,,1,2,2011-02-15 15:02:19,,,
737,6979,80465.Tripa 73.jpg,80465.Tripa 73_thumb.jpg,/uploads/person/80465.Tripa 73.jpg,/uploads/person/80465.Tripa 73_thumb.jpg,80465,,1,2,2011-02-15 15:16:08,,,
738,7182,80466.Tripa 74.jpg,80466.Tripa 74_thumb.jpg,/uploads/person/80466.Tripa 74.jpg,/uploads/person/80466.Tripa 74_thumb.jpg,80466,,1,2,2011-02-15 16:40:27,,,
739,11131,80467.Tripa 75.jpg,80467.Tripa 75_thumb.jpg,/uploads/person/80467.Tripa 75.jpg,/uploads/person/80467.Tripa 75_thumb.jpg,80467,,1,2,2011-02-15 16:41:58,,,
741,9059,80469.Tripa 77.jpg,80469.Tripa 77_thumb.jpg,/uploads/person/80469.Tripa 77.jpg,/uploads/person/80469.Tripa 77_thumb.jpg,80469,,1,2,2011-02-15 17:00:14,,,
742,4206,80473.Tripa 81.jpg,80473.Tripa 81_thumb.jpg,/uploads/person/80473.Tripa 81.jpg,/uploads/person/80473.Tripa 81_thumb.jpg,80473,,1,2,2011-02-15 17:03:06,,,
743,4277,80474.Tripa 82.jpg,80474.Tripa 82_thumb.jpg,/uploads/person/80474.Tripa 82.jpg,/uploads/person/80474.Tripa 82_thumb.jpg,80474,,1,2,2011-02-15 17:08:12,,,
744,6978,80479.Tripa 87.jpg,80479.Tripa 87_thumb.jpg,/uploads/person/80479.Tripa 87.jpg,/uploads/person/80479.Tripa 87_thumb.jpg,80479,,1,2,2011-02-16 16:52:35,,,
746,6498,80468.Tripa 76.jpg,80468.Tripa 76_thumb.jpg,/uploads/person/80468.Tripa 76.jpg,/uploads/person/80468.Tripa 76_thumb.jpg,80468,,1,2,2011-02-16 16:57:17,,,
747,4282,80478.Tripa 86.jpg,80478.Tripa 86_thumb.jpg,/uploads/person/80478.Tripa 86.jpg,/uploads/person/80478.Tripa 86_thumb.jpg,80478,,1,2,2011-02-16 16:59:24,342,2021-11-02 20:34:57,
748,4280,80477.Tripa 85.jpg,80477.Tripa 85_thumb.jpg,/uploads/person/80477.Tripa 85.jpg,/uploads/person/80477.Tripa 85_thumb.jpg,80477,,1,2,2011-02-16 17:00:42,,,
749,4279,80476.Tripa 84.jpg,80476.Tripa 84_thumb.jpg,/uploads/person/80476.Tripa 84.jpg,/uploads/person/80476.Tripa 84_thumb.jpg,80476,,1,2,2011-02-16 17:01:55,,,
750,4278,80475.Tripa 83.jpg,80475.Tripa 83_thumb.jpg,/uploads/person/80475.Tripa 83.jpg,/uploads/person/80475.Tripa 83_thumb.jpg,80475,,1,2,2011-02-16 17:03:13,,,
751,13116,Bon stupa 200005.jpg,Bon stupa 200005_thumb.jpg,/uploads/person/Bon stupa 200005.jpg,/uploads/person/Bon stupa 200005_thumb.jpg,200005,,1,2,2011-02-17 17:27:03,,,
752,13117,Bon stupa 200005.jpg,Bon stupa 200005_thumb.jpg,/uploads/person/Bon stupa 200005.jpg,/uploads/person/Bon stupa 200005_thumb.jpg,200005,,1,2,2011-02-17 17:30:27,,,
753,13118,Bon stupa 200005.jpg,Bon stupa 200005_thumb.jpg,/uploads/person/Bon stupa 200005.jpg,/uploads/person/Bon stupa 200005_thumb.jpg,200005,,1,2,2011-02-17 17:35:25,,,
755,13119,Bon stupa 200005.jpg,Bon stupa 200005_thumb.jpg,/uploads/person/Bon stupa 200005.jpg,/uploads/person/Bon stupa 200005_thumb.jpg,200005,,1,2,2011-02-22 13:18:23,,,
758,10442,953 stupa.jpg,953 stupa_thumb.jpg,/uploads/person/953 stupa.jpg,/uploads/person/953 stupa_thumb.jpg,953,,1,2,2011-02-28 15:08:09,,,
760,13123,953 stupa.jpg,953 stupa_thumb.jpg,/uploads/person/953 stupa.jpg,/uploads/person/953 stupa_thumb.jpg,953,,1,2,2011-02-28 15:59:43,,,
761,13124,953 stupa.jpg,953 stupa_thumb.jpg,/uploads/person/953 stupa.jpg,/uploads/person/953 stupa_thumb.jpg,953,,1,2,2011-02-28 16:13:44,,,
762,13125,953 stupa.jpg,953 stupa_thumb.jpg,/uploads/person/953 stupa.jpg,/uploads/person/953 stupa_thumb.jpg,953,,1,2,2011-02-28 16:19:20,,,
764,13127,953 stupa.jpg,953 stupa_thumb.jpg,/uploads/person/953 stupa.jpg,/uploads/person/953 stupa_thumb.jpg,953,,1,2,2011-02-28 16:49:54,,,
766,13129,200005 Bon stupa.jpg,200005 Bon stupa_thumb.jpg,/uploads/person/200005 Bon stupa.jpg,/uploads/person/200005 Bon stupa_thumb.jpg,200005,,1,2,2011-03-02 17:11:09,,,
767,2589,Dampa Deshek.jpg,Dampa Deshek_thumb.jpg,/uploads/person/Dampa Deshek.jpg,/uploads/person/Dampa Deshek_thumb.jpg,,Deities and Divinities of Tibet,1,2,2011-03-03 14:08:25,,,
769,2456,80480.Tripa 88.jpg,80480.Tripa 88_thumb.jpg,/uploads/person/80480.Tripa 88.jpg,/uploads/person/80480.Tripa 88_thumb.jpg,80480,,1,2,2011-03-11 11:33:44,,,
770,9056,80481. Tripa 89.jpg,80481. Tripa 89_thumb.jpg,/uploads/person/80481. Tripa 89.jpg,/uploads/person/80481. Tripa 89_thumb.jpg,80481,,1,2,2011-03-11 12:11:42,,,
771,2510,57037 Padampa Sanggye.jpg,57037 Padampa Sanggye_thumb.jpg,/uploads/person/57037 Padampa Sanggye.jpg,/uploads/person/57037 Padampa Sanggye_thumb.jpg,57037,,0,2,2011-03-11 16:31:14,233,2015-03-18 15:16:40,
772,2510,53050551.Padampa Sanggye.jpg,53050551.Padampa Sanggye_thumb.jpg,/uploads/person/53050551.Padampa Sanggye.jpg,/uploads/person/53050551.Padampa Sanggye_thumb.jpg,53050551,Shechen,0,2,2011-03-11 16:34:15,2,2011-03-11 17:01:28,
773,13131,200005 Bon stupa.jpg,200005 Bon stupa_thumb.jpg,/uploads/person/200005 Bon stupa.jpg,/uploads/person/200005 Bon stupa_thumb.jpg,200005,,1,2,2011-03-11 16:56:11,,,
774,2232,795 stupa.jpg,795 stupa_thumb.jpg,/uploads/person/795 stupa.jpg,/uploads/person/795 stupa_thumb.jpg,795,,1,2,2011-03-15 14:23:13,,,
775,10301,65864 Pema Ledrel Tsel.jpg,65864 Pema Ledrel Tsel_thumb.jpg,/uploads/person/65864 Pema Ledrel Tsel.jpg,/uploads/person/65864 Pema Ledrel Tsel_thumb.jpg,65864,,0,2,2011-03-16 16:38:13,,,
777,2781,Jampa Bum.jpg,Jampa Bum_thumb.jpg,/uploads/person/Jampa Bum.jpg,/uploads/person/Jampa Bum_thumb.jpg,,Jann Ronnis,1,2,2011-03-18 13:32:13,,,
778,10573,Dorje Gyeltsen 2.jpeg,Dorje Gyeltsen 2_thumb.jpeg,/uploads/person/Dorje Gyeltsen 2.jpeg,/uploads/person/Dorje Gyeltsen 2_thumb.jpeg,,Jann Ronnis,1,2,2011-03-18 13:43:30,,,
779,2589,Dampa Deshek 2.jpeg,Dampa Deshek 2_thumb.jpeg,/uploads/person/Dampa Deshek 2.jpeg,/uploads/person/Dampa Deshek 2_thumb.jpeg,,Jann Ronis,0,2,2011-03-18 13:51:47,342,2022-02-07 15:09:57,
780,2589,Dampa Deshek.jpeg,Dampa Deshek_thumb.jpeg,/uploads/person/Dampa Deshek.jpeg,/uploads/person/Dampa Deshek_thumb.jpeg,,Jann Ronis,0,2,2011-03-18 13:52:30,342,2022-02-07 15:09:50,
781,2780,795 stupa.jpg,795 stupa_thumb.jpg,/uploads/person/795 stupa.jpg,/uploads/person/795 stupa_thumb.jpg,795,,1,2,2011-03-18 14:13:15,,,
782,7870,80482. Tripa 90.jpg,80482. Tripa 90_thumb.jpg,/uploads/person/80482. Tripa 90.jpg,/uploads/person/80482. Tripa 90_thumb.jpg,80482,,1,2,2011-03-18 15:28:55,,,
783,9049,80483. Tripa 91.jpg,80483. Tripa 91_thumb.jpg,/uploads/person/80483. Tripa 91.jpg,/uploads/person/80483. Tripa 91_thumb.jpg,80483,,1,2,2011-03-18 15:37:38,,,
784,9050,80484. Tripa 92.jpg,80484. Tripa 92_thumb.jpg,/uploads/person/80484. Tripa 92.jpg,/uploads/person/80484. Tripa 92_thumb.jpg,80484,,1,2,2011-03-18 15:45:47,,,
785,9051,80485. Tripa 93.jpg,80485. Tripa 93_thumb.jpg,/uploads/person/80485. Tripa 93.jpg,/uploads/person/80485. Tripa 93_thumb.jpg,80485,,1,2,2011-03-18 16:01:51,,,
786,9053,80486. Tripa 94.jpg,80486. Tripa 94_thumb.jpg,/uploads/person/80486. Tripa 94.jpg,/uploads/person/80486. Tripa 94_thumb.jpg,80486,,1,2,2011-03-18 16:09:26,,,
787,7743,80487. Tripa 95.jpg,80487. Tripa 95_thumb.jpg,/uploads/person/80487. Tripa 95.jpg,/uploads/person/80487. Tripa 95_thumb.jpg,80487,,1,2,2011-03-18 16:17:55,,,
788,4642,20061004124335799.jpg,20061004124335799_thumb.jpg,/uploads/person/20061004124335799.jpg,/uploads/person/20061004124335799_thumb.jpg,,Database of Modern Chinese Buddhism,0,2,2011-04-08 10:46:13,,,
790,4642,Sherab_Gyatso.jpg,Sherab_Gyatso_thumb.jpg,/uploads/person/Sherab_Gyatso.jpg,/uploads/person/Sherab_Gyatso_thumb.jpg,,Database of Modern Chinese Buddhism,1,2,2011-04-08 12:32:26,,,
791,4642,4348_001.jpg,4348_001_thumb.jpg,/uploads/person/4348_001.jpg,/uploads/person/4348_001_thumb.jpg,,"Tuttle 2005, p. 201",0,2,2011-04-08 15:53:12,,,
792,2787,photo.jpg,photo_thumb.jpg,/uploads/person/photo.jpg,/uploads/person/photo_thumb.jpg,,Tsering Namgyal,1,2,2011-04-11 10:54:27,,,
793,13132,200005 Bon stupa.jpg,200005 Bon stupa_thumb.jpg,/uploads/person/200005 Bon stupa.jpg,/uploads/person/200005 Bon stupa_thumb.jpg,200005,,1,2,2011-04-11 11:29:29,,,
794,1871,795 stupa.jpg,795 stupa_thumb.jpg,/uploads/person/795 stupa.jpg,/uploads/person/795 stupa_thumb.jpg,795,,1,2,2011-04-11 14:39:23,,,
795,7152,795 stupa.jpg,795 stupa_thumb.jpg,/uploads/person/795 stupa.jpg,/uploads/person/795 stupa_thumb.jpg,795,,1,2,2011-04-13 15:05:06,,,
796,10654,795 stupa.jpg,795 stupa_thumb.jpg,/uploads/person/795 stupa.jpg,/uploads/person/795 stupa_thumb.jpg,795,,1,2,2011-04-13 15:12:49,,,
797,10656,795 stupa.jpg,795 stupa_thumb.jpg,/uploads/person/795 stupa.jpg,/uploads/person/795 stupa_thumb.jpg,795,,1,2,2011-04-13 15:18:00,,,
798,10649,795 stupa.jpg,795 stupa_thumb.jpg,/uploads/person/795 stupa.jpg,/uploads/person/795 stupa_thumb.jpg,795,,1,2,2011-04-13 15:26:18,,,
799,10659,795 stupa.jpg,795 stupa_thumb.jpg,/uploads/person/795 stupa.jpg,/uploads/person/795 stupa_thumb.jpg,795,,1,2,2011-04-13 15:35:11,,,
800,10658,795 stupa.jpg,795 stupa_thumb.jpg,/uploads/person/795 stupa.jpg,/uploads/person/795 stupa_thumb.jpg,795,,1,2,2011-04-13 15:45:56,,,
801,10572,795 stupa.jpg,795 stupa_thumb.jpg,/uploads/person/795 stupa.jpg,/uploads/person/795 stupa_thumb.jpg,795,,1,2,2011-04-13 15:51:32,,,
804,3889,jikme damcho gyatso.jpg,jikme damcho gyatso_thumb.jpg,/uploads/person/jikme damcho gyatso.jpg,/uploads/person/jikme damcho gyatso_thumb.jpg,,Sonam Dorji,1,2,2011-04-14 10:44:11,,,
805,7918,953 stupa.jpg,953 stupa_thumb.jpg,/uploads/person/953 stupa.jpg,/uploads/person/953 stupa_thumb.jpg,953,,1,2,2011-04-14 13:54:40,,,
806,7676,Dragon's Gift 4th Je Damcho Pekar_sm.jpg,Dragon's Gift 4th Je Damcho Pekar_sm_thumb.jpg,/uploads/person/Dragon's Gift 4th Je Damcho Pekar_sm.jpg,/uploads/person/Dragon's Gift 4th Je Damcho Pekar_sm_thumb.jpg,,"Dragon's Gift, p. , Shuzo Uemoto, photographer",1,2,2011-04-14 14:12:13,2,2011-04-14 14:26:22,
807,8355,Jigme Norbu_sm.jpg,Jigme Norbu_sm_thumb.jpg,/uploads/person/Jigme Norbu_sm.jpg,/uploads/person/Jigme Norbu_sm_thumb.jpg,,Ariana Maki,1,2,2011-04-14 14:24:03,,,
815,8343,Je Sherab Gyaltsen by Shuzo Uemoto.jpg,Je Sherab Gyaltsen by Shuzo Uemoto_thumb.jpg,/uploads/person/Je Sherab Gyaltsen by Shuzo Uemoto.jpg,/uploads/person/Je Sherab Gyaltsen by Shuzo Uemoto_thumb.jpg,,"Dragon's Gift, p. , Shuzo Uemoto, photographer",1,2,2011-04-14 16:45:28,,,
816,2949,samten gyatso 1.jpg,samten gyatso 1_thumb.jpg,/uploads/person/samten gyatso 1.jpg,/uploads/person/samten gyatso 1_thumb.jpg,,Tsering Namgyal,1,2,2011-04-19 11:06:37,,,
817,2949,samten gyatso 2.jpg,samten gyatso 2_thumb.jpg,/uploads/person/samten gyatso 2.jpg,/uploads/person/samten gyatso 2_thumb.jpg,,Tsering Namgyal,0,2,2011-04-19 11:06:51,,,
818,4372,Dawa Gyaltsen.jpg,Dawa Gyaltsen_thumb.jpg,/uploads/person/Dawa Gyaltsen.jpg,/uploads/person/Dawa Gyaltsen_thumb.jpg,,Ariana Maki,1,2,2011-04-19 13:37:34,,,
819,13126,Kunzang Thinley Namgyal.jpg,Kunzang Thinley Namgyal_thumb.jpg,/uploads/person/Kunzang Thinley Namgyal.jpg,/uploads/person/Kunzang Thinley Namgyal_thumb.jpg,,Ariana Maki,1,2,2011-04-19 13:39:29,,,
820,7644,Legpai Dondrup.jpg,Legpai Dondrup_thumb.jpg,/uploads/person/Legpai Dondrup.jpg,/uploads/person/Legpai Dondrup_thumb.jpg,,Ariana Maki,1,2,2011-04-19 13:41:41,,,
821,4379,Pema Thinley.jpg,Pema Thinley_thumb.jpg,/uploads/person/Pema Thinley.jpg,/uploads/person/Pema Thinley_thumb.jpg,,Ariana Maki,1,2,2011-04-19 13:43:23,2,2011-04-19 13:43:34,
822,2788,Jikme Trinle Gyatso.jpg,Jikme Trinle Gyatso_thumb.jpg,/uploads/person/Jikme Trinle Gyatso.jpg,/uploads/person/Jikme Trinle Gyatso_thumb.jpg,,Sonam Dorji,1,2,2011-04-22 10:45:15,,,
823,4665,795 stupa.jpg,795 stupa_thumb.jpg,/uploads/person/795 stupa.jpg,/uploads/person/795 stupa_thumb.jpg,795,,1,2,2011-04-22 10:59:05,,,
824,7736,953 stupa.jpg,953 stupa_thumb.jpg,/uploads/person/953 stupa.jpg,/uploads/person/953 stupa_thumb.jpg,953,,1,2,2011-04-25 16:22:27,,,
825,10571,953 stupa.jpg,953 stupa_thumb.jpg,/uploads/person/953 stupa.jpg,/uploads/person/953 stupa_thumb.jpg,953,,1,2,2011-04-25 16:28:31,,,
826,13134,953 stupa.jpg,953 stupa_thumb.jpg,/uploads/person/953 stupa.jpg,/uploads/person/953 stupa_thumb.jpg,953,,1,2,2011-04-25 16:31:35,,,
827,4028,953 stupa.jpg,953 stupa_thumb.jpg,/uploads/person/953 stupa.jpg,/uploads/person/953 stupa_thumb.jpg,953,,1,2,2011-04-25 16:40:38,,,
828,2776,674 Karma Pakshi.jpg,674 Karma Pakshi_thumb.jpg,/uploads/person/674 Karma Pakshi.jpg,/uploads/person/674 Karma Pakshi_thumb.jpg,674,,1,2,2011-04-26 16:56:22,,,
831,5426,953 stupa.jpg,953 stupa_thumb.jpg,/uploads/person/953 stupa.jpg,/uploads/person/953 stupa_thumb.jpg,953,,1,2,2011-04-28 11:27:02,,,
832,3000,Peling.jpg,Peling_thumb.jpg,/uploads/person/Peling.jpg,/uploads/person/Peling_thumb.jpg,,Ariana Maki,1,2,2011-04-28 11:59:46,,,
834,2180,79186.panchen 02.jpg,79186.panchen 02_thumb.jpg,/uploads/person/79186.panchen 02.jpg,/uploads/person/79186.panchen 02_thumb.jpg,,79186,0,2,2011-05-04 10:20:56,,,
836,2180,80384.panchen 02.jpg,80384.panchen 02_thumb.jpg,/uploads/person/80384.panchen 02.jpg,/uploads/person/80384.panchen 02_thumb.jpg,80384,,0,2,2011-05-04 10:25:38,,,
837,9839,80383.panchen 01.jpg,80383.panchen 01_thumb.jpg,/uploads/person/80383.panchen 01.jpg,/uploads/person/80383.panchen 01_thumb.jpg,80383,,0,2,2011-05-04 10:33:02,,,
838,6548,795 stupa.jpg,795 stupa_thumb.jpg,/uploads/person/795 stupa.jpg,/uploads/person/795 stupa_thumb.jpg,795,,1,2,2011-05-04 11:00:05,,,
840,2180,1057 Panchen 02.jpg,1057 Panchen 02_thumb.jpg,/uploads/person/1057 Panchen 02.jpg,/uploads/person/1057 Panchen 02_thumb.jpg,1057,,0,2,2011-05-04 12:32:29,,,
841,13135,200005 Bon stupa.jpg,200005 Bon stupa_thumb.jpg,/uploads/person/200005 Bon stupa.jpg,/uploads/person/200005 Bon stupa_thumb.jpg,200005,,1,2,2011-05-05 12:13:14,,,
842,8782,File:Shakyashri.jpeg,File:Shakyashri_thumb.jpeg,/uploads/person/File:Shakyashri.jpeg,/uploads/person/File:Shakyashri_thumb.jpeg,,,1,2,2011-05-05 13:27:59,,,
843,5941,874 Ngakgi Wangchuk.jpg,874 Ngakgi Wangchuk_thumb.jpg,/uploads/person/874 Ngakgi Wangchuk.jpg,/uploads/person/874 Ngakgi Wangchuk_thumb.jpg,874,,1,2,2011-05-17 13:26:09,,,
844,3977,795 stupa.jpg,795 stupa_thumb.jpg,/uploads/person/795 stupa.jpg,/uploads/person/795 stupa_thumb.jpg,795,,1,2,2011-05-18 14:07:29,,,
846,5436,795 stupa.jpg,795 stupa_thumb.jpg,/uploads/person/795 stupa.jpg,/uploads/person/795 stupa_thumb.jpg,795,,1,2,2011-05-19 11:41:02,,,
847,7815,9th Je.jpg,9th Je_thumb.jpg,/uploads/person/9th Je.jpg,/uploads/person/9th Je_thumb.jpg,,Jagar Dorji,1,2,2011-05-23 11:52:35,,,
848,7601,953 stupa.jpg,953 stupa_thumb.jpg,/uploads/person/953 stupa.jpg,/uploads/person/953 stupa_thumb.jpg,953,,1,2,2011-05-23 16:14:20,,,
851,10482,Lam Pema Tshewang.jpg,Lam Pema Tshewang_thumb.jpg,/uploads/person/Lam Pema Tshewang.jpg,/uploads/person/Lam Pema Tshewang_thumb.jpg,,Jagar Dorji,0,2,2011-05-23 16:52:06,2,2012-08-16 15:53:39,
852,10311,795 stupa.jpg,795 stupa_thumb.jpg,/uploads/person/795 stupa.jpg,/uploads/person/795 stupa_thumb.jpg,795,,1,2,2011-05-23 17:06:38,,,
853,4727,795 stupa.jpg,795 stupa_thumb.jpg,/uploads/person/795 stupa.jpg,/uploads/person/795 stupa_thumb.jpg,795,,1,2,2011-05-25 12:17:50,,,
858,2916,63 Sachen Kunga Nyingpo.jpg,63 Sachen Kunga Nyingpo_thumb.jpg,/uploads/person/63 Sachen Kunga Nyingpo.jpg,/uploads/person/63 Sachen Kunga Nyingpo_thumb.jpg,63,,0,2,2011-06-03 12:17:10,,,
859,2919,63 Sonam Tsemo.jpg,63 Sonam Tsemo_thumb.jpg,/uploads/person/63 Sonam Tsemo.jpg,/uploads/person/63 Sonam Tsemo_thumb.jpg,63,,0,2,2011-06-03 12:21:29,,,
861,4309,TR.jpg,TR_thumb.jpg,/uploads/person/TR.jpg,/uploads/person/TR_thumb.jpg,,,1,2,2011-06-09 12:03:13,,,
862,4309,Trijang-Rinpoche.jpg,Trijang-Rinpoche_thumb.jpg,/uploads/person/Trijang-Rinpoche.jpg,/uploads/person/Trijang-Rinpoche_thumb.jpg,,,0,2,2011-06-09 12:03:41,,,
864,2926,795 stupa.jpg,795 stupa_thumb.jpg,/uploads/person/795 stupa.jpg,/uploads/person/795 stupa_thumb.jpg,795,,1,2,2011-06-14 12:20:44,,,
865,5410,795 stupa.jpg,795 stupa_thumb.jpg,/uploads/person/795 stupa.jpg,/uploads/person/795 stupa_thumb.jpg,795,,1,2,2011-06-14 12:32:59,,,
866,4524,795 stupa.jpg,795 stupa_thumb.jpg,/uploads/person/795 stupa.jpg,/uploads/person/795 stupa_thumb.jpg,795,,1,2,2011-06-14 12:44:31,,,
867,6634,795 stupa.jpg,795 stupa_thumb.jpg,/uploads/person/795 stupa.jpg,/uploads/person/795 stupa_thumb.jpg,795,,1,2,2011-06-14 13:19:19,,,
868,5490,795 stupa.jpg,795 stupa_thumb.jpg,/uploads/person/795 stupa.jpg,/uploads/person/795 stupa_thumb.jpg,795,,1,2,2011-06-14 13:30:50,,,
870,13140,200005 Bon stupa.jpg,200005 Bon stupa_thumb.jpg,/uploads/person/200005 Bon stupa.jpg,/uploads/person/200005 Bon stupa_thumb.jpg,200005,,1,2,2011-06-17 9:56:46,,,
871,8571,79794.jpg,79794_thumb.jpg,/uploads/person/79794.jpg,/uploads/person/79794_thumb.jpg,79794,,1,2,2011-06-17 12:43:40,,,
872,9923,795 stupa.jpg,795 stupa_thumb.jpg,/uploads/person/795 stupa.jpg,/uploads/person/795 stupa_thumb.jpg,795,,1,2,2011-06-21 12:14:51,,,
873,8177,Jamyang Dorje.jpg,Jamyang Dorje_thumb.jpg,/uploads/person/Jamyang Dorje.jpg,/uploads/person/Jamyang Dorje_thumb.jpg,,,1,2,2011-06-22 10:13:58,,,
874,8177,with Khenpo Sonam Tobgyel.jpeg,with Khenpo Sonam Tobgyel_thumb.jpeg,/uploads/person/with Khenpo Sonam Tobgyel.jpeg,/uploads/person/with Khenpo Sonam Tobgyel_thumb.jpeg,,,0,2,2011-06-22 10:18:35,,,
875,8177,with Damcho.jpeg,with Damcho_thumb.jpeg,/uploads/person/with Damcho.jpeg,/uploads/person/with Damcho_thumb.jpeg,,,0,2,2011-06-22 10:18:59,,,
876,7719,953 stupa.jpg,953 stupa_thumb.jpg,/uploads/person/953 stupa.jpg,/uploads/person/953 stupa_thumb.jpg,953,,1,2,2011-06-22 10:35:04,,,
879,8580,953 stupa.jpg,953 stupa_thumb.jpg,/uploads/person/953 stupa.jpg,/uploads/person/953 stupa_thumb.jpg,953,,1,2,2011-06-22 11:13:46,,,
880,9201,407 rangjung dorje.jpg,407 rangjung dorje_thumb.jpg,/uploads/person/407 rangjung dorje.jpg,/uploads/person/407 rangjung dorje_thumb.jpg,407,,1,2,2011-06-29 16:47:37,,,
881,9201,508 rangjung dorje.jpg,508 rangjung dorje_thumb.jpg,/uploads/person/508 rangjung dorje.jpg,/uploads/person/508 rangjung dorje_thumb.jpg,508,,0,2,2011-06-29 16:47:51,,,
884,7053,412 Ngakchang Ngawang Kunga Rinchen .jpg,412 Ngakchang Ngawang Kunga Rinchen _thumb.jpg,/uploads/person/412 Ngakchang Ngawang Kunga Rinchen .jpg,/uploads/person/412 Ngakchang Ngawang Kunga Rinchen _thumb.jpg,412,,0,2,2011-06-30 15:47:09,,,
886,2683,89141 karmapa 01.jpg,89141 karmapa 01_thumb.jpg,/uploads/person/89141 karmapa 01.jpg,/uploads/person/89141 karmapa 01_thumb.jpg,89141,,0,2,2011-07-05 15:32:47,,,
887,13066,89141.jpg,89141_thumb.jpg,/uploads/person/89141.jpg,/uploads/person/89141_thumb.jpg,89141,,1,2,2011-07-05 16:27:58,,,
888,2510,89141 Padampa Sanggye.jpg,89141 Padampa Sanggye_thumb.jpg,/uploads/person/89141 Padampa Sanggye.jpg,/uploads/person/89141 Padampa Sanggye_thumb.jpg,89141,,0,2,2011-07-05 16:36:41,,,
889,2539,89141 pagmodrupa.jpg,89141 pagmodrupa_thumb.jpg,/uploads/person/89141 pagmodrupa.jpg,/uploads/person/89141 pagmodrupa_thumb.jpg,89141,,1,2,2011-07-05 16:42:58,2,2011-07-05 16:44:33,
890,2539,254 Pagmodrupa.jpg,254 Pagmodrupa_thumb.jpg,/uploads/person/254 Pagmodrupa.jpg,/uploads/person/254 Pagmodrupa_thumb.jpg,254,,0,2,2011-07-05 16:47:45,,,
891,2539,65461 pagmodrupa.jpg,65461 pagmodrupa_thumb.jpg,/uploads/person/65461 pagmodrupa.jpg,/uploads/person/65461 pagmodrupa_thumb.jpg,65461,,0,2,2011-07-05 16:53:51,,,
892,4368,89141 taklungtangpa.jpg,89141 taklungtangpa_thumb.jpg,/uploads/person/89141 taklungtangpa.jpg,/uploads/person/89141 taklungtangpa_thumb.jpg,89141,,0,2,2011-07-05 17:03:22,,,
894,5717,89141 atisha.jpg,89141 atisha_thumb.jpg,/uploads/person/89141 atisha.jpg,/uploads/person/89141 atisha_thumb.jpg,89141,,0,2,2011-07-05 17:56:22,,,
895,10892,89141 padmakaravajra.jpg,89141 padmakaravajra_thumb.jpg,/uploads/person/89141 padmakaravajra.jpg,/uploads/person/89141 padmakaravajra_thumb.jpg,89141,,1,2,2011-07-06 14:49:58,,,
896,6214,89141 vajrasan.jpg,89141 vajrasan_thumb.jpg,/uploads/person/89141 vajrasan.jpg,/uploads/person/89141 vajrasan_thumb.jpg,89141,,1,2,2011-07-06 16:22:34,,,
897,2776,68871.jpg,68871_thumb.jpg,/uploads/person/68871.jpg,/uploads/person/68871_thumb.jpg,68871,Michael and Beata McCormack,0,2,2011-07-06 16:32:10,,,
899,2899,65205 Jikten Gonpo.jpg,65205 Jikten Gonpo_thumb.jpg,/uploads/person/65205 Jikten Gonpo.jpg,/uploads/person/65205 Jikten Gonpo_thumb.jpg,65205,,0,2,2011-07-06 16:40:02,,,
901,4368,89957 Taklungtangpa.jpg,89957 Taklungtangpa_thumb.jpg,/uploads/person/89957 Taklungtangpa.jpg,/uploads/person/89957 Taklungtangpa_thumb.jpg,89977,Michael and Beata McCormack,0,9,2011-07-20 18:55:49,,,
902,2539,89957 Pagmodrupa.jpg,89957 Pagmodrupa_thumb.jpg,/uploads/person/89957 Pagmodrupa.jpg,/uploads/person/89957 Pagmodrupa_thumb.jpg,89957,Michael and Beata McCormack,0,9,2011-07-20 19:10:10,,,
903,3178,89957 Mila.jpg,89957 Mila_thumb.jpg,/uploads/person/89957 Mila.jpg,/uploads/person/89957 Mila_thumb.jpg,89957,Michael and Beata McCormack,0,9,2011-07-20 19:15:56,,,
904,3168,89957 gampopa.jpg,89957 gampopa_thumb.jpg,/uploads/person/89957 gampopa.jpg,/uploads/person/89957 gampopa_thumb.jpg,89957,Michael and Beata McCormack,0,9,2011-07-20 20:41:00,,,
905,10199,80536.rinchen zangpo.jpg,80536.rinchen zangpo_thumb.jpg,/uploads/person/80536.rinchen zangpo.jpg,/uploads/person/80536.rinchen zangpo_thumb.jpg,80536,,1,9,2011-07-22 18:55:12,,,
906,2810,80531.shakyashri.jpg,80531.shakyashri_thumb.jpg,/uploads/person/80531.shakyashri.jpg,/uploads/person/80531.shakyashri_thumb.jpg,80531,,1,9,2011-07-22 19:02:48,,,
907,2510,80534.padampa.jpg,80534.padampa_thumb.jpg,/uploads/person/80534.padampa.jpg,/uploads/person/80534.padampa_thumb.jpg,80534,,0,9,2011-07-22 19:50:32,,,
908,4511,80535.tangtong gyelpo.jpg,80535.tangtong gyelpo_thumb.jpg,/uploads/person/80535.tangtong gyelpo.jpg,/uploads/person/80535.tangtong gyelpo_thumb.jpg,80535,,0,9,2011-07-22 19:52:05,,,
909,10199,82 Richen Zangpo.jpg,82 Richen Zangpo_thumb.jpg,/uploads/person/82 Richen Zangpo.jpg,/uploads/person/82 Richen Zangpo_thumb.jpg,82,,0,2,2011-07-22 20:56:29,,,
910,4354,89957 Marpa.jpg,89957 Marpa_thumb.jpg,/uploads/person/89957 Marpa.jpg,/uploads/person/89957 Marpa_thumb.jpg,89957,Michael and Beata McCormack,0,2,2011-07-27 19:57:08,,,
911,8562,795 stupa.jpg,795 stupa_thumb.jpg,/uploads/person/795 stupa.jpg,/uploads/person/795 stupa_thumb.jpg,795,,1,2,2011-07-28 15:25:36,,,
912,8609,953 stupa.jpg,953 stupa_thumb.jpg,/uploads/person/953 stupa.jpg,/uploads/person/953 stupa_thumb.jpg,953,,1,2,2011-07-28 15:31:28,,,
913,8610,953 stupa.jpg,953 stupa_thumb.jpg,/uploads/person/953 stupa.jpg,/uploads/person/953 stupa_thumb.jpg,953,,1,2,2011-07-28 15:35:50,,,
914,8563,795stupa.jpg,795stupa_thumb.jpg,/uploads/person/795stupa.jpg,/uploads/person/795stupa_thumb.jpg,795,,1,2,2011-07-29 16:39:06,,,
915,8575,795stupa.jpg,795stupa_thumb.jpg,/uploads/person/795stupa.jpg,/uploads/person/795stupa_thumb.jpg,795,,1,2,2011-07-29 16:43:14,,,
918,13141,79685_sanggye_on.jpg,79685_sanggye_on_thumb.jpg,/uploads/person/79685_sanggye_on.jpg,/uploads/person/79685_sanggye_on_thumb.jpg,79685,,0,2,2011-07-29 22:45:46,,,
919,13121,1st_padtul.jpeg,1st_padtul_thumb.jpeg,/uploads/person/1st_padtul.jpeg,/uploads/person/1st_padtul_thumb.jpeg,,Padselling Dharma Center,1,2,2011-08-01 15:44:46,,,
920,13122,3rd_Pedtsheling.jpg,3rd_Pedtsheling_thumb.jpg,/uploads/person/3rd_Pedtsheling.jpg,/uploads/person/3rd_Pedtsheling_thumb.jpg,,Padtselling Dharma Center,1,2,2011-08-01 15:56:59,,,
921,13128,Thugsey_Rinpoche_Tenpai_Gyaltsen.jpg,Thugsey_Rinpoche_Tenpai_Gyaltsen_thumb.jpg,/uploads/person/Thugsey_Rinpoche_Tenpai_Gyaltsen.jpg,/uploads/person/Thugsey_Rinpoche_Tenpai_Gyaltsen_thumb.jpg,,http://shingkhar.blogspot.com/,1,2,2011-08-01 16:04:45,,,
922,10372,Lama_Monlam.jpg,Lama_Monlam_thumb.jpg,/uploads/person/Lama_Monlam.jpg,/uploads/person/Lama_Monlam_thumb.jpg,,National Library of Bhutan,1,2,2011-08-01 16:10:47,,,
924,8549,795stupa.jpg,795stupa_thumb.jpg,/uploads/person/795stupa.jpg,/uploads/person/795stupa_thumb.jpg,795,,1,2,2011-08-02 22:11:30,,,
927,12547,89141 yonten jungne.jpg,89141 yonten jungne_thumb.jpg,/uploads/person/89141 yonten jungne.jpg,/uploads/person/89141 yonten jungne_thumb.jpg,89148,,1,2,2011-08-03 16:52:56,2,2011-08-03 17:04:41,
930,3200,98148 konchok pelwa.jpg,98148 konchok pelwa_thumb.jpg,/uploads/person/98148 konchok pelwa.jpg,/uploads/person/98148 konchok pelwa_thumb.jpg,89148,,1,2,2011-08-03 17:01:45,,,
932,4543,89141 Trulzhik tsultrim.jpg,89141 Trulzhik tsultrim_thumb.jpg,/uploads/person/89141 Trulzhik tsultrim.jpg,/uploads/person/89141 Trulzhik tsultrim_thumb.jpg,89148,,1,2,2011-08-03 17:04:04,,,
933,1908,89148 Drakpa Dorje.jpg,89148 Drakpa Dorje_thumb.jpg,/uploads/person/89148 Drakpa Dorje.jpg,/uploads/person/89148 Drakpa Dorje_thumb.jpg,89148,,1,2,2011-08-03 17:08:14,,,
934,10497,89141 Lowo Khenchen.jpg,89141 Lowo Khenchen_thumb.jpg,/uploads/person/89141 Lowo Khenchen.jpg,/uploads/person/89141 Lowo Khenchen_thumb.jpg,89148,,0,2,2011-08-03 17:09:56,,,
935,7064,89141 sakya lotsawa.jpg,89141 sakya lotsawa_thumb.jpg,/uploads/person/89141 sakya lotsawa.jpg,/uploads/person/89141 sakya lotsawa_thumb.jpg,89148,,1,2,2011-08-03 17:11:53,,,
937,8612,zongrinpoche-phari.jpg,zongrinpoche-phari_thumb.jpg,/uploads/person/zongrinpoche-phari.jpg,/uploads/person/zongrinpoche-phari_thumb.jpg,,dorjeshugden.com/dungkaroracle.htm,0,2,2011-08-03 18:29:05,,,
939,8612,ZongR p.jpeg,ZongR p_thumb.jpeg,/uploads/person/ZongR p.jpeg,/uploads/person/ZongR p_thumb.jpeg,,"Chod in the Ganden Tradition, p. 12",0,2,2011-08-03 19:15:22,,,
941,3211,89141 dakchen choje.jpg,89141 dakchen choje_thumb.jpg,/uploads/person/89141 dakchen choje.jpg,/uploads/person/89141 dakchen choje_thumb.jpg,89148,,1,2,2011-08-04 21:43:29,,,
942,9030,65776.jpg,65776_thumb.jpg,/uploads/person/65776.jpg,/uploads/person/65776_thumb.jpg,65776,,1,2,2011-08-04 22:21:23,,,
943,3153,80093.jpg,80093_thumb.jpg,/uploads/person/80093.jpg,/uploads/person/80093_thumb.jpg,80093,,1,2,2011-08-05 16:48:32,,,
944,5750,493 Bakton Zhonnu Tsultrim.jpg,493 Bakton Zhonnu Tsultrim_thumb.jpg,/uploads/person/493 Bakton Zhonnu Tsultrim.jpg,/uploads/person/493 Bakton Zhonnu Tsultrim_thumb.jpg,493,,1,2,2011-08-22 23:18:40,,,
945,5555,493 nartangpa.jpg,493 nartangpa_thumb.jpg,/uploads/person/493 nartangpa.jpg,/uploads/person/493 nartangpa_thumb.jpg,493,,1,2,2011-08-22 23:25:21,,,
946,8028,65622 13th Je Khenpo.jpg,65622 13th Je Khenpo_thumb.jpg,/uploads/person/65622 13th Je Khenpo.jpg,/uploads/person/65622 13th Je Khenpo_thumb.jpg,65622,,1,2,2011-08-23 21:51:47,,,
947,7895,65622 12th Je Khenpo.jpg,65622 12th Je Khenpo_thumb.jpg,/uploads/person/65622 12th Je Khenpo.jpg,/uploads/person/65622 12th Je Khenpo_thumb.jpg,,65622,1,2,2011-08-23 21:55:56,,,
948,9084,65804 Karma Chakme.jpg,65804 Karma Chakme_thumb.jpg,/uploads/person/65804 Karma Chakme.jpg,/uploads/person/65804 Karma Chakme_thumb.jpg,65804,,0,2,2011-08-25 21:52:50,,,
950,9190,777 Mingyur Dorje.jpg,777 Mingyur Dorje_thumb.jpg,/uploads/person/777 Mingyur Dorje.jpg,/uploads/person/777 Mingyur Dorje_thumb.jpg,777,,1,2,2011-08-26 1:00:48,,,
951,9084,777 Karma Chakme.jpg,777 Karma Chakme_thumb.jpg,/uploads/person/777 Karma Chakme.jpg,/uploads/person/777 Karma Chakme_thumb.jpg,777,,0,2,2011-08-26 1:01:49,,,
952,9148,777 Kunzang Sherab.jpg,777 Kunzang Sherab_thumb.jpg,/uploads/person/777 Kunzang Sherab.jpg,/uploads/person/777 Kunzang Sherab_thumb.jpg,777,,1,2,2011-08-26 1:03:36,,,
953,6746,65918 6th ganden tripa.jpg,65918 6th ganden tripa_thumb.jpg,/uploads/person/65918 6th ganden tripa.jpg,/uploads/person/65918 6th ganden tripa_thumb.jpg,65918,,1,2,2011-08-26 23:40:45,,,
954,8986,65802 Tsonkhapa.jpg,65802 Tsonkhapa_thumb.jpg,/uploads/person/65802 Tsonkhapa.jpg,/uploads/person/65802 Tsonkhapa_thumb.jpg,65802,,0,2,2011-08-30 19:05:31,,,
956,8986,595 tsongkhapa.jpg,595 tsongkhapa_thumb.jpg,/uploads/person/595 tsongkhapa.jpg,/uploads/person/595 tsongkhapa_thumb.jpg,595,,1,2,2011-08-30 19:10:11,2,2011-08-30 19:11:23,
957,8986,18 tsongkhapa.jpg,18 tsongkhapa_thumb.jpg,/uploads/person/18 tsongkhapa.jpg,/uploads/person/18 tsongkhapa_thumb.jpg,18,,0,2,2011-08-30 19:11:13,,,
958,13142,Sixth Gangteng.jpg,Sixth Gangteng_thumb.jpg,/uploads/person/Sixth Gangteng.jpg,/uploads/person/Sixth Gangteng_thumb.jpg,,Ariana Maki,1,2,2011-09-01 19:05:22,,,
959,13143,Seventh Gangteng.jpg,Seventh Gangteng_thumb.jpg,/uploads/person/Seventh Gangteng.jpg,/uploads/person/Seventh Gangteng_thumb.jpg,,Ariana Maki,1,2,2011-09-01 19:08:57,,,
960,13144,Eighth Gangteng.jpg,Eighth Gangteng_thumb.jpg,/uploads/person/Eighth Gangteng.jpg,/uploads/person/Eighth Gangteng_thumb.jpg,,Ariana Maki,1,2,2011-09-01 19:57:18,,,
961,13145,Fourth Gangteng.jpg,Fourth Gangteng_thumb.jpg,/uploads/person/Fourth Gangteng.jpg,/uploads/person/Fourth Gangteng_thumb.jpg,,Ariana Maki,1,2,2011-09-01 20:15:03,,,
962,13146,Fifth Gangteng.jpg,Fifth Gangteng_thumb.jpg,/uploads/person/Fifth Gangteng.jpg,/uploads/person/Fifth Gangteng_thumb.jpg,,Ariana Maki,1,2,2011-09-01 20:27:33,,,
963,4478,Eighth Gangteng.jpg,Eighth Gangteng_thumb.jpg,/uploads/person/Eighth Gangteng.jpg,/uploads/person/Eighth Gangteng_thumb.jpg,,Ariana Maki,1,2,2011-09-01 20:41:51,,,
964,13133,Third Gangteng.jpg,Third Gangteng_thumb.jpg,/uploads/person/Third Gangteng.jpg,/uploads/person/Third Gangteng_thumb.jpg,,Ariana Maki,1,2,2011-09-01 22:20:39,2,2011-09-01 22:20:51,
965,4354,562 Marpa.jpg,562 Marpa_thumb.jpg,/uploads/person/562 Marpa.jpg,/uploads/person/562 Marpa_thumb.jpg,562,,0,2,2011-09-02 20:46:41,,,
966,4354,937 Marpa.jpg,937 Marpa_thumb.jpg,/uploads/person/937 Marpa.jpg,/uploads/person/937 Marpa_thumb.jpg,937,,1,2,2011-09-02 20:47:54,,,
967,8538,lrlb.jpeg,lrlb_thumb.jpeg,/uploads/person/lrlb.jpeg,/uploads/person/lrlb_thumb.jpeg,,,1,2,2011-09-07 19:56:04,,,
968,2733,65861 Orgyenpa.jpg,65861 Orgyenpa_thumb.jpg,/uploads/person/65861 Orgyenpa.jpg,/uploads/person/65861 Orgyenpa_thumb.jpg,65861,,1,2,2011-09-07 20:32:54,,,
969,3020,Mingyur_Namkhe_Dorje.jpg,Mingyur_Namkhe_Dorje_thumb.jpg,/uploads/person/Mingyur_Namkhe_Dorje.jpg,/uploads/person/Mingyur_Namkhe_Dorje_thumb.jpg,,,1,2,2011-09-15 23:51:50,,,
970,10832,795stupa.jpg,795stupa_thumb.jpg,/uploads/person/795stupa.jpg,/uploads/person/795stupa_thumb.jpg,795,,1,2,2011-09-16 23:23:59,,,
971,9383,953stupa.jpg,953stupa_thumb.jpg,/uploads/person/953stupa.jpg,/uploads/person/953stupa_thumb.jpg,953,,1,2,2011-09-20 21:42:56,,,
972,10068,795stupa.jpg,795stupa_thumb.jpg,/uploads/person/795stupa.jpg,/uploads/person/795stupa_thumb.jpg,795,,1,2,2011-09-23 22:50:19,,,
973,8986,410 Tsongkhapa detail.jpg,410 Tsongkhapa detail_thumb.jpg,/uploads/person/410 Tsongkhapa detail.jpg,/uploads/person/410 Tsongkhapa detail_thumb.jpg,410,,0,2,2011-09-24 1:36:56,,,
974,8578,795stupa.jpg,795stupa_thumb.jpg,/uploads/person/795stupa.jpg,/uploads/person/795stupa_thumb.jpg,795,,1,2,2011-09-27 22:03:27,,,
978,10828,795stupa.jpg,795stupa_thumb.jpg,/uploads/person/795stupa.jpg,/uploads/person/795stupa_thumb.jpg,795,,1,2,2011-10-01 2:13:21,,,
979,4077,953stupa.jpg,953stupa_thumb.jpg,/uploads/person/953stupa.jpg,/uploads/person/953stupa_thumb.jpg,953,,1,2,2011-10-19 2:07:36,,,
980,2931,953stupa.jpg,953stupa_thumb.jpg,/uploads/person/953stupa.jpg,/uploads/person/953stupa_thumb.jpg,953,,1,2,2011-10-19 2:19:03,,,
982,4196,795stupa.jpg,795stupa_thumb.jpg,/uploads/person/795stupa.jpg,/uploads/person/795stupa_thumb.jpg,795,,1,2,2011-10-19 2:36:21,,,
983,2409,795stupa.jpg,795stupa_thumb.jpg,/uploads/person/795stupa.jpg,/uploads/person/795stupa_thumb.jpg,795,,1,2,2011-10-19 2:47:40,,,
984,7874,953stupa.jpg,953stupa_thumb.jpg,/uploads/person/953stupa.jpg,/uploads/person/953stupa_thumb.jpg,953,,1,2,2011-10-22 0:08:59,,,
985,8397,953stupa.jpg,953stupa_thumb.jpg,/uploads/person/953stupa.jpg,/uploads/person/953stupa_thumb.jpg,953,,1,9,2011-10-22 3:34:55,,,
986,8397,1stking-enthronement.jpeg,1stking-enthronement_thumb.jpeg,/uploads/person/1stking-enthronement.jpeg,/uploads/person/1stking-enthronement_thumb.jpeg,,,0,2,2011-10-22 3:48:28,,,
987,13147,795stupa.jpg,795stupa_thumb.jpg,/uploads/person/795stupa.jpg,/uploads/person/795stupa_thumb.jpg,795,,1,2,2011-10-25 15:14:46,,,
990,4259,80364.Eleventh Dalai Lama.jpg,80364.Eleventh Dalai Lama_thumb.jpg,/uploads/person/80364.Eleventh Dalai Lama.jpg,/uploads/person/80364.Eleventh Dalai Lama_thumb.jpg,80364,,1,2,2011-11-02 19:43:16,,,
991,4141,80365.Twelfth Dalai Lama.jpg,80365.Twelfth Dalai Lama_thumb.jpg,/uploads/person/80365.Twelfth Dalai Lama.jpg,/uploads/person/80365.Twelfth Dalai Lama_thumb.jpg,80365,,1,2,2011-11-02 19:46:10,,,
992,11114,80355.Second Dalai Lama.jpg,80355.Second Dalai Lama_thumb.jpg,/uploads/person/80355.Second Dalai Lama.jpg,/uploads/person/80355.Second Dalai Lama_thumb.jpg,80355,,0,2,2011-11-02 19:51:41,,,
993,6065,80358.Fifth Dalai Lama.jpg,80358.Fifth Dalai Lama_thumb.jpg,/uploads/person/80358.Fifth Dalai Lama.jpg,/uploads/person/80358.Fifth Dalai Lama_thumb.jpg,80358,,0,2,2011-11-02 19:57:23,,,
994,5871,80359.Sixth Dalai Lama.jpg,80359.Sixth Dalai Lama_thumb.jpg,/uploads/person/80359.Sixth Dalai Lama.jpg,/uploads/person/80359.Sixth Dalai Lama_thumb.jpg,80359,,0,2,2011-11-02 20:01:06,,,
995,5871,65384.Sixth Dalai Lama.jpg,65384.Sixth Dalai Lama_thumb.jpg,/uploads/person/65384.Sixth Dalai Lama.jpg,/uploads/person/65384.Sixth Dalai Lama_thumb.jpg,65384,,1,2,2011-11-02 20:02:13,,,
996,3107,212 Seventh Dalai Lama.jpg,212 Seventh Dalai Lama_thumb.jpg,/uploads/person/212 Seventh Dalai Lama.jpg,/uploads/person/212 Seventh Dalai Lama_thumb.jpg,212,,1,2,2011-11-02 20:06:27,,,
997,3107,80360.Seventh Dalai Lama.jpg,80360.Seventh Dalai Lama_thumb.jpg,/uploads/person/80360.Seventh Dalai Lama.jpg,/uploads/person/80360.Seventh Dalai Lama_thumb.jpg,80360,,0,2,2011-11-02 20:06:45,,,
998,4314,80363.Tenth Dalai Lama.jpg,80363.Tenth Dalai Lama_thumb.jpg,/uploads/person/80363.Tenth Dalai Lama.jpg,/uploads/person/80363.Tenth Dalai Lama_thumb.jpg,80363,,1,2,2011-11-02 20:10:43,,,
999,2339,80361.Eighth Dalai Lama.jpg,80361.Eighth Dalai Lama_thumb.jpg,/uploads/person/80361.Eighth Dalai Lama.jpg,/uploads/person/80361.Eighth Dalai Lama_thumb.jpg,80361,,0,2,2011-11-02 20:49:16,2,2014-01-02 12:29:36,
1000,2661,65861 First Tsurphu Gyeltsab.jpg,65861 First Tsurphu Gyeltsab_thumb.jpg,/uploads/person/65861 First Tsurphu Gyeltsab.jpg,/uploads/person/65861 First Tsurphu Gyeltsab_thumb.jpg,65861,,1,2,2011-11-04 15:18:49,,,
1001,2810,65861 Shakyashribhadra.jpg,65861 Shakyashribhadra_thumb.jpg,/uploads/person/65861 Shakyashribhadra.jpg,/uploads/person/65861 Shakyashribhadra_thumb.jpg,65861,,0,2,2011-11-08 21:41:06,,,
1002,4140,1019 Pomdrakpa.jpg,1019 Pomdrakpa_thumb.jpg,/uploads/person/1019 Pomdrakpa.jpg,/uploads/person/1019 Pomdrakpa_thumb.jpg,1019,,1,2,2011-11-10 20:10:30,,,
1003,4140,65861 Pomdrakpa.jpg,65861 Pomdrakpa_thumb.jpg,/uploads/person/65861 Pomdrakpa.jpg,/uploads/person/65861 Pomdrakpa_thumb.jpg,65861,,0,2,2011-11-10 20:12:08,,,
1004,6582,1019 Sanggye Rechung.jpg,1019 Sanggye Rechung_thumb.jpg,/uploads/person/1019 Sanggye Rechung.jpg,/uploads/person/1019 Sanggye Rechung_thumb.jpg,1019,,1,2,2011-11-10 20:28:12,,,
1005,2740,120 Yungton Dorje Pel.jpg,120 Yungton Dorje Pel_thumb.jpg,/uploads/person/120 Yungton Dorje Pel.jpg,/uploads/person/120 Yungton Dorje Pel_thumb.jpg,120,,1,2,2011-11-10 22:41:37,,,
1006,2740,65861 Yungton dorje pelwa.jpg,65861 Yungton dorje pelwa_thumb.jpg,/uploads/person/65861 Yungton dorje pelwa.jpg,/uploads/person/65861 Yungton dorje pelwa_thumb.jpg,65861,,0,2,2011-11-10 22:44:56,,,
1007,7130,559 Jampel Zangpo.jpg,559 Jampel Zangpo_thumb.jpg,/uploads/person/559 Jampel Zangpo.jpg,/uploads/person/559 Jampel Zangpo_thumb.jpg,559,,1,2,2011-11-30 23:34:35,,,
1008,7130,65861 Jampel Zangpo.jpg,65861 Jampel Zangpo_thumb.jpg,/uploads/person/65861 Jampel Zangpo.jpg,/uploads/person/65861 Jampel Zangpo_thumb.jpg,65861,,0,2,2011-11-30 23:34:46,,,
1009,11258,795stupa.jpg,795stupa_thumb.jpg,/uploads/person/795stupa.jpg,/uploads/person/795stupa_thumb.jpg,795,,1,2,2011-12-02 18:39:21,,,
1011,5999,380 Nyangrel.jpg,380 Nyangrel_thumb.jpg,/uploads/person/380 Nyangrel.jpg,/uploads/person/380 Nyangrel_thumb.jpg,380,,0,2,2011-12-14 17:33:48,,,
1012,6856,171 Tsangnyon.jpg,171 Tsangnyon_thumb.jpg,/uploads/person/171 Tsangnyon.jpg,/uploads/person/171 Tsangnyon_thumb.jpg,171,,0,2,2011-12-15 19:18:39,,,
1013,6856,58303.Tsangnyon.jpg,58303.Tsangnyon_thumb.jpg,/uploads/person/58303.Tsangnyon.jpg,/uploads/person/58303.Tsangnyon_thumb.jpg,58303,Pritzker Collection,1,2,2011-12-15 19:20:54,,,
1014,6856,49332.tsangnyon.jpg,49332.tsangnyon_thumb.jpg,/uploads/person/49332.tsangnyon.jpg,/uploads/person/49332.tsangnyon_thumb.jpg,49332,,0,2,2011-12-15 19:21:40,,,
1015,2118,795stupa.jpg,795stupa_thumb.jpg,/uploads/person/795stupa.jpg,/uploads/person/795stupa_thumb.jpg,795,,1,2,2011-12-15 21:13:15,,,
1016,10673,795stupa.jpg,795stupa_thumb.jpg,/uploads/person/795stupa.jpg,/uploads/person/795stupa_thumb.jpg,795,,1,2,2011-12-15 21:24:26,,,
1017,10678,795stupa.jpg,795stupa_thumb.jpg,/uploads/person/795stupa.jpg,/uploads/person/795stupa_thumb.jpg,795,,1,2,2011-12-15 21:38:24,,,
1019,10676,795stupa.jpg,795stupa_thumb.jpg,/uploads/person/795stupa.jpg,/uploads/person/795stupa_thumb.jpg,795,,1,2,2011-12-15 21:48:08,,,
1020,8631,795stupa.jpg,795stupa_thumb.jpg,/uploads/person/795stupa.jpg,/uploads/person/795stupa_thumb.jpg,795,,1,2,2011-12-21 16:49:52,,,
1021,8551,953stupa.jpg,953stupa_thumb.jpg,/uploads/person/953stupa.jpg,/uploads/person/953stupa_thumb.jpg,953,,1,2,2011-12-21 17:01:06,,,
1022,8630,953stupa.jpg,953stupa_thumb.jpg,/uploads/person/953stupa.jpg,/uploads/person/953stupa_thumb.jpg,953,,1,2,2011-12-21 17:28:01,,,
1023,8566,953stupa.jpg,953stupa_thumb.jpg,/uploads/person/953stupa.jpg,/uploads/person/953stupa_thumb.jpg,953,,1,2,2011-12-21 17:48:46,,,
1024,8629,953stupa.jpg,953stupa_thumb.jpg,/uploads/person/953stupa.jpg,/uploads/person/953stupa_thumb.jpg,953,,1,2,2011-12-21 17:54:24,,,
1025,8543,795stupa.jpg,795stupa_thumb.jpg,/uploads/person/795stupa.jpg,/uploads/person/795stupa_thumb.jpg,795,,1,2,2011-12-21 18:14:41,,,
1027,8617,795stupa.jpg,795stupa_thumb.jpg,/uploads/person/795stupa.jpg,/uploads/person/795stupa_thumb.jpg,795,,1,2,2011-12-22 20:13:09,,,
1028,8603,795stupa.jpg,795stupa_thumb.jpg,/uploads/person/795stupa.jpg,/uploads/person/795stupa_thumb.jpg,795,,1,2,2011-12-22 20:21:33,,,
1029,8584,795stupa.jpg,795stupa_thumb.jpg,/uploads/person/795stupa.jpg,/uploads/person/795stupa_thumb.jpg,795,,1,2,2011-12-22 20:34:02,,,
1030,8616,795stupa.jpg,795stupa_thumb.jpg,/uploads/person/795stupa.jpg,/uploads/person/795stupa_thumb.jpg,795,,1,2,2011-12-22 20:39:43,,,
1031,13148,795stupa.jpg,795stupa_thumb.jpg,/uploads/person/795stupa.jpg,/uploads/person/795stupa_thumb.jpg,795,,1,2,2011-12-23 17:49:25,,,
1032,13149,795stupa.jpg,795stupa_thumb.jpg,/uploads/person/795stupa.jpg,/uploads/person/795stupa_thumb.jpg,795,,1,2,2011-12-23 17:53:28,,,
1033,11432,795stupa.jpg,795stupa_thumb.jpg,/uploads/person/795stupa.jpg,/uploads/person/795stupa_thumb.jpg,795,,1,2,2011-12-23 18:05:31,,,
1034,13150,795stupa.jpg,795stupa_thumb.jpg,/uploads/person/795stupa.jpg,/uploads/person/795stupa_thumb.jpg,795,,1,2,2011-12-23 18:51:27,,,
1035,10827,795stupa.jpg,795stupa_thumb.jpg,/uploads/person/795stupa.jpg,/uploads/person/795stupa_thumb.jpg,795,,1,2,2011-12-27 19:33:38,,,
1036,4986,795stupa.jpg,795stupa_thumb.jpg,/uploads/person/795stupa.jpg,/uploads/person/795stupa_thumb.jpg,795,,1,2,2011-12-27 19:37:53,,,
1037,4987,795stupa.jpg,795stupa_thumb.jpg,/uploads/person/795stupa.jpg,/uploads/person/795stupa_thumb.jpg,795,,1,2,2011-12-27 19:41:51,,,
1038,13151,795stupa.jpg,795stupa_thumb.jpg,/uploads/person/795stupa.jpg,/uploads/person/795stupa_thumb.jpg,795,,1,2,2011-12-27 19:45:14,,,
1039,13152,pic.dpr6.jpeg,pic.dpr6_thumb.jpeg,/uploads/person/pic.dpr6.jpeg,/uploads/person/pic.dpr6_thumb.jpeg,,http://dpr.info/bio.history.dpr3to6.htm,1,2,2011-12-27 19:51:01,,,
1040,13152,pic.k16.dpr6.jpeg,pic.k16.dpr6_thumb.jpeg,/uploads/person/pic.k16.dpr6.jpeg,/uploads/person/pic.k16.dpr6_thumb.jpeg,,http://dpr.info/bio.history.dpr3to6.htm,0,2,2011-12-27 19:51:43,,,
1041,9601,80190. zhenpen taye.jpg,80190. zhenpen taye_thumb.jpg,/uploads/person/80190. zhenpen taye.jpg,/uploads/person/80190. zhenpen taye_thumb.jpg,80190,,1,2,2011-12-28 19:40:31,,,
1042,4659,953stupa.jpg,953stupa_thumb.jpg,/uploads/person/953stupa.jpg,/uploads/person/953stupa_thumb.jpg,953,,1,2,2011-12-28 21:14:40,,,
1044,9062,Khonton.jpg,Khonton_thumb.jpg,/uploads/person/Khonton.jpg,/uploads/person/Khonton_thumb.jpg,,Jose Cabezon,1,2,2012-01-13 16:44:29,,,
1045,10413,953stupa.jpg,953stupa_thumb.jpg,/uploads/person/953stupa.jpg,/uploads/person/953stupa_thumb.jpg,953,,1,2,2012-01-13 16:55:58,,,
1046,7442,188 Padmasambhava.jpg,188 Padmasambhava_thumb.jpg,/uploads/person/188 Padmasambhava.jpg,/uploads/person/188 Padmasambhava_thumb.jpg,188,,0,2,2012-02-03 17:29:55,,,
1047,7442,160 Padmasambhava.jpg,160 Padmasambhava_thumb.jpg,/uploads/person/160 Padmasambhava.jpg,/uploads/person/160 Padmasambhava_thumb.jpg,160,,0,2,2012-02-03 17:30:07,,,
1048,5500,68495. Go Lotsawa.jpeg,68495. Go Lotsawa_thumb.jpeg,/uploads/person/68495. Go Lotsawa.jpeg,/uploads/person/68495. Go Lotsawa_thumb.jpeg,68495,Nyingje Lam,1,2,2012-02-08 20:41:57,2,2012-02-09 17:56:31,
1055,1985,368 Gorampa.jpg,368 Gorampa_thumb.jpg,/uploads/person/368 Gorampa.jpg,/uploads/person/368 Gorampa_thumb.jpg,368,,1,2,2012-02-10 20:59:09,1,2012-02-10 21:12:29,
1056,11307,jf_kunpangpa_1.jpeg,jf_kunpangpa_1_thumb.jpeg,/uploads/person/jf_kunpangpa_1.jpeg,/uploads/person/jf_kunpangpa_1_thumb.jpeg,,Jonang Foundation,1,2,2012-03-15 19:24:26,,,
1057,8625,795stupa.jpg,795stupa_thumb.jpg,/uploads/person/795stupa.jpg,/uploads/person/795stupa_thumb.jpg,795,,1,2,2012-03-20 17:28:12,,,
1058,13157,795stupa.jpg,795stupa_thumb.jpg,/uploads/person/795stupa.jpg,/uploads/person/795stupa_thumb.jpg,795,,0,2,2012-03-20 18:56:04,,,
1059,8567,795stupa.jpg,795stupa_thumb.jpg,/uploads/person/795stupa.jpg,/uploads/person/795stupa_thumb.jpg,795,,1,2,2012-03-20 19:01:30,2,2012-03-20 19:01:38,
1060,9985,79631.Vimalamitra.jpg,79631.Vimalamitra_thumb.jpg,/uploads/person/79631.Vimalamitra.jpg,/uploads/person/79631.Vimalamitra_thumb.jpg,79631,,1,2,2012-03-26 14:36:26,,,
1061,10580,p790 Jamyang Tutob Wangchuk.jpg,p790 Jamyang Tutob Wangchuk_thumb.jpg,/uploads/person/p790 Jamyang Tutob Wangchuk.jpg,/uploads/person/p790 Jamyang Tutob Wangchuk_thumb.jpg,790,,1,2,2012-03-27 15:28:27,,,
1062,7240,65848 Sera.jpg,65848 Sera_thumb.jpg,/uploads/person/65848 Sera.jpg,/uploads/person/65848 Sera_thumb.jpg,65848,,1,2,2012-04-02 15:00:10,,,
1063,3040,65848 Drepung.jpg,65848 Drepung_thumb.jpg,/uploads/person/65848 Drepung.jpg,/uploads/person/65848 Drepung_thumb.jpg,65848,,1,2,2012-04-02 15:04:53,,,
1064,7879,74280 Labrang.jpg,74280 Labrang_thumb.jpg,/uploads/person/74280 Labrang.jpg,/uploads/person/74280 Labrang_thumb.jpg,74280,Buryat Historical Museum,1,2,2012-04-02 16:09:40,,,
1065,6646,74280 Labrang.jpg,74280 Labrang_thumb.jpg,/uploads/person/74280 Labrang.jpg,/uploads/person/74280 Labrang_thumb.jpg,74280,Buryat Historical Museum,0,2,2012-04-02 16:11:33,2,2012-07-19 18:37:28,
1066,6818,74280 Labrang.jpg,74280 Labrang_thumb.jpg,/uploads/person/74280 Labrang.jpg,/uploads/person/74280 Labrang_thumb.jpg,74280,Buryat Historical Museum,1,2,2012-04-02 16:13:20,,,
1067,6535,74280 Labrang.jpg,74280 Labrang_thumb.jpg,/uploads/person/74280 Labrang.jpg,/uploads/person/74280 Labrang_thumb.jpg,74280,Buryat Historical Museum,1,2,2012-04-02 16:15:08,,,
1068,2436,74280 Labrang.jpg,74280 Labrang_thumb.jpg,/uploads/person/74280 Labrang.jpg,/uploads/person/74280 Labrang_thumb.jpg,74280,Buryat Historical Museum,1,2,2012-04-02 16:16:23,,,
1069,3074,74280 Labrang.jpg,74280 Labrang_thumb.jpg,/uploads/person/74280 Labrang.jpg,/uploads/person/74280 Labrang_thumb.jpg,74280,Buryat Historical Museum,1,2,2012-04-02 16:17:59,,,
1070,2996,74280 Labrang.jpg,74280 Labrang_thumb.jpg,/uploads/person/74280 Labrang.jpg,/uploads/person/74280 Labrang_thumb.jpg,74280,Buryat Historical Museum,1,2,2012-04-02 16:19:00,,,
1071,4730,74280 Labrang.jpg,74280 Labrang_thumb.jpg,/uploads/person/74280 Labrang.jpg,/uploads/person/74280 Labrang_thumb.jpg,74280,Buryat Historical Museum,1,2,2012-04-02 16:19:56,,,
1072,6110,74280 Labrang.jpg,74280 Labrang_thumb.jpg,/uploads/person/74280 Labrang.jpg,/uploads/person/74280 Labrang_thumb.jpg,74280,Buryat Historical Museum,1,2,2012-04-02 16:21:20,,,
1073,6529,74280 Labrang.jpg,74280 Labrang_thumb.jpg,/uploads/person/74280 Labrang.jpg,/uploads/person/74280 Labrang_thumb.jpg,74280,Buryat Historical Museum,1,2,2012-04-02 16:22:38,,,
1074,3086,74280 Labrang.jpg,74280 Labrang_thumb.jpg,/uploads/person/74280 Labrang.jpg,/uploads/person/74280 Labrang_thumb.jpg,74280,Buryat Historical Museum,1,2,2012-04-02 16:24:38,,,
1075,6505,74280 Labrang.jpg,74280 Labrang_thumb.jpg,/uploads/person/74280 Labrang.jpg,/uploads/person/74280 Labrang_thumb.jpg,74280,Buryat Historical Museum,1,2,2012-04-02 16:25:51,,,
1076,7107,74280 Labrang.jpg,74280 Labrang_thumb.jpg,/uploads/person/74280 Labrang.jpg,/uploads/person/74280 Labrang_thumb.jpg,74280,Buryat Historical Museum,1,2,2012-04-02 16:28:21,,,
1077,2495,74280 Labrang.jpg,74280 Labrang_thumb.jpg,/uploads/person/74280 Labrang.jpg,/uploads/person/74280 Labrang_thumb.jpg,74280,Buryat Historical Museum,1,2,2012-04-02 16:29:38,,,
1078,9126,80572.Pema rigdzin.jpg,80572.Pema rigdzin_thumb.jpg,/uploads/person/80572.Pema rigdzin.jpg,/uploads/person/80572.Pema rigdzin_thumb.jpg,80572,,1,2,2012-04-03 15:32:22,,,
1079,10687,380 Gendun Drub.jpg,380 Gendun Drub_thumb.jpg,/uploads/person/380 Gendun Drub.jpg,/uploads/person/380 Gendun Drub_thumb.jpg,380,,0,2,2012-04-04 19:17:41,,,
1080,3006,380 Terton Pema Wanggyel.jpg,380 Terton Pema Wanggyel_thumb.jpg,/uploads/person/380 Terton Pema Wanggyel.jpg,/uploads/person/380 Terton Pema Wanggyel_thumb.jpg,380,,0,2,2012-04-04 19:22:02,,,
1081,2784,5th_Jamyang.jpeg,5th_Jamyang_thumb.jpeg,/uploads/person/5th_Jamyang.jpeg,/uploads/person/5th_Jamyang_thumb.jpeg,,http://www.sc157.com/html/65/n-32665.html,1,2,2012-04-11 15:45:51,,,
1082,13161,Danzan-Ravjaa-4-klein.jpeg,Danzan-Ravjaa-4-klein_thumb.jpeg,/uploads/person/Danzan-Ravjaa-4-klein.jpeg,/uploads/person/Danzan-Ravjaa-4-klein_thumb.jpeg,,http://michael.eisenriegler.at/2011/11/06/danzan-r,1,2,2012-04-11 19:33:28,,,
1083,9789,493_Jangchub_Sengge.jpg,493_Jangchub_Sengge_thumb.jpg,/uploads/person/493_Jangchub_Sengge.jpg,/uploads/person/493_Jangchub_Sengge_thumb.jpg,493,,1,2,2012-04-17 21:09:09,,,
1084,9712,795stupa.jpg,795stupa_thumb.jpg,/uploads/person/795stupa.jpg,/uploads/person/795stupa_thumb.jpg,795,,1,2,2012-04-19 17:14:14,,,
1085,9612,80188_do_khyentse.jpg,80188_do_khyentse_thumb.jpg,/uploads/person/80188_do_khyentse.jpg,/uploads/person/80188_do_khyentse_thumb.jpg,80188,,0,2,2012-04-19 20:20:29,,,
1086,13162,Third Gemang.jpg,Third Gemang_thumb.jpg,/uploads/person/Third Gemang.jpg,/uploads/person/Third Gemang_thumb.jpg,,,1,2,2012-04-30 18:34:30,,,
1087,8633,953stupa.jpg,953stupa_thumb.jpg,/uploads/person/953stupa.jpg,/uploads/person/953stupa_thumb.jpg,953,,1,2,2012-05-01 23:01:08,,,
1088,8585,953stupa.jpg,953stupa_thumb.jpg,/uploads/person/953stupa.jpg,/uploads/person/953stupa_thumb.jpg,953,,1,2,2012-05-01 23:13:40,,,
1089,8600,953stupa.jpg,953stupa_thumb.jpg,/uploads/person/953stupa.jpg,/uploads/person/953stupa_thumb.jpg,953,,1,2,2012-05-01 23:20:09,,,
1091,8624,953stupa.jpg,953stupa_thumb.jpg,/uploads/person/953stupa.jpg,/uploads/person/953stupa_thumb.jpg,953,,1,2,2012-05-01 23:37:10,,,
1092,13163,795stupa.jpg,795stupa_thumb.jpg,/uploads/person/795stupa.jpg,/uploads/person/795stupa_thumb.jpg,795,,1,2,2012-05-07 18:03:56,,,
1093,10422,795stupa.jpg,795stupa_thumb.jpg,/uploads/person/795stupa.jpg,/uploads/person/795stupa_thumb.jpg,795,,1,2,2012-05-07 19:00:38,,,
1094,9546,795stupa.jpg,795stupa_thumb.jpg,/uploads/person/795stupa.jpg,/uploads/person/795stupa_thumb.jpg,795,,1,2,2012-05-07 19:08:56,,,
1095,9622,Khenpo_Shenga.jpeg,Khenpo_Shenga_thumb.jpeg,/uploads/person/Khenpo_Shenga.jpeg,/uploads/person/Khenpo_Shenga_thumb.jpeg,,,1,2,2012-05-16 23:14:51,,,
1096,13164,200005Bonstupa.jpg,200005Bonstupa_thumb.jpg,/uploads/person/200005Bonstupa.jpg,/uploads/person/200005Bonstupa_thumb.jpg,200005,,1,2,2012-06-04 18:40:03,,,
1098,6670,795stupa.jpg,795stupa_thumb.jpg,/uploads/person/795stupa.jpg,/uploads/person/795stupa_thumb.jpg,795,,1,2,2012-06-26 19:39:22,,,
1099,6667,795stupa.jpg,795stupa_thumb.jpg,/uploads/person/795stupa.jpg,/uploads/person/795stupa_thumb.jpg,795,,1,2,2012-06-26 20:11:23,,,
1100,3062,795stupa.jpg,795stupa_thumb.jpg,/uploads/person/795stupa.jpg,/uploads/person/795stupa_thumb.jpg,795,,1,2,2012-06-26 20:17:06,,,
1101,3061,795stupa.jpg,795stupa_thumb.jpg,/uploads/person/795stupa.jpg,/uploads/person/795stupa_thumb.jpg,p795,,1,2,2012-06-26 20:21:07,,,
1102,8860,795stupa.jpg,795stupa_thumb.jpg,/uploads/person/795stupa.jpg,/uploads/person/795stupa_thumb.jpg,795,,1,2,2012-06-26 20:29:54,,,
1103,2527,795stupa.jpg,795stupa_thumb.jpg,/uploads/person/795stupa.jpg,/uploads/person/795stupa_thumb.jpg,795,,1,2,2012-06-26 20:35:50,,,
1104,8861,795stupa.jpg,795stupa_thumb.jpg,/uploads/person/795stupa.jpg,/uploads/person/795stupa_thumb.jpg,795,,1,2,2012-06-26 20:44:08,2,2012-06-26 20:44:20,
1105,5791,79663.Chekhawa.jpg,79663.Chekhawa_thumb.jpg,/uploads/person/79663.Chekhawa.jpg,/uploads/person/79663.Chekhawa_thumb.jpg,79663,,1,2,2012-07-19 15:17:39,,,
1106,10412,795stupa.jpg,795stupa_thumb.jpg,/uploads/person/795stupa.jpg,/uploads/person/795stupa_thumb.jpg,795,,1,2,2012-07-19 15:38:56,,,
1107,9213,80573.Zhechen Rabjam 01.jpg,80573.Zhechen Rabjam 01_thumb.jpg,/uploads/person/80573.Zhechen Rabjam 01.jpg,/uploads/person/80573.Zhechen Rabjam 01_thumb.jpg,80573,,1,2,2012-07-19 16:09:37,,,
1108,6646,79897.Jamyang Zhepa 01.jpg,79897.Jamyang Zhepa 01_thumb.jpg,/uploads/person/79897.Jamyang Zhepa 01.jpg,/uploads/person/79897.Jamyang Zhepa 01_thumb.jpg,79898,,1,2,2012-07-19 18:38:03,,,
1109,2506,953stupa.jpg,953stupa_thumb.jpg,/uploads/person/953stupa.jpg,/uploads/person/953stupa_thumb.jpg,953,,1,2,2012-07-19 18:47:29,,,
1110,2758,795stupa.jpg,795stupa_thumb.jpg,/uploads/person/795stupa.jpg,/uploads/person/795stupa_thumb.jpg,795,,1,2,2012-07-19 18:57:59,,,
1111,2943,795stupa.jpg,795stupa_thumb.jpg,/uploads/person/795stupa.jpg,/uploads/person/795stupa_thumb.jpg,795,,1,2,2012-07-19 19:26:18,,,
1112,9525,795stupa.jpg,795stupa_thumb.jpg,/uploads/person/795stupa.jpg,/uploads/person/795stupa_thumb.jpg,795,,1,2,2012-07-26 14:25:45,,,
1113,3758,953stupa.jpg,953stupa_thumb.jpg,/uploads/person/953stupa.jpg,/uploads/person/953stupa_thumb.jpg,953,,1,2,2012-07-26 15:27:17,,,
1114,1930,795stupa.jpg,795stupa_thumb.jpg,/uploads/person/795stupa.jpg,/uploads/person/795stupa_thumb.jpg,795,,1,2,2012-07-26 15:50:58,,,
1115,10452,795stupa.jpg,795stupa_thumb.jpg,/uploads/person/795stupa.jpg,/uploads/person/795stupa_thumb.jpg,795,,1,2,2012-07-26 16:08:42,,,
1116,10462,795stupa.jpg,795stupa_thumb.jpg,/uploads/person/795stupa.jpg,/uploads/person/795stupa_thumb.jpg,795,,1,2,2012-07-26 16:31:21,,,
1117,10470,953stupa.jpg,953stupa_thumb.jpg,/uploads/person/953stupa.jpg,/uploads/person/953stupa_thumb.jpg,953,,1,2,2012-07-26 16:43:15,,,
1118,5164,795stupa.jpg,795stupa_thumb.jpg,/uploads/person/795stupa.jpg,/uploads/person/795stupa_thumb.jpg,795,,1,2,2012-07-31 14:24:43,,,
1119,9884,953stupa.jpg,953stupa_thumb.jpg,/uploads/person/953stupa.jpg,/uploads/person/953stupa_thumb.jpg,953,,1,2,2012-07-31 14:38:24,,,
1120,5166,795stupa.jpg,795stupa_thumb.jpg,/uploads/person/795stupa.jpg,/uploads/person/795stupa_thumb.jpg,795,,1,2,2012-07-31 14:47:58,,,
1121,8536,795stupa.jpg,795stupa_thumb.jpg,/uploads/person/795stupa.jpg,/uploads/person/795stupa_thumb.jpg,795,,1,2,2012-07-31 15:00:45,,,
1122,11487,953stupa.jpg,953stupa_thumb.jpg,/uploads/person/953stupa.jpg,/uploads/person/953stupa_thumb.jpg,953,,1,2,2012-07-31 15:17:41,,,
1123,11488,795stupa.jpg,795stupa_thumb.jpg,/uploads/person/795stupa.jpg,/uploads/person/795stupa_thumb.jpg,795,,1,2,2012-07-31 15:25:31,,,
1124,11491,795stupa.jpg,795stupa_thumb.jpg,/uploads/person/795stupa.jpg,/uploads/person/795stupa_thumb.jpg,795,,1,2,2012-07-31 15:32:20,,,
1125,11426,795stupa.jpg,795stupa_thumb.jpg,/uploads/person/795stupa.jpg,/uploads/person/795stupa_thumb.jpg,795,,1,2,2012-07-31 15:37:46,,,
1126,11489,795stupa.jpg,795stupa_thumb.jpg,/uploads/person/795stupa.jpg,/uploads/person/795stupa_thumb.jpg,795,,1,2,2012-07-31 15:42:07,,,
1127,7803,Jamgon Ngawang Gyaltsen.jpg,Jamgon Ngawang Gyaltsen_thumb.jpg,/uploads/person/Jamgon Ngawang Gyaltsen.jpg,/uploads/person/Jamgon Ngawang Gyaltsen_thumb.jpg,,"Trashicho Dzong, Thimphu; Dragon's Gift, p. 75",1,2,2012-08-16 14:35:44,2,2012-08-16 14:36:21,
1128,10482,Lam Pema.jpg,Lam Pema_thumb.jpg,/uploads/person/Lam Pema.jpg,/uploads/person/Lam Pema_thumb.jpg,,Per Soerensen,1,2,2012-08-16 15:54:21,2,2012-08-22 14:31:02,
1129,11866,81872Sakya.jpg,81872Sakya_thumb.jpg,/uploads/person/81872Sakya.jpg,/uploads/person/81872Sakya_thumb.jpg,81872,,1,2,2012-08-16 17:38:06,,,
1131,3712,Tongkhor 01.80085.jpg,Tongkhor 01.80085_thumb.jpg,/uploads/person/Tongkhor 01.80085.jpg,/uploads/person/Tongkhor 01.80085_thumb.jpg,80085,,1,2,2012-09-04 18:21:17,,,
1132,3708,795stupa.jpg,795stupa_thumb.jpg,/uploads/person/795stupa.jpg,/uploads/person/795stupa_thumb.jpg,795,,1,2,2012-09-04 18:30:55,,,
1133,1575,795stupa.jpg,795stupa_thumb.jpg,/uploads/person/795stupa.jpg,/uploads/person/795stupa_thumb.jpg,795,,1,2,2012-09-04 18:41:36,,,
1134,9873,795stupa.jpg,795stupa_thumb.jpg,/uploads/person/795stupa.jpg,/uploads/person/795stupa_thumb.jpg,795,,1,2,2012-09-04 18:57:09,,,
1135,2755,795stupa.jpg,795stupa_thumb.jpg,/uploads/person/795stupa.jpg,/uploads/person/795stupa_thumb.jpg,795,,1,2,2012-09-04 19:54:42,,,
1136,3134,795stupa.jpg,795stupa_thumb.jpg,/uploads/person/795stupa.jpg,/uploads/person/795stupa_thumb.jpg,795,,1,2,2012-09-04 20:13:20,,,
1137,3730,795stupa.jpg,795stupa_thumb.jpg,/uploads/person/795stupa.jpg,/uploads/person/795stupa_thumb.jpg,795,,1,2,2012-09-04 20:31:30,,,
1138,3733,795stupa.jpg,795stupa_thumb.jpg,/uploads/person/795stupa.jpg,/uploads/person/795stupa_thumb.jpg,795,,1,2,2012-09-04 20:36:14,,,
1139,6419,795stupa.jpg,795stupa_thumb.jpg,/uploads/person/795stupa.jpg,/uploads/person/795stupa_thumb.jpg,795,,1,2,2012-09-04 20:42:45,,,
1140,3734,795stupa.jpg,795stupa_thumb.jpg,/uploads/person/795stupa.jpg,/uploads/person/795stupa_thumb.jpg,795,,1,2,2012-09-04 20:46:13,,,
1141,3735,795stupa.jpg,795stupa_thumb.jpg,/uploads/person/795stupa.jpg,/uploads/person/795stupa_thumb.jpg,795,,1,2,2012-09-04 21:22:28,,,
1142,3738,795stupa.jpg,795stupa_thumb.jpg,/uploads/person/795stupa.jpg,/uploads/person/795stupa_thumb.jpg,795,,1,2,2012-09-04 21:26:19,,,
1144,13166,953stupa.jpg,953stupa_thumb.jpg,/uploads/person/953stupa.jpg,/uploads/person/953stupa_thumb.jpg,953,,1,2,2012-09-05 15:14:36,,,
1145,13167,953stupa.jpg,953stupa_thumb.jpg,/uploads/person/953stupa.jpg,/uploads/person/953stupa_thumb.jpg,953,,1,2,2012-09-05 15:26:56,,,
1146,9593,953stupa.jpg,953stupa_thumb.jpg,/uploads/person/953stupa.jpg,/uploads/person/953stupa_thumb.jpg,953,,1,2,2012-09-17 20:17:27,,,
1147,13169,953stupa.jpg,953stupa_thumb.jpg,/uploads/person/953stupa.jpg,/uploads/person/953stupa_thumb.jpg,953,,1,2,2012-09-17 20:24:19,,,
1148,13170,953stupa.jpg,953stupa_thumb.jpg,/uploads/person/953stupa.jpg,/uploads/person/953stupa_thumb.jpg,953,,1,2,2012-09-17 21:00:05,,,
1149,11490,953stupa.jpg,953stupa_thumb.jpg,/uploads/person/953stupa.jpg,/uploads/person/953stupa_thumb.jpg,953,,1,2,2012-09-17 21:04:13,,,
1150,2845,79979.jpg,79979_thumb.jpg,/uploads/person/79979.jpg,/uploads/person/79979_thumb.jpg,79979,,0,2,2012-09-17 21:37:35,2,2012-09-18 15:41:01,
1151,2845,99063 Buton.jpg,99063 Buton_thumb.jpg,/uploads/person/99063 Buton.jpg,/uploads/person/99063 Buton_thumb.jpg,99063,,1,2,2012-09-18 15:41:15,,,
1152,11883,81872Sakya.jpg,81872Sakya_thumb.jpg,/uploads/person/81872Sakya.jpg,/uploads/person/81872Sakya_thumb.jpg,81872,,1,2,2012-09-18 15:53:00,,,
1153,13171,953stupa.jpg,953stupa_thumb.jpg,/uploads/person/953stupa.jpg,/uploads/person/953stupa_thumb.jpg,953,,1,2,2012-09-18 17:25:26,,,
1154,13173,953stupa.jpg,953stupa_thumb.jpg,/uploads/person/953stupa.jpg,/uploads/person/953stupa_thumb.jpg,953,,1,2,2012-09-18 19:04:54,,,
1156,2696,961 Second Zhamarpa.jpg,961 Second Zhamarpa_thumb.jpg,/uploads/person/961 Second Zhamarpa.jpg,/uploads/person/961 Second Zhamarpa_thumb.jpg,961,,1,2,2012-10-01 22:53:25,,,
1157,11444,953stupa.jpg,953stupa_thumb.jpg,/uploads/person/953stupa.jpg,/uploads/person/953stupa_thumb.jpg,953,,1,2,2012-10-16 15:47:09,,,
1158,10373,52448233 Yeshe Tsogyel.jpg,52448233 Yeshe Tsogyel_thumb.jpg,/uploads/person/52448233 Yeshe Tsogyel.jpg,/uploads/person/52448233 Yeshe Tsogyel_thumb.jpg,52448233,Shechen Archives,1,2,2012-10-16 21:44:52,,,
1159,5041,953stupa.jpg,953stupa_thumb.jpg,/uploads/person/953stupa.jpg,/uploads/person/953stupa_thumb.jpg,953,,1,2,2012-10-17 16:52:35,,,
1160,5044,953stupa.jpg,953stupa_thumb.jpg,/uploads/person/953stupa.jpg,/uploads/person/953stupa_thumb.jpg,953,,1,2,2012-10-17 16:57:39,,,
1161,11445,953stupa.jpg,953stupa_thumb.jpg,/uploads/person/953stupa.jpg,/uploads/person/953stupa_thumb.jpg,953,,1,2,2012-10-17 17:03:41,,,
1162,13174,200005Bonstupa.jpg,200005Bonstupa_thumb.jpg,/uploads/person/200005Bonstupa.jpg,/uploads/person/200005Bonstupa_thumb.jpg,200005,,1,2,2012-10-17 17:10:46,,,
1163,4125,953stupa.jpg,953stupa_thumb.jpg,/uploads/person/953stupa.jpg,/uploads/person/953stupa_thumb.jpg,953,,1,2,2012-10-17 17:35:42,,,
1164,4222,953stupa.jpg,953stupa_thumb.jpg,/uploads/person/953stupa.jpg,/uploads/person/953stupa_thumb.jpg,953,,1,2,2012-10-17 18:01:48,,,
1165,4223,953stupa.jpg,953stupa_thumb.jpg,/uploads/person/953stupa.jpg,/uploads/person/953stupa_thumb.jpg,953,,1,2,2012-10-17 18:09:21,,,
1166,2510,Padampa Sanggye 545.jpg,Padampa Sanggye 545_thumb.jpg,/uploads/person/Padampa Sanggye 545.jpg,/uploads/person/Padampa Sanggye 545_thumb.jpg,545,,0,2,2012-10-17 19:59:08,,,
1168,4234,Tartse Namkha Chime 545.jpg,Tartse Namkha Chime 545_thumb.jpg,/uploads/person/Tartse Namkha Chime 545.jpg,/uploads/person/Tartse Namkha Chime 545_thumb.jpg,545,,1,2,2012-10-17 20:05:07,,,
1169,2742,fourth karmapa 558.jpg,fourth karmapa 558_thumb.jpg,/uploads/person/fourth karmapa 558.jpg,/uploads/person/fourth karmapa 558_thumb.jpg,558,,1,2,2012-10-17 20:56:54,,,
1170,6230,eighth karmapa 59367.jpg,eighth karmapa 59367_thumb.jpg,/uploads/person/eighth karmapa 59367.jpg,/uploads/person/eighth karmapa 59367_thumb.jpg,59367,,1,2,2012-10-17 21:09:29,,,
1171,1597,Sixth Karmapa 688.jpg,Sixth Karmapa 688_thumb.jpg,/uploads/person/Sixth Karmapa 688.jpg,/uploads/person/Sixth Karmapa 688_thumb.jpg,688,,1,2,2012-10-22 16:34:32,,,
1172,2693,Fifth Karmapa.jpg,Fifth Karmapa_thumb.jpg,/uploads/person/Fifth Karmapa.jpg,/uploads/person/Fifth Karmapa_thumb.jpg,,http://www.karmapa900.org/,1,2,2012-10-22 16:58:54,,,
1176,5479,795stupa.jpg,795stupa_thumb.jpg,/uploads/person/795stupa.jpg,/uploads/person/795stupa_thumb.jpg,795,,1,2,2012-10-25 17:57:17,,,
1177,5889,labrang 74280.jpg,labrang 74280_thumb.jpg,/uploads/person/labrang 74280.jpg,/uploads/person/labrang 74280_thumb.jpg,74280,,1,2,2012-10-25 18:45:55,,,
1178,8069,labrang 74280.jpg,labrang 74280_thumb.jpg,/uploads/person/labrang 74280.jpg,/uploads/person/labrang 74280_thumb.jpg,74280,,1,2,2012-10-26 17:51:15,,,
1179,7105,labrang 74280.jpg,labrang 74280_thumb.jpg,/uploads/person/labrang 74280.jpg,/uploads/person/labrang 74280_thumb.jpg,74280,,1,2,2012-10-26 18:08:07,,,
1180,6731,labrang 74280.jpg,labrang 74280_thumb.jpg,/uploads/person/labrang 74280.jpg,/uploads/person/labrang 74280_thumb.jpg,74280,,1,2,2012-10-26 18:16:02,,,
1181,6622,labrang 74280.jpg,labrang 74280_thumb.jpg,/uploads/person/labrang 74280.jpg,/uploads/person/labrang 74280_thumb.jpg,74280,,1,2,2012-10-26 18:24:39,,,
1182,6760,labrang 74280.jpg,labrang 74280_thumb.jpg,/uploads/person/labrang 74280.jpg,/uploads/person/labrang 74280_thumb.jpg,74280,,1,2,2012-10-26 18:40:34,,,
1183,4607,labrang 74280.jpg,labrang 74280_thumb.jpg,/uploads/person/labrang 74280.jpg,/uploads/person/labrang 74280_thumb.jpg,74280,,1,2,2012-10-26 18:53:17,,,
1184,8184,labrang 74280.jpg,labrang 74280_thumb.jpg,/uploads/person/labrang 74280.jpg,/uploads/person/labrang 74280_thumb.jpg,74280,,1,2,2012-10-26 18:58:25,,,
1185,4720,labrang 74280.jpg,labrang 74280_thumb.jpg,/uploads/person/labrang 74280.jpg,/uploads/person/labrang 74280_thumb.jpg,74280,,1,2,2012-10-26 19:14:57,,,
1186,3769,labrang 74280.jpg,labrang 74280_thumb.jpg,/uploads/person/labrang 74280.jpg,/uploads/person/labrang 74280_thumb.jpg,74280,,1,2,2012-10-26 21:03:19,,,
1187,6025,labrang 74280.jpg,labrang 74280_thumb.jpg,/uploads/person/labrang 74280.jpg,/uploads/person/labrang 74280_thumb.jpg,74280,,1,2,2012-10-26 21:13:58,,,
1188,5910,labrang 74280.jpg,labrang 74280_thumb.jpg,/uploads/person/labrang 74280.jpg,/uploads/person/labrang 74280_thumb.jpg,74280,,1,2,2012-10-26 21:24:28,,,
1189,3080,labrang 74280.jpg,labrang 74280_thumb.jpg,/uploads/person/labrang 74280.jpg,/uploads/person/labrang 74280_thumb.jpg,74280,,1,2,2012-10-26 21:30:12,,,
1191,2974,795stupa.jpg,795stupa_thumb.jpg,/uploads/person/795stupa.jpg,/uploads/person/795stupa_thumb.jpg,795,,1,2,2012-10-26 21:43:35,,,
1192,10909,Seventh Karmapa 423.jpg,Seventh Karmapa 423_thumb.jpg,/uploads/person/Seventh Karmapa 423.jpg,/uploads/person/Seventh Karmapa 423_thumb.jpg,423,,0,2,2012-10-26 21:55:52,,,
1193,10909,seventh karmapa 68493.jpg,seventh karmapa 68493_thumb.jpg,/uploads/person/seventh karmapa 68493.jpg,/uploads/person/seventh karmapa 68493_thumb.jpg,68493,,1,2,2012-10-26 21:56:13,,,
1194,11645,ninth karmapa 90005.jpg,ninth karmapa 90005_thumb.jpg,/uploads/person/ninth karmapa 90005.jpg,/uploads/person/ninth karmapa 90005_thumb.jpg,90005,,1,2,2012-11-05 20:13:35,,,
1195,12234,Karmapa11.jpg,Karmapa11_thumb.jpg,/uploads/person/Karmapa11.jpg,/uploads/person/Karmapa11_thumb.jpg,,,1,2,2012-11-17 1:27:45,,,
1196,6681,Drenpa namkha 65183.jpeg,Drenpa namkha 65183_thumb.jpeg,/uploads/person/Drenpa namkha 65183.jpeg,/uploads/person/Drenpa namkha 65183_thumb.jpeg,65183,,0,2,2012-11-26 23:44:37,,,
1197,6681,Drenpa Namkha 65401.jpg,Drenpa Namkha 65401_thumb.jpg,/uploads/person/Drenpa Namkha 65401.jpg,/uploads/person/Drenpa Namkha 65401_thumb.jpg,65401,,1,2,2012-11-26 23:44:58,,,
1198,11092,12th karmapa 61059.jpg,12th karmapa 61059_thumb.jpg,/uploads/person/12th karmapa 61059.jpg,/uploads/person/12th karmapa 61059_thumb.jpg,61059,,0,2,2012-11-27 20:37:27,2,2012-11-27 20:39:56,
1200,11092,karmapa1265861.jpg,karmapa1265861_thumb.jpg,/uploads/person/karmapa1265861.jpg,/uploads/person/karmapa1265861_thumb.jpg,65861,,1,2,2012-11-27 20:45:13,,,
1201,1852,kirti 01.jpg,kirti 01_thumb.jpg,/uploads/person/kirti 01.jpg,/uploads/person/kirti 01_thumb.jpg,,,1,2,2012-12-01 0:00:52,,,
1202,6626,Second Panchen 79182.jpg,Second Panchen 79182_thumb.jpg,/uploads/person/Second Panchen 79182.jpg,/uploads/person/Second Panchen 79182_thumb.jpg,79182,,1,2,2012-12-06 0:43:17,,,
1203,5897,Amdo_Geshe_mini.jpeg,Amdo_Geshe_mini_thumb.jpeg,/uploads/person/Amdo_Geshe_mini.jpeg,/uploads/person/Amdo_Geshe_mini_thumb.jpeg,,,1,2,2012-12-11 0:53:22,,,
1204,5897,Amdo_Geshe2.jpeg,Amdo_Geshe2_thumb.jpeg,/uploads/person/Amdo_Geshe2.jpeg,/uploads/person/Amdo_Geshe2_thumb.jpeg,,,0,2,2012-12-11 0:53:28,,,
1205,1831,Ga_rabjampa.jpg,Ga_rabjampa_thumb.jpg,/uploads/person/Ga_rabjampa.jpg,/uploads/person/Ga_rabjampa_thumb.jpg,,Tharlam Monastery,1,2,2012-12-13 1:29:20,,,
1206,8750,Dorje Lingpa Buli monastery.jpg,Dorje Lingpa Buli monastery_thumb.jpg,/uploads/person/Dorje Lingpa Buli monastery.jpg,/uploads/person/Dorje Lingpa Buli monastery_thumb.jpg,31034,"Buli Monastery, Ariana Maki",1,2,2012-12-15 2:13:16,2,2012-12-15 2:16:06,
1207,2539,Pakmodrupa 666.jpg,Pakmodrupa 666_thumb.jpg,/uploads/person/Pakmodrupa 666.jpg,/uploads/person/Pakmodrupa 666_thumb.jpg,666,,0,2,2012-12-19 21:34:21,,,
1208,11435,795stupa.jpg,795stupa_thumb.jpg,/uploads/person/795stupa.jpg,/uploads/person/795stupa_thumb.jpg,795,,1,2,2013-01-07 17:02:04,,,
1211,5801,65167 stupa.jpg,65167 stupa_thumb.jpg,/uploads/person/65167 stupa.jpg,/uploads/person/65167 stupa_thumb.jpg,65167,,1,2,2013-01-14 18:09:59,,,
1212,3753,65167.jpeg,65167_thumb.jpeg,/uploads/person/65167.jpeg,/uploads/person/65167_thumb.jpeg,65167,,1,2,2013-01-15 17:32:03,,,
1213,3064,65167.jpeg,65167_thumb.jpeg,/uploads/person/65167.jpeg,/uploads/person/65167_thumb.jpeg,65167,,1,2,2013-01-15 20:24:27,,,
1214,13175,65167.jpeg,65167_thumb.jpeg,/uploads/person/65167.jpeg,/uploads/person/65167_thumb.jpeg,65167,,1,2,2013-01-15 20:31:15,,,
1215,6099,65167.jpeg,65167_thumb.jpeg,/uploads/person/65167.jpeg,/uploads/person/65167_thumb.jpeg,65167,,1,2,2013-01-15 20:39:49,,,
1216,3296,65167.jpeg,65167_thumb.jpeg,/uploads/person/65167.jpeg,/uploads/person/65167_thumb.jpeg,65167,,1,2,2013-01-15 20:55:44,,,
1217,13176,65167.jpeg,65167_thumb.jpeg,/uploads/person/65167.jpeg,/uploads/person/65167_thumb.jpeg,65167,,1,2,2013-01-15 21:03:17,,,
1218,13177,65167.jpeg,65167_thumb.jpeg,/uploads/person/65167.jpeg,/uploads/person/65167_thumb.jpeg,65167,,1,2,2013-01-15 21:08:15,,,
1219,6681,statue.jpg,statue_thumb.jpg,/uploads/person/statue.jpg,/uploads/person/statue_thumb.jpg,,Dondrub Lhagyel,0,2,2013-01-15 21:46:32,,,
1220,6045,65167.jpeg,65167_thumb.jpeg,/uploads/person/65167.jpeg,/uploads/person/65167_thumb.jpeg,65167,,1,2,2013-01-16 16:28:34,,,
1221,7170,65167.jpeg,65167_thumb.jpeg,/uploads/person/65167.jpeg,/uploads/person/65167_thumb.jpeg,65167,,1,2,2013-01-16 16:48:04,,,
1222,7171,65167.jpeg,65167_thumb.jpeg,/uploads/person/65167.jpeg,/uploads/person/65167_thumb.jpeg,65167,,1,2,2013-01-16 16:59:29,,,
1223,7172,65167.jpeg,65167_thumb.jpeg,/uploads/person/65167.jpeg,/uploads/person/65167_thumb.jpeg,65167,,1,2,2013-01-16 17:13:16,,,
1224,2662,60687 tenth karmapa.jpg,60687 tenth karmapa_thumb.jpg,/uploads/person/60687 tenth karmapa.jpg,/uploads/person/60687 tenth karmapa_thumb.jpg,60687,Collection of Shamar Rinpoche,1,2,2013-01-17 21:41:23,,,
1225,13141,Sanggye On HAR 101352.jpg,Sanggye On HAR 101352_thumb.jpg,/uploads/person/Sanggye On HAR 101352.jpg,/uploads/person/Sanggye On HAR 101352_thumb.jpg,101352,Metropolitan Museum of Art,1,2,2013-01-23 20:23:31,2,2013-01-23 20:23:52,
1226,3139,Sanggye Yarjon 101352.jpg,Sanggye Yarjon 101352_thumb.jpg,/uploads/person/Sanggye Yarjon 101352.jpg,/uploads/person/Sanggye Yarjon 101352_thumb.jpg,101352,Metropolitan Museum of Art,0,2,2013-01-23 20:39:51,,,
1227,3101,Kugyelwa 101352.jpg,Kugyelwa 101352_thumb.jpg,/uploads/person/Kugyelwa 101352.jpg,/uploads/person/Kugyelwa 101352_thumb.jpg,101352,,0,2,2013-01-23 20:41:42,,,
1228,9107,Choku Orgyen Gonpo 101352.jpg,Choku Orgyen Gonpo 101352_thumb.jpg,/uploads/person/Choku Orgyen Gonpo 101352.jpg,/uploads/person/Choku Orgyen Gonpo 101352_thumb.jpg,101352,Metropolitan Museum of Art,1,2,2013-01-23 20:43:48,,,
1229,6405,79975.Tropu lotsawa.jpg,79975.Tropu lotsawa_thumb.jpg,/uploads/person/79975.Tropu lotsawa.jpg,/uploads/person/79975.Tropu lotsawa_thumb.jpg,79975,,1,2,2013-02-19 18:01:45,,,
1230,11443,795stupa.jpg,795stupa_thumb.jpg,/uploads/person/795stupa.jpg,/uploads/person/795stupa_thumb.jpg,795,,1,2,2013-02-19 21:35:31,,,
1231,7559,953stupa.jpg,953stupa_thumb.jpg,/uploads/person/953stupa.jpg,/uploads/person/953stupa_thumb.jpg,953,,1,2,2013-02-19 21:43:05,,,
1232,12906,795stupa.jpg,795stupa_thumb.jpg,/uploads/person/795stupa.jpg,/uploads/person/795stupa_thumb.jpg,795,,1,2,2013-02-19 21:49:15,,,
1233,13178,795stupa.jpg,795stupa_thumb.jpg,/uploads/person/795stupa.jpg,/uploads/person/795stupa_thumb.jpg,795,,1,2,2013-02-20 17:28:49,,,
1234,5048,795.jpg,795_thumb.jpg,/uploads/person/795.jpg,/uploads/person/795_thumb.jpg,795,,1,2,2013-02-25 18:06:29,,,
1235,5078,795.jpg,795_thumb.jpg,/uploads/person/795.jpg,/uploads/person/795_thumb.jpg,795,,1,2,2013-02-25 18:11:59,,,
1236,5024,795.jpg,795_thumb.jpg,/uploads/person/795.jpg,/uploads/person/795_thumb.jpg,795,,1,2,2013-02-25 18:16:02,,,
1238,9589,795.jpg,795_thumb.jpg,/uploads/person/795.jpg,/uploads/person/795_thumb.jpg,795,,1,2,2013-02-25 18:25:58,,,
1240,2392,953stupa.jpg,953stupa_thumb.jpg,/uploads/person/953stupa.jpg,/uploads/person/953stupa_thumb.jpg,953,,1,2,2013-02-26 21:41:54,,,
1241,2399,953stupa.jpg,953stupa_thumb.jpg,/uploads/person/953stupa.jpg,/uploads/person/953stupa_thumb.jpg,953,,1,2,2013-02-26 21:49:51,,,
1242,13179,953stupa.jpg,953stupa_thumb.jpg,/uploads/person/953stupa.jpg,/uploads/person/953stupa_thumb.jpg,953,,1,2,2013-02-26 21:55:52,,,
1243,2393,953stupa.jpg,953stupa_thumb.jpg,/uploads/person/953stupa.jpg,/uploads/person/953stupa_thumb.jpg,953,,1,2,2013-02-26 22:08:21,,,
1244,13180,953stupa.jpg,953stupa_thumb.jpg,/uploads/person/953stupa.jpg,/uploads/person/953stupa_thumb.jpg,953,,1,2,2013-02-27 15:42:22,,,
1245,3307,79912.thirteenth dl.jpg,79912.thirteenth dl_thumb.jpg,/uploads/person/79912.thirteenth dl.jpg,/uploads/person/79912.thirteenth dl_thumb.jpg,79912,,0,2,2013-02-27 16:05:31,2,2013-05-15 14:52:10,
1247,9990,Jamyang Khyentse and Khandro.jpg,Jamyang Khyentse and Khandro_thumb.jpg,/uploads/person/Jamyang Khyentse and Khandro.jpg,/uploads/person/Jamyang Khyentse and Khandro_thumb.jpg,,http://www.rigpawiki.org/images/9/98/JKCL%26KTC.jp,0,2,2013-03-04 16:59:06,,,
1249,10169,Sixth_Dzogchen_Rinpoche.jpg,Sixth_Dzogchen_Rinpoche_thumb.jpg,/uploads/person/Sixth_Dzogchen_Rinpoche.jpg,/uploads/person/Sixth_Dzogchen_Rinpoche_thumb.jpg,,,1,2,2013-03-15 15:20:09,,,
1250,10169,six_dzogchen.jpg,six_dzogchen_thumb.jpg,/uploads/person/six_dzogchen.jpg,/uploads/person/six_dzogchen_thumb.jpg,,,0,2,2013-03-15 15:20:14,,,
1251,2441,65167.jpeg,65167_thumb.jpeg,/uploads/person/65167.jpeg,/uploads/person/65167_thumb.jpeg,65167,,1,2,2013-03-15 15:34:55,,,
1254,10957,65167.jpeg,65167_thumb.jpeg,/uploads/person/65167.jpeg,/uploads/person/65167_thumb.jpeg,65167,,1,2,2013-03-25 15:02:22,,,
1255,1564,65167.jpeg,65167_thumb.jpeg,/uploads/person/65167.jpeg,/uploads/person/65167_thumb.jpeg,65167,,1,2,2013-03-25 15:24:56,,,
1256,6729,65167.jpeg,65167_thumb.jpeg,/uploads/person/65167.jpeg,/uploads/person/65167_thumb.jpeg,65167,,1,2,2013-03-25 19:51:21,,,
1257,6635,65167.jpeg,65167_thumb.jpeg,/uploads/person/65167.jpeg,/uploads/person/65167_thumb.jpeg,65167,,1,2,2013-03-25 20:12:50,,,
1258,6185,65167.jpeg,65167_thumb.jpeg,/uploads/person/65167.jpeg,/uploads/person/65167_thumb.jpeg,65167,,1,2,2013-03-25 20:27:01,,,
1259,9929,khenpo-munsel-rinpoche.jpg,khenpo-munsel-rinpoche_thumb.jpg,/uploads/person/khenpo-munsel-rinpoche.jpg,/uploads/person/khenpo-munsel-rinpoche_thumb.jpg,,http://www.tibetanbuddhism.co.nz,1,2,2013-03-28 15:34:54,,,
1260,9929,Khenpo_Munsel.jpg,Khenpo_Munsel_thumb.jpg,/uploads/person/Khenpo_Munsel.jpg,/uploads/person/Khenpo_Munsel_thumb.jpg,,http://www.rigpawiki.org/,0,2,2013-03-28 15:35:57,,,
1261,9929,lingtrul-lamasang.jpg,lingtrul-lamasang_thumb.jpg,/uploads/person/lingtrul-lamasang.jpg,/uploads/person/lingtrul-lamasang_thumb.jpg,,http://kayluthi-tibetanqigong.com/,0,2,2013-03-28 15:40:10,,,
1262,5457,Jigme Lingpa 12.jpg,Jigme Lingpa 12_thumb.jpg,/uploads/person/Jigme Lingpa 12.jpg,/uploads/person/Jigme Lingpa 12_thumb.jpg,12,,0,2,2013-03-29 14:54:05,,,
1263,11427,Samye 12.jpg,Samye 12_thumb.jpg,/uploads/person/Samye 12.jpg,/uploads/person/Samye 12_thumb.jpg,,,1,2,2013-03-29 14:57:06,,,
1264,10904,Nanan Yeshe De 12.jpg,Nanan Yeshe De 12_thumb.jpg,/uploads/person/Nanan Yeshe De 12.jpg,/uploads/person/Nanan Yeshe De 12_thumb.jpg,12,,0,2,2013-03-29 14:57:32,,,
1265,5281,Sokpo Lhapel 12.jpg,Sokpo Lhapel 12_thumb.jpg,/uploads/person/Sokpo Lhapel 12.jpg,/uploads/person/Sokpo Lhapel 12_thumb.jpg,,12,1,2,2013-03-29 15:17:40,,,
1266,490,Kharchen Pelgyi Wangchuk 12.jpg,Kharchen Pelgyi Wangchuk 12_thumb.jpg,/uploads/person/Kharchen Pelgyi Wangchuk 12.jpg,/uploads/person/Kharchen Pelgyi Wangchuk 12_thumb.jpg,12,,1,2,2013-03-29 15:23:21,,,
1267,1108,namkhai Nyingpo 12.jpg,namkhai Nyingpo 12_thumb.jpg,/uploads/person/namkhai Nyingpo 12.jpg,/uploads/person/namkhai Nyingpo 12_thumb.jpg,12,,1,2,2013-03-29 15:31:36,,,
1270,13181,65167.jpeg,65167_thumb.jpeg,/uploads/person/65167.jpeg,/uploads/person/65167_thumb.jpeg,65167,,1,2,2013-03-29 16:29:45,,,
1273,11632,Ratnashri.jpg,Ratnashri_thumb.jpg,/uploads/person/Ratnashri.jpg,/uploads/person/Ratnashri_thumb.jpg,,,1,2,2013-03-29 20:00:32,,,
1274,3107,Dalai Lama 07 380.jpg,Dalai Lama 07 380_thumb.jpg,/uploads/person/Dalai Lama 07 380.jpg,/uploads/person/Dalai Lama 07 380_thumb.jpg,380,,0,2,2013-04-04 14:53:52,,,
1275,7442,Image Three.jpg,Image Three_thumb.jpg,/uploads/person/Image Three.jpg,/uploads/person/Image Three_thumb.jpg,12,,1,2,2013-04-10 17:58:53,,,
1276,3414,Purchok-picture.jpg,Purchok-picture_thumb.jpg,/uploads/person/Purchok-picture.jpg,/uploads/person/Purchok-picture_thumb.jpg,,José Cabezón,1,2,2013-04-11 15:19:14,,,
1277,5999,Nyangrel 160.jpg,Nyangrel 160_thumb.jpg,/uploads/person/Nyangrel 160.jpg,/uploads/person/Nyangrel 160_thumb.jpg,,,0,2,2013-04-15 19:36:38,2,2013-05-02 18:18:48,
1278,9372,tsewang norbu 65279.jpg,tsewang norbu 65279_thumb.jpg,/uploads/person/tsewang norbu 65279.jpg,/uploads/person/tsewang norbu 65279_thumb.jpg,65279,,0,2,2013-04-16 17:57:24,,,
1281,11569,Kirti 02.jpg,Kirti 02_thumb.jpg,/uploads/person/Kirti 02.jpg,/uploads/person/Kirti 02_thumb.jpg,,Thinlay Gyatso,1,2,2013-04-22 15:27:22,,,
1283,11575,Kirti 03.jpg,Kirti 03_thumb.jpg,/uploads/person/Kirti 03.jpg,/uploads/person/Kirti 03_thumb.jpg,,Thinlay Gyatso,1,2,2013-04-22 15:47:40,,,
1284,13168,Kirti 04.jpg,Kirti 04_thumb.jpg,/uploads/person/Kirti 04.jpg,/uploads/person/Kirti 04_thumb.jpg,,Thinlay Gyatso,1,2,2013-04-22 19:02:53,,,
1285,3049,Kirti 05.jpg,Kirti 05_thumb.jpg,/uploads/person/Kirti 05.jpg,/uploads/person/Kirti 05_thumb.jpg,,Thinlay Gyatso,1,2,2013-04-22 19:09:53,,,
1286,1903,Kirti 06.jpg,Kirti 06_thumb.jpg,/uploads/person/Kirti 06.jpg,/uploads/person/Kirti 06_thumb.jpg,,Thinlay Gyatso,1,2,2013-04-22 19:15:51,,,
1287,8596,5th Nyingon Choktrul.jpg,5th Nyingon Choktrul_thumb.jpg,/uploads/person/5th Nyingon Choktrul.jpg,/uploads/person/5th Nyingon Choktrul_thumb.jpg,,,1,2,2013-04-30 20:24:18,2,2013-04-30 20:24:24,
1288,8899,Tsangdrup Rinpoche.jpg,Tsangdrup Rinpoche_thumb.jpg,/uploads/person/Tsangdrup Rinpoche.jpg,/uploads/person/Tsangdrup Rinpoche_thumb.jpg,,,1,2,2013-05-02 14:27:43,,,
1289,13184,P8LS13216 rdzogs chen \'brug pa 04 .jpg,P8LS13216 rdzogs chen \'brug pa 04 _thumb.jpg,/uploads/person/P8LS13216 rdzogs chen \'brug pa 04 .jpg,/uploads/person/P8LS13216 rdzogs chen \'brug pa 04 _thumb.jpg,,,1,2,2013-05-02 18:49:37,,,
1292,13185,P8LS13226.jpg,P8LS13226_thumb.jpg,/uploads/person/P8LS13226.jpg,/uploads/person/P8LS13226_thumb.jpg,,,1,2,2013-05-02 18:52:26,,,
1294,5026,P2JM311.jpg,P2JM311_thumb.jpg,/uploads/person/P2JM311.jpg,/uploads/person/P2JM311_thumb.jpg,,,1,2,2013-05-02 18:54:29,,,
1295,4067,P2370.jpg,P2370_thumb.jpg,/uploads/person/P2370.jpg,/uploads/person/P2370_thumb.jpg,,,0,2,2013-05-02 18:55:26,,,
1296,9588,P6958.jpg,P6958_thumb.jpg,/uploads/person/P6958.jpg,/uploads/person/P6958_thumb.jpg,,,1,2,2013-05-02 18:56:30,,,
1297,8618,4TH CHAKTSA RINPOCHE.jpg,4TH CHAKTSA RINPOCHE_thumb.jpg,/uploads/person/4TH CHAKTSA RINPOCHE.jpg,/uploads/person/4TH CHAKTSA RINPOCHE_thumb.jpg,,,1,2,2013-05-03 14:33:50,,,
1299,5790,Nartang81872.jpg,Nartang81872_thumb.jpg,/uploads/person/Nartang81872.jpg,/uploads/person/Nartang81872_thumb.jpg,81872,,1,2,2013-05-03 19:58:14,,,
1300,13186,90187.jpg,90187_thumb.jpg,/uploads/person/90187.jpg,/uploads/person/90187_thumb.jpg,90187,,1,2,2013-05-03 20:25:24,,,
1301,6491,Nartang81872.jpg,Nartang81872_thumb.jpg,/uploads/person/Nartang81872.jpg,/uploads/person/Nartang81872_thumb.jpg,81872,,1,2,2013-05-03 20:54:25,,,
1302,6895,Nartang81872.jpg,Nartang81872_thumb.jpg,/uploads/person/Nartang81872.jpg,/uploads/person/Nartang81872_thumb.jpg,81872,,1,2,2013-05-03 21:02:19,,,
1304,4261,80537 Ngok Lotsawa.jpg,80537 Ngok Lotsawa_thumb.jpg,/uploads/person/80537 Ngok Lotsawa.jpg,/uploads/person/80537 Ngok Lotsawa_thumb.jpg,80537,,1,2,2013-05-09 16:42:47,,,
1305,6037,Ga Lotsawa 453.jpg,Ga Lotsawa 453_thumb.jpg,/uploads/person/Ga Lotsawa 453.jpg,/uploads/person/Ga Lotsawa 453_thumb.jpg,453,,1,2,2013-05-09 16:46:31,,,
1306,11603,anye tulku.jpg,anye tulku_thumb.jpg,/uploads/person/anye tulku.jpg,/uploads/person/anye tulku_thumb.jpg,,,1,2,2013-05-09 20:06:11,,,
1307,7767,Godemchen 65193.jpg,Godemchen 65193_thumb.jpg,/uploads/person/Godemchen 65193.jpg,/uploads/person/Godemchen 65193_thumb.jpg,65193,,1,2,2013-05-14 20:44:08,,,
1308,13187,65167.jpeg,65167_thumb.jpeg,/uploads/person/65167.jpeg,/uploads/person/65167_thumb.jpeg,,,1,2,2013-05-14 21:05:50,,,
1309,13188,200005Bonstupa.jpg,200005Bonstupa_thumb.jpg,/uploads/person/200005Bonstupa.jpg,/uploads/person/200005Bonstupa_thumb.jpg,200005,,1,2,2013-05-15 14:09:41,,,
1310,3307,13th-Dalai-Lama.jpg,13th-Dalai-Lama_thumb.jpg,/uploads/person/13th-Dalai-Lama.jpg,/uploads/person/13th-Dalai-Lama_thumb.jpg,,,1,2,2013-05-15 14:52:27,,,
1311,3307,dalai-63.jpg,dalai-63_thumb.jpg,/uploads/person/dalai-63.jpg,/uploads/person/dalai-63_thumb.jpg,,"Leslie Weir, c.1932",0,2,2013-05-15 14:53:42,,,
1312,3307,lama34.jpg,lama34_thumb.jpg,/uploads/person/lama34.jpg,/uploads/person/lama34_thumb.jpg,,,0,2,2013-05-15 14:57:51,,,
1313,3010,795stupa.jpg,795stupa_thumb.jpg,/uploads/person/795stupa.jpg,/uploads/person/795stupa_thumb.jpg,795,,1,2,2013-05-15 18:37:06,,,
1314,9052,65167.jpeg,65167_thumb.jpeg,/uploads/person/65167.jpeg,/uploads/person/65167_thumb.jpeg,65167,,1,2,2013-05-15 19:43:15,,,
1315,5999,Nyangrel 65193.jpg,Nyangrel 65193_thumb.jpg,/uploads/person/Nyangrel 65193.jpg,/uploads/person/Nyangrel 65193_thumb.jpg,65193,,1,2,2013-05-16 19:02:25,,,
1316,1901,Seventh Kirti.jpg,Seventh Kirti_thumb.jpg,/uploads/person/Seventh Kirti.jpg,/uploads/person/Seventh Kirti_thumb.jpg,,,1,2,2013-05-17 13:49:31,,,
1317,1902,Ninth Kirti.jpg,Ninth Kirti_thumb.jpg,/uploads/person/Ninth Kirti.jpg,/uploads/person/Ninth Kirti_thumb.jpg,,,1,2,2013-05-17 13:50:37,,,
1318,9703,Kirti 10.jpg,Kirti 10_thumb.jpg,/uploads/person/Kirti 10.jpg,/uploads/person/Kirti 10_thumb.jpg,,,1,2,2013-05-17 14:03:24,,,
1319,2730,Karma Shedrub Chokyi Gyeltsen.jpg,Karma Shedrub Chokyi Gyeltsen_thumb.jpg,/uploads/person/Karma Shedrub Chokyi Gyeltsen.jpg,/uploads/person/Karma Shedrub Chokyi Gyeltsen_thumb.jpg,,Thinlay Gyatso,1,2,2013-05-23 20:48:06,,,
1320,11417,Sangye Tsepel.jpg,Sangye Tsepel_thumb.jpg,/uploads/person/Sangye Tsepel.jpg,/uploads/person/Sangye Tsepel_thumb.jpg,,Thinlay Gyatso,1,2,2013-05-23 20:49:25,,,
1321,7169,Shardong.jpg,Shardong_thumb.jpg,/uploads/person/Shardong.jpg,/uploads/person/Shardong_thumb.jpg,,Thinlay Gyatso,1,2,2013-05-23 20:50:33,,,
1322,8928,wp84b84ec6_05_06.jpg,wp84b84ec6_05_06_thumb.jpg,/uploads/person/wp84b84ec6_05_06.jpg,/uploads/person/wp84b84ec6_05_06_thumb.jpg,,http://www.thefournobletruths.org/milarepa_khenpo_,1,2,2013-05-24 15:46:46,,,
1323,8916,Tubten Chokyi Dawa.jpg,Tubten Chokyi Dawa_thumb.jpg,/uploads/person/Tubten Chokyi Dawa.jpg,/uploads/person/Tubten Chokyi Dawa_thumb.jpg,,http://www.baiyusi.com/article_2.asp?news_id=1085,1,2,2013-05-24 15:49:07,,,
1324,8917,Garlong Pema Dechen Khalong Yangpa.jpg,Garlong Pema Dechen Khalong Yangpa_thumb.jpg,/uploads/person/Garlong Pema Dechen Khalong Yangpa.jpg,/uploads/person/Garlong Pema Dechen Khalong Yangpa_thumb.jpg,,http://www.baiyusi.com/article_2.asp?news_id=1085,1,2,2013-05-24 15:50:56,,,
1325,8920,DongngeKhenJigmeKonchok.jpg,DongngeKhenJigmeKonchok_thumb.jpg,/uploads/person/DongngeKhenJigmeKonchok.jpg,/uploads/person/DongngeKhenJigmeKonchok_thumb.jpg,,,1,2,2013-05-24 15:53:28,,,
1326,8921,AkongKhenchenLobzangDorje.jpg,AkongKhenchenLobzangDorje_thumb.jpg,/uploads/person/AkongKhenchenLobzangDorje.jpg,/uploads/person/AkongKhenchenLobzangDorje_thumb.jpg,,,1,2,2013-05-24 15:55:02,,,
1327,6518,Khamtsang Terton.jpg,Khamtsang Terton_thumb.jpg,/uploads/person/Khamtsang Terton.jpg,/uploads/person/Khamtsang Terton_thumb.jpg,,http://baike.baidu.com/view/1736977.htm,1,2,2013-05-29 14:29:22,,,
1329,3989,Pabongkha2.jpeg,Pabongkha2_thumb.jpeg,/uploads/person/Pabongkha2.jpeg,/uploads/person/Pabongkha2_thumb.jpeg,,,0,2,2013-05-30 21:04:46,,,
1330,13195,Drepung 65848.jpg,Drepung 65848_thumb.jpg,/uploads/person/Drepung 65848.jpg,/uploads/person/Drepung 65848_thumb.jpg,65848,,1,2,2013-06-03 19:51:11,,,
1331,13182,Drepung 65848.jpg,Drepung 65848_thumb.jpg,/uploads/person/Drepung 65848.jpg,/uploads/person/Drepung 65848_thumb.jpg,65848,,1,2,2013-06-03 19:57:58,,,
1332,6788,Jampa Tashi.jpg,Jampa Tashi_thumb.jpg,/uploads/person/Jampa Tashi.jpg,/uploads/person/Jampa Tashi_thumb.jpg,,Rubin Museum of Art,1,2,2013-06-06 15:17:01,,,
1333,5099,65167.jpeg,65167_thumb.jpeg,/uploads/person/65167.jpeg,/uploads/person/65167_thumb.jpeg,65167,,1,2,2013-06-19 8:09:29,,,
1334,5115,65167.jpeg,65167_thumb.jpeg,/uploads/person/65167.jpeg,/uploads/person/65167_thumb.jpeg,65167,,1,2,2013-06-19 8:42:11,,,
1335,5117,65167.jpeg,65167_thumb.jpeg,/uploads/person/65167.jpeg,/uploads/person/65167_thumb.jpeg,65167,,1,2,2013-06-19 8:48:05,,,
1336,13196,65167.jpeg,65167_thumb.jpeg,/uploads/person/65167.jpeg,/uploads/person/65167_thumb.jpeg,65167,,1,2,2013-07-01 9:06:34,,,
1337,9513,65167.jpeg,65167_thumb.jpeg,/uploads/person/65167.jpeg,/uploads/person/65167_thumb.jpeg,65167,,1,2,2013-07-03 10:00:27,,,
1338,13191,65167.jpeg,65167_thumb.jpeg,/uploads/person/65167.jpeg,/uploads/person/65167_thumb.jpeg,65167,,1,2,2013-07-03 10:13:20,,,
1339,13190,65167.jpeg,65167_thumb.jpeg,/uploads/person/65167.jpeg,/uploads/person/65167_thumb.jpeg,65167,,1,2,2013-07-03 10:27:33,,,
1340,13189,65167.jpeg,65167_thumb.jpeg,/uploads/person/65167.jpeg,/uploads/person/65167_thumb.jpeg,65167,,1,2,2013-07-03 10:46:37,,,
1341,9935,65167.jpeg,65167_thumb.jpeg,/uploads/person/65167.jpeg,/uploads/person/65167_thumb.jpeg,65167,,1,2,2013-07-03 10:58:36,,,
1342,11352,image037.jpg,image037_thumb.jpg,/uploads/person/image037.jpg,/uploads/person/image037_thumb.jpg,,"National Museum, Paro",0,2,2013-08-14 9:13:54,,,
1343,7024,30922 Zhangton Chobar.jpg,30922 Zhangton Chobar_thumb.jpg,/uploads/person/30922 Zhangton Chobar.jpg,/uploads/person/30922 Zhangton Chobar_thumb.jpg,30922,Private,0,2,2013-09-13 11:34:25,,,
1345,7024,Zhangton Chobar 61137.jpg,Zhangton Chobar 61137_thumb.jpg,/uploads/person/Zhangton Chobar 61137.jpg,/uploads/person/Zhangton Chobar 61137_thumb.jpg,61137,Private,0,2,2013-09-13 11:38:02,,,
1346,9158,Garwang Dorje.jpg,Garwang Dorje_thumb.jpg,/uploads/person/Garwang Dorje.jpg,/uploads/person/Garwang Dorje_thumb.jpg,,Michael Burroughs,1,2,2013-10-02 7:50:07,,,
1347,13197,953stupa.jpg,953stupa_thumb.jpg,/uploads/person/953stupa.jpg,/uploads/person/953stupa_thumb.jpg,953,,1,2,2013-10-03 7:55:34,,,
1348,10457,Jigme Puntsok.jpg,Jigme Puntsok_thumb.jpg,/uploads/person/Jigme Puntsok.jpg,/uploads/person/Jigme Puntsok_thumb.jpg,,,1,2,2013-10-03 12:48:29,,,
1349,10171,ngawang drakpa.jpg,ngawang drakpa_thumb.jpg,/uploads/person/ngawang drakpa.jpg,/uploads/person/ngawang drakpa_thumb.jpg,,Michael Burroughs,1,2,2013-11-06 7:53:23,,,
1350,5338,65167.jpeg,65167_thumb.jpeg,/uploads/person/65167.jpeg,/uploads/person/65167_thumb.jpeg,65167,,1,2,2013-12-09 8:49:09,,,
1351,3957,Nartang81872.jpg,Nartang81872_thumb.jpg,/uploads/person/Nartang81872.jpg,/uploads/person/Nartang81872_thumb.jpg,81872,,1,2,2013-12-16 9:23:03,,,
1352,6393,Nartang81872.jpg,Nartang81872_thumb.jpg,/uploads/person/Nartang81872.jpg,/uploads/person/Nartang81872_thumb.jpg,81872,,1,2,2013-12-16 9:44:15,,,
1353,4359,Nartang81872.jpg,Nartang81872_thumb.jpg,/uploads/person/Nartang81872.jpg,/uploads/person/Nartang81872_thumb.jpg,81872,,1,2,2013-12-18 8:49:09,,,
1354,2181,Nartang81872.jpg,Nartang81872_thumb.jpg,/uploads/person/Nartang81872.jpg,/uploads/person/Nartang81872_thumb.jpg,81872,,1,2,2013-12-18 8:57:50,,,
1355,6161,953stupa.jpg,953stupa_thumb.jpg,/uploads/person/953stupa.jpg,/uploads/person/953stupa_thumb.jpg,953,,1,2,2013-12-18 9:31:35,,,
1356,6502,labrang 74280.jpg,labrang 74280_thumb.jpg,/uploads/person/labrang 74280.jpg,/uploads/person/labrang 74280_thumb.jpg,74280,,1,2,2013-12-20 13:18:24,,,
1357,6928,labrang 74280.jpg,labrang 74280_thumb.jpg,/uploads/person/labrang 74280.jpg,/uploads/person/labrang 74280_thumb.jpg,74280,,1,2,2013-12-20 13:33:28,,,
1358,6198,labrang 74280.jpg,labrang 74280_thumb.jpg,/uploads/person/labrang 74280.jpg,/uploads/person/labrang 74280_thumb.jpg,74280,,1,2,2013-12-23 8:31:51,,,
1359,6929,labrang 74280.jpg,labrang 74280_thumb.jpg,/uploads/person/labrang 74280.jpg,/uploads/person/labrang 74280_thumb.jpg,74280,,1,2,2013-12-23 9:31:20,,,
1360,7876,labrang 74280.jpg,labrang 74280_thumb.jpg,/uploads/person/labrang 74280.jpg,/uploads/person/labrang 74280_thumb.jpg,74280,,1,2,2013-12-23 9:42:18,,,
1361,7877,labrang 74280.jpg,labrang 74280_thumb.jpg,/uploads/person/labrang 74280.jpg,/uploads/person/labrang 74280_thumb.jpg,74280,,1,2,2013-12-23 11:53:27,,,
1363,5328,8th Tatsak 65916.jpg,8th Tatsak 65916_thumb.jpg,/uploads/person/8th Tatsak 65916.jpg,/uploads/person/8th Tatsak 65916_thumb.jpg,65916,,1,2,2014-01-02 12:00:41,,,
1364,2339,8th Dalai 65916.jpg,8th Dalai 65916_thumb.jpg,/uploads/person/8th Dalai 65916.jpg,/uploads/person/8th Dalai 65916_thumb.jpg,65916,,1,2,2014-01-02 12:29:31,2,2017-03-15 10:27:20,
1365,6935,Tatsak 2 65919.jpg,Tatsak 2 65919_thumb.jpg,/uploads/person/Tatsak 2 65919.jpg,/uploads/person/Tatsak 2 65919_thumb.jpg,65919,,1,2,2014-01-02 12:45:30,,,
1366,10202,953stupa.jpg,953stupa_thumb.jpg,/uploads/person/953stupa.jpg,/uploads/person/953stupa_thumb.jpg,953,,1,2,2014-01-02 13:13:56,,,
1367,10857,Drukpa Kunle82091.jpg,Drukpa Kunle82091_thumb.jpg,/uploads/person/Drukpa Kunle82091.jpg,/uploads/person/Drukpa Kunle82091_thumb.jpg,82091,,1,2,2014-01-06 11:57:45,,,
1368,10857,IMG_0401.jpg,IMG_0401_thumb.jpg,/uploads/person/IMG_0401.jpg,/uploads/person/IMG_0401_thumb.jpg,,,0,2,2014-01-06 11:58:08,,,
1369,6940,tatsak 03 65920.jpg,tatsak 03 65920_thumb.jpg,/uploads/person/tatsak 03 65920.jpg,/uploads/person/tatsak 03 65920_thumb.jpg,65920,,1,2,2014-01-07 11:12:49,,,
1370,6793,tatsak 04 65921.jpg,tatsak 04 65921_thumb.jpg,/uploads/person/tatsak 04 65921.jpg,/uploads/person/tatsak 04 65921_thumb.jpg,65921,,1,2,2014-01-07 11:47:21,,,
1371,2997,Yolmo Tulku.jpg,Yolmo Tulku_thumb.jpg,/uploads/person/Yolmo Tulku.jpg,/uploads/person/Yolmo Tulku_thumb.jpg,,,1,2,2014-01-24 10:59:23,,,
1372,2483,Nartang81872.jpg,Nartang81872_thumb.jpg,/uploads/person/Nartang81872.jpg,/uploads/person/Nartang81872_thumb.jpg,81872,,1,2,2014-01-24 11:34:00,,,
1373,13199,Nartang81872.jpg,Nartang81872_thumb.jpg,/uploads/person/Nartang81872.jpg,/uploads/person/Nartang81872_thumb.jpg,81872,,1,2,2014-01-24 12:15:07,,,
1374,2578,Nartang81872.jpg,Nartang81872_thumb.jpg,/uploads/person/Nartang81872.jpg,/uploads/person/Nartang81872_thumb.jpg,81872,,1,2,2014-01-24 12:24:57,,,
1375,2577,Nartang81872.jpg,Nartang81872_thumb.jpg,/uploads/person/Nartang81872.jpg,/uploads/person/Nartang81872_thumb.jpg,81872,,1,2,2014-01-24 13:36:19,,,
1376,3263,Lobzang Tenpai Gyeltsen 31757.jpg,Lobzang Tenpai Gyeltsen 31757_thumb.jpg,/uploads/person/Lobzang Tenpai Gyeltsen 31757.jpg,/uploads/person/Lobzang Tenpai Gyeltsen 31757_thumb.jpg,31757,,1,2,2014-02-04 6:12:48,,,
1377,3263,LobzangTenpaiGyeltsen31757.jpg,LobzangTenpaiGyeltsen31757_thumb.jpg,/uploads/person/LobzangTenpaiGyeltsen31757.jpg,/uploads/person/LobzangTenpaiGyeltsen31757_thumb.jpg,31757,,0,2,2014-02-04 6:13:04,,,
1378,7232,Sera 65848.jpg,Sera 65848_thumb.jpg,/uploads/person/Sera 65848.jpg,/uploads/person/Sera 65848_thumb.jpg,65848,,1,2,2014-02-27 15:36:37,,,
1379,7294,Sera 65848.jpg,Sera 65848_thumb.jpg,/uploads/person/Sera 65848.jpg,/uploads/person/Sera 65848_thumb.jpg,65848,,1,2,2014-03-03 11:15:24,,,
1380,13183,Drepung 65848.jpg,Drepung 65848_thumb.jpg,/uploads/person/Drepung 65848.jpg,/uploads/person/Drepung 65848_thumb.jpg,65848,,1,2,2014-03-03 12:28:13,,,
1381,8079,Sera 65848.jpg,Sera 65848_thumb.jpg,/uploads/person/Sera 65848.jpg,/uploads/person/Sera 65848_thumb.jpg,65848,,1,2,2014-03-03 13:03:43,,,
1382,2896,Sera 65848.jpg,Sera 65848_thumb.jpg,/uploads/person/Sera 65848.jpg,/uploads/person/Sera 65848_thumb.jpg,65848,,1,2,2014-03-03 13:35:25,,,
1383,7945,Tulku Sungrab.jpeg,Tulku Sungrab_thumb.jpeg,/uploads/person/Tulku Sungrab.jpeg,/uploads/person/Tulku Sungrab_thumb.jpeg,,"snyan dgon sprul sku gsung rab pa'i gsung 'bum,",0,2,2014-03-26 7:27:22,,,
1384,7945,Chokyi Gyatso.jpg,Chokyi Gyatso_thumb.jpg,/uploads/person/Chokyi Gyatso.jpg,/uploads/person/Chokyi Gyatso_thumb.jpg,,snyan dgon sprul sku gsung rab pa'i gsung 'bum,1,2,2014-03-26 7:46:38,,,
1385,7758,karma lingpa har289.jpg,karma lingpa har289_thumb.jpg,/uploads/person/karma lingpa har289.jpg,/uploads/person/karma lingpa har289_thumb.jpg,289,,1,2,2014-03-27 14:47:11,,,
1386,9355,Pema Vajra.jpg,Pema Vajra_thumb.jpg,/uploads/person/Pema Vajra.jpg,/uploads/person/Pema Vajra_thumb.jpg,,rdzogs chen mkhan chen pad+ma badz+ra'i gsung thor,1,2,2014-03-28 7:42:47,2,2014-03-28 7:43:37,
1387,9096,Zurchen.jpg,Zurchen_thumb.jpg,/uploads/person/Zurchen.jpg,/uploads/person/Zurchen_thumb.jpg,,rdzogs chen mkhan chen pad+ma badz+ra'i gsung thor,1,2,2014-03-28 7:46:40,,,
1388,7114,Drapa Ngonshe 80569..jpg,Drapa Ngonshe 80569._thumb.jpg,/uploads/person/Drapa Ngonshe 80569..jpg,/uploads/person/Drapa Ngonshe 80569._thumb.jpg,80569,,0,2,2014-03-28 9:22:53,,,
1389,9169,Pema Trine 80570..jpg,Pema Trine 80570._thumb.jpg,/uploads/person/Pema Trine 80570..jpg,/uploads/person/Pema Trine 80570._thumb.jpg,80570,,1,2,2014-03-28 9:25:09,2,2014-03-28 9:25:32,
1390,9148,Pelyul Rigdzin Kunzang Sherab 80571..jpg,Pelyul Rigdzin Kunzang Sherab 80571._thumb.jpg,/uploads/person/Pelyul Rigdzin Kunzang Sherab 80571..jpg,/uploads/person/Pelyul Rigdzin Kunzang Sherab 80571._thumb.jpg,80571,,0,2,2014-03-28 9:27:07,,,
1391,6668,953stupa.jpg,953stupa_thumb.jpg,/uploads/person/953stupa.jpg,/uploads/person/953stupa_thumb.jpg,953,,1,2,2014-03-28 10:09:34,,,
1392,13204,Dewai Dorje.jpg,Dewai Dorje_thumb.jpg,/uploads/person/Dewai Dorje.jpg,/uploads/person/Dewai Dorje_thumb.jpg,,rdzogs chen mkhan chen pad+ma badz+ra'i gsung thor,1,2,2014-03-31 8:56:58,2,2014-03-31 8:58:33,
1393,10146,Khenpo_Tsondru copy.jpg,Khenpo_Tsondru copy_thumb.jpg,/uploads/person/Khenpo_Tsondru copy.jpg,/uploads/person/Khenpo_Tsondru copy_thumb.jpg,,Adam Pearcy,1,2,2014-04-08 13:45:06,2,2014-09-22 12:07:37,
1394,10146,Khenpo Tsondru 2.jpeg,Khenpo Tsondru 2_thumb.jpeg,/uploads/person/Khenpo Tsondru 2.jpeg,/uploads/person/Khenpo Tsondru 2_thumb.jpeg,,Adam Pearcy,0,2,2014-04-08 13:45:24,,,
1395,6580,Tatsak 06 65922.jpg,Tatsak 06 65922_thumb.jpg,/uploads/person/Tatsak 06 65922.jpg,/uploads/person/Tatsak 06 65922_thumb.jpg,65922,,1,2,2014-04-11 7:46:31,,,
1396,9693,Tatsak 07 65923.jpg,Tatsak 07 65923_thumb.jpg,/uploads/person/Tatsak 07 65923.jpg,/uploads/person/Tatsak 07 65923_thumb.jpg,65923,,1,2,2014-04-11 10:45:21,,,
1399,13205,Chokyi Dronma1-1.jpg,Chokyi Dronma1-1_thumb.jpg,/uploads/person/Chokyi Dronma1-1.jpg,/uploads/person/Chokyi Dronma1-1_thumb.jpg,,Hildegard Diemberger,1,2,2014-04-16 14:29:50,,,
1400,13205,chokyi Dronma2-1.jpg,chokyi Dronma2-1_thumb.jpg,/uploads/person/chokyi Dronma2-1.jpg,/uploads/person/chokyi Dronma2-1_thumb.jpg,,Hildegard Diemberger,0,2,2014-04-16 14:32:24,,,
1401,13205,Chokyi Dronma3.jpg,Chokyi Dronma3_thumb.jpg,/uploads/person/Chokyi Dronma3.jpg,/uploads/person/Chokyi Dronma3_thumb.jpg,,Hildegard Diemberger,0,2,2014-04-16 14:32:45,,,
1402,13206,Kunga Zangmo.jpg,Kunga Zangmo_thumb.jpg,/uploads/person/Kunga Zangmo.jpg,/uploads/person/Kunga Zangmo_thumb.jpg,,Hildegard Diemberger,1,2,2014-04-16 14:51:11,,,
1403,11003,Pelyul Choktrul from WiKG6199.jpg,Pelyul Choktrul from WiKG6199_thumb.jpg,/uploads/person/Pelyul Choktrul from WiKG6199.jpg,/uploads/person/Pelyul Choktrul from WiKG6199_thumb.jpg,,TBRC W1KG6199,1,2,2014-04-17 7:25:12,,,
1404,4626,Nubchen Sanggye Yeshe HAR661.jpg,Nubchen Sanggye Yeshe HAR661_thumb.jpg,/uploads/person/Nubchen Sanggye Yeshe HAR661.jpg,/uploads/person/Nubchen Sanggye Yeshe HAR661_thumb.jpg,661,,1,2,2014-04-28 13:02:06,,,
1405,11299,65167.jpeg,65167_thumb.jpeg,/uploads/person/65167.jpeg,/uploads/person/65167_thumb.jpeg,65167,,1,2,2014-05-08 12:19:14,,,
1406,3906,65167.jpeg,65167_thumb.jpeg,/uploads/person/65167.jpeg,/uploads/person/65167_thumb.jpeg,65167,,1,2,2014-05-08 13:07:16,,,
1407,7523,65167.jpeg,65167_thumb.jpeg,/uploads/person/65167.jpeg,/uploads/person/65167_thumb.jpeg,65617,,1,2,2014-05-08 13:40:48,,,
1408,3907,65167.jpeg,65167_thumb.jpeg,/uploads/person/65167.jpeg,/uploads/person/65167_thumb.jpeg,65617,,1,2,2014-05-09 11:48:50,,,
1409,7040,65167.jpeg,65167_thumb.jpeg,/uploads/person/65167.jpeg,/uploads/person/65167_thumb.jpeg,65167,,1,2,2014-05-09 12:33:29,,,
1410,10644,87620.Sanggye Puntsok.jpg,87620.Sanggye Puntsok_thumb.jpg,/uploads/person/87620.Sanggye Puntsok.jpg,/uploads/person/87620.Sanggye Puntsok_thumb.jpg,87620,,1,2,2014-05-15 13:01:08,,,
1411,5349,65167.jpeg,65167_thumb.jpeg,/uploads/person/65167.jpeg,/uploads/person/65167_thumb.jpeg,65167,,1,2,2014-05-20 9:27:01,,,
1413,5849,Jamyang Choje 80488.jpg,Jamyang Choje 80488_thumb.jpg,/uploads/person/Jamyang Choje 80488.jpg,/uploads/person/Jamyang Choje 80488_thumb.jpg,80488,,1,2,2014-05-20 10:42:28,,,
1414,3762,Sherab Sengge 79799.jpg,Sherab Sengge 79799_thumb.jpg,/uploads/person/Sherab Sengge 79799.jpg,/uploads/person/Sherab Sengge 79799_thumb.jpg,79799,,1,2,2014-05-20 13:05:13,,,
1416,13220,200005Bonstupa.jpg,200005Bonstupa_thumb.jpg,/uploads/person/200005Bonstupa.jpg,/uploads/person/200005Bonstupa_thumb.jpg,200005,,1,2,2014-06-09 12:54:45,,,
1417,13221,200005Bonstupa.jpg,200005Bonstupa_thumb.jpg,/uploads/person/200005Bonstupa.jpg,/uploads/person/200005Bonstupa_thumb.jpg,200005,,1,2,2014-06-09 13:08:08,,,
1418,13222,200005Bonstupa.jpg,200005Bonstupa_thumb.jpg,/uploads/person/200005Bonstupa.jpg,/uploads/person/200005Bonstupa_thumb.jpg,200005,,1,2,2014-06-10 7:52:57,,,
1419,12785,953stupa.jpg,953stupa_thumb.jpg,/uploads/person/953stupa.jpg,/uploads/person/953stupa_thumb.jpg,953,,1,2,2014-06-16 8:41:49,,,
1424,10548,Sakya Monastery 81872.jpg,Sakya Monastery 81872_thumb.jpg,/uploads/person/Sakya Monastery 81872.jpg,/uploads/person/Sakya Monastery 81872_thumb.jpg,81872,,1,2,2014-07-17 15:04:01,,,
1425,2340,Bodong Monastery 81872.jpg,Bodong Monastery 81872_thumb.jpg,/uploads/person/Bodong Monastery 81872.jpg,/uploads/person/Bodong Monastery 81872_thumb.jpg,81872,,1,2,2014-07-17 16:08:38,,,
1426,5408,Sharchen1 87083.jpg,Sharchen1 87083_thumb.jpg,/uploads/person/Sharchen1 87083.jpg,/uploads/person/Sharchen1 87083_thumb.jpg,87083,,1,2,2014-07-18 14:35:55,2,2014-07-18 14:36:26,
1427,5408,Sharchen2 87083.jpg,Sharchen2 87083_thumb.jpg,/uploads/person/Sharchen2 87083.jpg,/uploads/person/Sharchen2 87083_thumb.jpg,87083,,0,2,2014-07-18 14:36:53,,,
1428,7512,86902.pelden tsultrim.jpg,86902.pelden tsultrim_thumb.jpg,/uploads/person/86902.pelden tsultrim.jpg,/uploads/person/86902.pelden tsultrim_thumb.jpg,86902,,1,2,2014-07-18 15:41:44,2,2014-07-28 19:58:54,
1429,7512,Pelden Tsultrim 94518.jpg,Pelden Tsultrim 94518_thumb.jpg,/uploads/person/Pelden Tsultrim 94518.jpg,/uploads/person/Pelden Tsultrim 94518_thumb.jpg,94518,,0,2,2014-07-31 14:13:07,,,
1430,6412,Buddhagupta 657.jpg,Buddhagupta 657_thumb.jpg,/uploads/person/Buddhagupta 657.jpg,/uploads/person/Buddhagupta 657_thumb.jpg,657,,1,2,2014-08-11 16:13:53,,,
1431,12169,Kongtrul 02 102236.jpg,Kongtrul 02 102236_thumb.jpg,/uploads/person/Kongtrul 02 102236.jpg,/uploads/person/Kongtrul 02 102236_thumb.jpg,102236,,0,2,2014-08-18 14:05:21,,,
1432,12169,Second Kongtrul 102236.jpg,Second Kongtrul 102236_thumb.jpg,/uploads/person/Second Kongtrul 102236.jpg,/uploads/person/Second Kongtrul 102236_thumb.jpg,102236,,1,2,2014-08-18 14:06:19,,,
1433,5626,Buddhasri 65008.jpg,Buddhasri 65008_thumb.jpg,/uploads/person/Buddhasri 65008.jpg,/uploads/person/Buddhasri 65008_thumb.jpg,65008,,0,2,2014-08-18 14:11:20,,,
1434,3902,795stupa.jpg,795stupa_thumb.jpg,/uploads/person/795stupa.jpg,/uploads/person/795stupa_thumb.jpg,795,,1,2,2014-09-05 11:01:35,,,
1435,3903,795stupa.jpg,795stupa_thumb.jpg,/uploads/person/795stupa.jpg,/uploads/person/795stupa_thumb.jpg,795,,1,2,2014-09-05 11:26:08,,,
1436,3904,795stupa.jpg,795stupa_thumb.jpg,/uploads/person/795stupa.jpg,/uploads/person/795stupa_thumb.jpg,795,,1,2,2014-09-05 11:39:38,,,
1437,7069,Jetsundampa 02 50083.jpg,Jetsundampa 02 50083_thumb.jpg,/uploads/person/Jetsundampa 02 50083.jpg,/uploads/person/Jetsundampa 02 50083_thumb.jpg,50083,,1,2,2014-09-08 16:02:16,,,
1438,13202,65167.jpeg,65167_thumb.jpeg,/uploads/person/65167.jpeg,/uploads/person/65167_thumb.jpeg,65167,,1,2,2014-09-08 16:47:37,,,
1439,13203,65167.jpeg,65167_thumb.jpeg,/uploads/person/65167.jpeg,/uploads/person/65167_thumb.jpeg,65167,,1,2,2014-09-09 12:11:38,,,
1440,13201,65167.jpeg,65167_thumb.jpeg,/uploads/person/65167.jpeg,/uploads/person/65167_thumb.jpeg,65167,,1,2,2014-09-09 13:08:03,,,
1441,2469,65167.jpeg,65167_thumb.jpeg,/uploads/person/65167.jpeg,/uploads/person/65167_thumb.jpeg,65167,,1,2,2014-09-09 13:31:41,,,
1442,13225,200005Bonstupa.jpg,200005Bonstupa_thumb.jpg,/uploads/person/200005Bonstupa.jpg,/uploads/person/200005Bonstupa_thumb.jpg,200005,,1,2,2014-09-16 13:23:27,,,
1444,2666,Seventh Zhamar 48222.jpg,Seventh Zhamar 48222_thumb.jpg,/uploads/person/Seventh Zhamar 48222.jpg,/uploads/person/Seventh Zhamar 48222_thumb.jpg,48222,,0,2,2014-10-09 15:12:40,,,
1445,5926,Situ 03 Tashi Peljor 560.jpg,Situ 03 Tashi Peljor 560_thumb.jpg,/uploads/person/Situ 03 Tashi Peljor 560.jpg,/uploads/person/Situ 03 Tashi Peljor 560_thumb.jpg,560,,1,2,2014-10-09 15:31:20,,,
1447,8126,Ninth Situ 22267.jpg,Ninth Situ 22267_thumb.jpg,/uploads/person/Ninth Situ 22267.jpg,/uploads/person/Ninth Situ 22267_thumb.jpg,22267,,1,2,2014-10-15 9:30:20,,,
1448,13226,peacock feather 1014.jpg,peacock feather 1014_thumb.jpg,/uploads/person/peacock feather 1014.jpg,/uploads/person/peacock feather 1014_thumb.jpg,1014,,1,2,2014-10-21 15:18:07,,,
1449,3178,Mila 700067.jpg,Mila 700067_thumb.jpg,/uploads/person/Mila 700067.jpg,/uploads/person/Mila 700067_thumb.jpg,700067,,0,2,2014-10-21 15:21:33,,,
1450,8651,Tare Lhamo.jpg,Tare Lhamo_thumb.jpg,/uploads/person/Tare Lhamo.jpg,/uploads/person/Tare Lhamo_thumb.jpg,,,0,2,2014-10-29 12:23:56,,,
1451,8651,Terton Couple with Khenpo Jigme Phuntsok.jpg,Terton Couple with Khenpo Jigme Phuntsok_thumb.jpg,/uploads/person/Terton Couple with Khenpo Jigme Phuntsok.jpg,/uploads/person/Terton Couple with Khenpo Jigme Phuntsok_thumb.jpg,,,0,2,2014-10-29 12:24:17,,,
1452,8651,KTL & NJP on Teaching Thrones.jpg,KTL & NJP on Teaching Thrones_thumb.jpg,/uploads/person/KTL & NJP on Teaching Thrones.jpg,/uploads/person/KTL & NJP on Teaching Thrones_thumb.jpg,,,0,2,2014-10-29 12:24:26,,,
1453,8650,Namtrul Jigme Puntsok.jpg,Namtrul Jigme Puntsok_thumb.jpg,/uploads/person/Namtrul Jigme Puntsok.jpg,/uploads/person/Namtrul Jigme Puntsok_thumb.jpg,,,0,2,2014-10-29 12:49:13,2,2014-10-30 10:25:32,
1456,8650,Terton Couple with Khenpo Jigme Phuntsok.jpg,Terton Couple with Khenpo Jigme Phuntsok_thumb.jpg,/uploads/person/Terton Couple with Khenpo Jigme Phuntsok.jpg,/uploads/person/Terton Couple with Khenpo Jigme Phuntsok_thumb.jpg,,,0,2,2014-10-29 12:49:36,,,
1457,8650,NJP Closeup.jpg,NJP Closeup_thumb.jpg,/uploads/person/NJP Closeup.jpg,/uploads/person/NJP Closeup_thumb.jpg,,,1,2,2014-10-30 10:25:12,,,
1458,8651,KTL Closeup.jpg,KTL Closeup_thumb.jpg,/uploads/person/KTL Closeup.jpg,/uploads/person/KTL Closeup_thumb.jpg,,,0,2,2014-10-30 10:27:34,,,
1459,5151,953stupa.jpg,953stupa_thumb.jpg,/uploads/person/953stupa.jpg,/uploads/person/953stupa_thumb.jpg,953,,1,2,2014-10-31 11:39:17,,,
1460,13227,795stupa.jpg,795stupa_thumb.jpg,/uploads/person/795stupa.jpg,/uploads/person/795stupa_thumb.jpg,795,,1,2,2014-10-31 11:52:04,,,
1461,5159,953stupa.jpg,953stupa_thumb.jpg,/uploads/person/953stupa.jpg,/uploads/person/953stupa_thumb.jpg,953,,1,2,2014-10-31 15:19:32,,,
1462,13228,65167.jpeg,65167_thumb.jpeg,/uploads/person/65167.jpeg,/uploads/person/65167_thumb.jpeg,65167,,1,2,2014-10-31 15:29:31,2,2014-10-31 15:29:37,
1463,13229,953stupa.jpg,953stupa_thumb.jpg,/uploads/person/953stupa.jpg,/uploads/person/953stupa_thumb.jpg,953,,1,2,2014-10-31 15:38:50,,,
1464,13230,953stupa.jpg,953stupa_thumb.jpg,/uploads/person/953stupa.jpg,/uploads/person/953stupa_thumb.jpg,953,,1,2,2014-11-24 15:18:19,,,
1465,13231,953stupa.jpg,953stupa_thumb.jpg,/uploads/person/953stupa.jpg,/uploads/person/953stupa_thumb.jpg,953,,1,2,2014-11-24 15:49:35,,,
1466,5997,953stupa.jpg,953stupa_thumb.jpg,/uploads/person/953stupa.jpg,/uploads/person/953stupa_thumb.jpg,953,,1,2,2014-11-24 16:16:37,2,2014-11-24 16:16:52,
1467,13232,953stupa.jpg,953stupa_thumb.jpg,/uploads/person/953stupa.jpg,/uploads/person/953stupa_thumb.jpg,953,,1,2,2014-11-24 16:24:42,,,
1468,13233,795stupa.jpg,795stupa_thumb.jpg,/uploads/person/795stupa.jpg,/uploads/person/795stupa_thumb.jpg,795,,1,2,2014-12-02 10:59:43,,,
1469,13234,65167.jpeg,65167_thumb.jpeg,/uploads/person/65167.jpeg,/uploads/person/65167_thumb.jpeg,65167,,1,2,2014-12-02 11:38:15,,,
1470,13235,953stupa.jpg,953stupa_thumb.jpg,/uploads/person/953stupa.jpg,/uploads/person/953stupa_thumb.jpg,953,,1,2,2014-12-02 11:54:09,,,
1471,13236,953stupa.jpg,953stupa_thumb.jpg,/uploads/person/953stupa.jpg,/uploads/person/953stupa_thumb.jpg,953,,1,2,2014-12-02 12:04:48,,,
1472,13237,65167.jpeg,65167_thumb.jpeg,/uploads/person/65167.jpeg,/uploads/person/65167_thumb.jpeg,65167,,1,2,2014-12-02 13:48:10,,,
1473,13238,953stupa.jpg,953stupa_thumb.jpg,/uploads/person/953stupa.jpg,/uploads/person/953stupa_thumb.jpg,953,,1,2,2014-12-02 13:54:22,,,
1474,13239,795stupa.jpg,795stupa_thumb.jpg,/uploads/person/795stupa.jpg,/uploads/person/795stupa_thumb.jpg,795,,1,2,2014-12-02 14:04:28,,,
1475,13240,65167.jpeg,65167_thumb.jpeg,/uploads/person/65167.jpeg,/uploads/person/65167_thumb.jpeg,65167,,1,2,2014-12-02 14:23:37,,,
1476,13241,795stupa.jpg,795stupa_thumb.jpg,/uploads/person/795stupa.jpg,/uploads/person/795stupa_thumb.jpg,795,,1,2,2014-12-02 14:59:59,,,
1477,13242,953stupa.jpg,953stupa_thumb.jpg,/uploads/person/953stupa.jpg,/uploads/person/953stupa_thumb.jpg,953,,1,2,2014-12-02 15:27:27,,,
1478,10878,795stupa.jpg,795stupa_thumb.jpg,/uploads/person/795stupa.jpg,/uploads/person/795stupa_thumb.jpg,795,,1,2,2014-12-04 11:58:31,,,
1480,9690,65167.jpeg,65167_thumb.jpeg,/uploads/person/65167.jpeg,/uploads/person/65167_thumb.jpeg,65167,,1,2,2014-12-15 13:39:20,,,
1481,61,953stupa.jpg,953stupa_thumb.jpg,/uploads/person/953stupa.jpg,/uploads/person/953stupa_thumb.jpg,953,,1,2,2014-12-19 10:05:42,,,
1482,620,953stupa.jpg,953stupa_thumb.jpg,/uploads/person/953stupa.jpg,/uploads/person/953stupa_thumb.jpg,953,,1,2,2014-12-19 10:18:46,,,
1483,6147,795stupa.jpg,795stupa_thumb.jpg,/uploads/person/795stupa.jpg,/uploads/person/795stupa_thumb.jpg,795,,1,2,2014-12-19 11:24:43,,,
1484,2561,953stupa.jpg,953stupa_thumb.jpg,/uploads/person/953stupa.jpg,/uploads/person/953stupa_thumb.jpg,953,,1,2,2014-12-19 11:37:21,,,
1485,2606,65167.jpeg,65167_thumb.jpeg,/uploads/person/65167.jpeg,/uploads/person/65167_thumb.jpeg,65167,,1,2,2014-12-19 12:12:42,,,
1486,6578,953stupa.jpg,953stupa_thumb.jpg,/uploads/person/953stupa.jpg,/uploads/person/953stupa_thumb.jpg,953,,1,2,2014-12-19 12:33:01,,,
1487,6134,795stupa.jpg,795stupa_thumb.jpg,/uploads/person/795stupa.jpg,/uploads/person/795stupa_thumb.jpg,795,,1,2,2014-12-19 13:03:06,2,2014-12-19 13:03:11,
1489,9394,mp1.jpg,mp1_thumb.jpg,/uploads/person/mp1.jpg,/uploads/person/mp1_thumb.jpg,,,1,2,2015-01-15 11:49:13,,,
1490,7775,Yangonpa Tukgyi Dorje74069.jpg,Yangonpa Tukgyi Dorje74069_thumb.jpg,/uploads/person/Yangonpa Tukgyi Dorje74069.jpg,/uploads/person/Yangonpa Tukgyi Dorje74069_thumb.jpg,74069,,1,2,2015-01-22 10:41:55,,,
1491,8964,Shes_rab.jpeg,Shes_rab_thumb.jpeg,/uploads/person/Shes_rab.jpeg,/uploads/person/Shes_rab_thumb.jpeg,,,1,233,2015-02-02 15:54:37,,,
1492,1869,65167.jpeg,65167_thumb.jpeg,/uploads/person/65167.jpeg,/uploads/person/65167_thumb.jpeg,65167,,1,2,2015-02-12 11:45:06,,,
1493,7718,953stupa.jpg,953stupa_thumb.jpg,/uploads/person/953stupa.jpg,/uploads/person/953stupa_thumb.jpg,953,,1,2,2015-02-26 14:15:49,,,
1496,6257,sabzang_pakpa.jpg,sabzang_pakpa_thumb.jpg,/uploads/person/sabzang_pakpa.jpg,/uploads/person/sabzang_pakpa_thumb.jpg,,"Jackson, Mirror of the Buddha, p. 18",1,233,2015-03-02 12:32:21,233,2015-03-02 12:32:40,
1497,5795,jamchen choje.jpg,jamchen choje_thumb.jpg,/uploads/person/jamchen choje.jpg,/uploads/person/jamchen choje_thumb.jpg,101513,,0,2,2015-03-02 17:55:17,,,
1498,5795,jamchen_choje.jpg,jamchen_choje_thumb.jpg,/uploads/person/jamchen_choje.jpg,/uploads/person/jamchen_choje_thumb.jpg,101513,,1,233,2015-03-18 14:33:38,,,
1499,2510,57037_Padampa_Sanggye.jpg,57037_Padampa_Sanggye_thumb.jpg,/uploads/person/57037_Padampa_Sanggye.jpg,/uploads/person/57037_Padampa_Sanggye_thumb.jpg,57037,,1,233,2015-03-18 15:12:06,233,2015-03-18 15:18:20,
1500,12405,795stupa.jpg,795stupa_thumb.jpg,/uploads/person/795stupa.jpg,/uploads/person/795stupa_thumb.jpg,795,,1,2,2015-04-08 16:46:15,,,
1501,6721,953stupa.jpg,953stupa_thumb.jpg,/uploads/person/953stupa.jpg,/uploads/person/953stupa_thumb.jpg,953,,1,2,2015-04-08 17:02:51,,,
1502,6138,795stupa.jpg,795stupa_thumb.jpg,/uploads/person/795stupa.jpg,/uploads/person/795stupa_thumb.jpg,795,,1,2,2015-04-10 15:31:56,,,
1503,7551,Orgyen_Tendzin_Norbu.jpg,Orgyen_Tendzin_Norbu_thumb.jpg,/uploads/person/Orgyen_Tendzin_Norbu.jpg,/uploads/person/Orgyen_Tendzin_Norbu_thumb.jpg,,Tertön Sogyal Trust,1,2,2015-04-21 11:51:00,342,2020-07-07 21:44:02,
1504,8085,953stupa.jpg,953stupa_thumb.jpg,/uploads/person/953stupa.jpg,/uploads/person/953stupa_thumb.jpg,953,,1,2,2015-04-24 14:14:25,,,
1505,13404,65167.jpeg,65167_thumb.jpeg,/uploads/person/65167.jpeg,/uploads/person/65167_thumb.jpeg,65167,,1,2,2015-04-24 14:29:35,,,
1506,13423,795stupa.jpg,795stupa_thumb.jpg,/uploads/person/795stupa.jpg,/uploads/person/795stupa_thumb.jpg,795,,1,2,2015-04-24 14:43:20,,,
1507,6122,89141 Trulzhik tsultrim.jpg,89141 Trulzhik tsultrim_thumb.jpg,/uploads/person/89141 Trulzhik tsultrim.jpg,/uploads/person/89141 Trulzhik tsultrim_thumb.jpg,89141,,1,2,2015-04-28 13:46:08,,,
1509,13425,peacock feather 1014.jpg,peacock feather 1014_thumb.jpg,/uploads/person/peacock feather 1014.jpg,/uploads/person/peacock feather 1014_thumb.jpg,1014,,1,2,2015-05-04 15:44:07,,,
1510,9287,peacock feather 1014.jpg,peacock feather 1014_thumb.jpg,/uploads/person/peacock feather 1014.jpg,/uploads/person/peacock feather 1014_thumb.jpg,1014,,1,2,2015-05-05 11:55:37,,,
1511,13426,peacock feather 1014.jpg,peacock feather 1014_thumb.jpg,/uploads/person/peacock feather 1014.jpg,/uploads/person/peacock feather 1014_thumb.jpg,1014,,1,2,2015-05-05 13:39:54,,,
1512,13427,peacock feather 1014.jpg,peacock feather 1014_thumb.jpg,/uploads/person/peacock feather 1014.jpg,/uploads/person/peacock feather 1014_thumb.jpg,1014,,1,2,2015-05-05 15:15:04,,,
1513,13428,peacock feather 1014.jpg,peacock feather 1014_thumb.jpg,/uploads/person/peacock feather 1014.jpg,/uploads/person/peacock feather 1014_thumb.jpg,1014,,1,2,2015-05-05 15:19:11,,,
1514,4387,Chungtsang 02 2666.jpg,Chungtsang 02 2666_thumb.jpg,/uploads/person/Chungtsang 02 2666.jpg,/uploads/person/Chungtsang 02 2666_thumb.jpg,1034,,1,2,2015-05-08 14:34:24,2,2015-05-08 14:35:46,
1515,6569,Second Drigung Chetsang 416.jpg,Second Drigung Chetsang 416_thumb.jpg,/uploads/person/Second Drigung Chetsang 416.jpg,/uploads/person/Second Drigung Chetsang 416_thumb.jpg,1034,,1,2,2015-05-08 14:35:00,,,
1516,2314,monk 1166.jpg,monk 1166_thumb.jpg,/uploads/person/monk 1166.jpg,/uploads/person/monk 1166_thumb.jpg,1166,,1,2,2015-05-19 11:34:56,,,
1517,3194,monk 1166.jpg,monk 1166_thumb.jpg,/uploads/person/monk 1166.jpg,/uploads/person/monk 1166_thumb.jpg,1166,,1,2,2015-05-19 12:00:21,,,
1518,3204,monk 1206.jpg,monk 1206_thumb.jpg,/uploads/person/monk 1206.jpg,/uploads/person/monk 1206_thumb.jpg,1206,,1,2,2015-05-19 12:23:17,,,
1519,3189,monk 1206.jpg,monk 1206_thumb.jpg,/uploads/person/monk 1206.jpg,/uploads/person/monk 1206_thumb.jpg,1206,,1,2,2015-05-19 12:56:16,,,
1520,3191,monk 1206.jpg,monk 1206_thumb.jpg,/uploads/person/monk 1206.jpg,/uploads/person/monk 1206_thumb.jpg,1206,,1,2,2015-05-19 13:04:02,,,
1521,4327,monk 1206.jpg,monk 1206_thumb.jpg,/uploads/person/monk 1206.jpg,/uploads/person/monk 1206_thumb.jpg,1206,,1,2,2015-05-19 13:16:38,,,
1523,1974,monk 1206.jpg,monk 1206_thumb.jpg,/uploads/person/monk 1206.jpg,/uploads/person/monk 1206_thumb.jpg,1206,,1,2,2015-05-19 13:31:10,,,
1524,7545,monk 1206.jpg,monk 1206_thumb.jpg,/uploads/person/monk 1206.jpg,/uploads/person/monk 1206_thumb.jpg,1206,,1,2,2015-05-26 17:02:15,,,
1525,13429,monk 1166.jpg,monk 1166_thumb.jpg,/uploads/person/monk 1166.jpg,/uploads/person/monk 1166_thumb.jpg,1166,,1,2,2015-05-28 13:38:58,,,
1526,13430,monk 1166.jpg,monk 1166_thumb.jpg,/uploads/person/monk 1166.jpg,/uploads/person/monk 1166_thumb.jpg,1166,,1,2,2015-05-28 14:40:55,,,
1527,13431,monk 1206.jpg,monk 1206_thumb.jpg,/uploads/person/monk 1206.jpg,/uploads/person/monk 1206_thumb.jpg,1206,,1,2,2015-05-28 15:26:04,,,
1528,13432,monk 1166.jpg,monk 1166_thumb.jpg,/uploads/person/monk 1166.jpg,/uploads/person/monk 1166_thumb.jpg,1166,,1,2,2015-05-28 15:57:03,,,
1529,13433,monk 1166.jpg,monk 1166_thumb.jpg,/uploads/person/monk 1166.jpg,/uploads/person/monk 1166_thumb.jpg,1166,,1,2,2015-05-28 16:23:41,,,
1530,13434,monk 1206.jpg,monk 1206_thumb.jpg,/uploads/person/monk 1206.jpg,/uploads/person/monk 1206_thumb.jpg,1206,,1,2,2015-05-28 16:58:41,,,
1531,13435,monk 1206.jpg,monk 1206_thumb.jpg,/uploads/person/monk 1206.jpg,/uploads/person/monk 1206_thumb.jpg,1206,,1,2,2015-05-29 13:20:55,,,
1532,13436,monk 1166.jpg,monk 1166_thumb.jpg,/uploads/person/monk 1166.jpg,/uploads/person/monk 1166_thumb.jpg,1166,,1,2,2015-06-02 10:28:39,,,
1533,13437,monk 1206.jpg,monk 1206_thumb.jpg,/uploads/person/monk 1206.jpg,/uploads/person/monk 1206_thumb.jpg,1206,,1,2,2015-06-02 15:52:06,,,
1534,13438,monk 1206.jpg,monk 1206_thumb.jpg,/uploads/person/monk 1206.jpg,/uploads/person/monk 1206_thumb.jpg,1206,,1,2,2015-06-02 16:23:22,,,
1535,13439,monk 1206.jpg,monk 1206_thumb.jpg,/uploads/person/monk 1206.jpg,/uploads/person/monk 1206_thumb.jpg,p1206,,1,2,2015-06-02 17:18:37,,,
1536,13440,monk 1166.jpg,monk 1166_thumb.jpg,/uploads/person/monk 1166.jpg,/uploads/person/monk 1166_thumb.jpg,1166,,1,2,2015-06-04 11:14:06,,,
1537,13441,monk 1206.jpg,monk 1206_thumb.jpg,/uploads/person/monk 1206.jpg,/uploads/person/monk 1206_thumb.jpg,1206,,1,2,2015-06-04 11:53:37,,,
1538,13442,monk 1166.jpg,monk 1166_thumb.jpg,/uploads/person/monk 1166.jpg,/uploads/person/monk 1166_thumb.jpg,1166,,1,2,2015-06-04 12:44:24,,,
1540,13443,1164 repa.jpg,1164 repa_thumb.jpg,/uploads/person/1164 repa.jpg,/uploads/person/1164 repa_thumb.jpg,1164,,1,2,2015-06-05 9:26:18,,,
1541,13444,monk 1206.jpg,monk 1206_thumb.jpg,/uploads/person/monk 1206.jpg,/uploads/person/monk 1206_thumb.jpg,1206,,1,2,2015-06-05 11:36:41,,,
1542,13445,monk 1206.jpg,monk 1206_thumb.jpg,/uploads/person/monk 1206.jpg,/uploads/person/monk 1206_thumb.jpg,1206,,1,2,2015-06-05 11:59:43,,,
1543,13446,monk 1166.jpg,monk 1166_thumb.jpg,/uploads/person/monk 1166.jpg,/uploads/person/monk 1166_thumb.jpg,1166,,1,2,2015-06-05 15:28:38,,,
1544,13447,1164 repa.jpg,1164 repa_thumb.jpg,/uploads/person/1164 repa.jpg,/uploads/person/1164 repa_thumb.jpg,1164,,1,2,2015-06-05 16:53:37,,,
1545,13448,1164 repa.jpg,1164 repa_thumb.jpg,/uploads/person/1164 repa.jpg,/uploads/person/1164 repa_thumb.jpg,1164,,1,2,2015-06-05 16:57:47,,,
1546,13449,official 1166 standing.jpg,official 1166 standing_thumb.jpg,/uploads/person/official 1166 standing.jpg,/uploads/person/official 1166 standing_thumb.jpg,1166,,1,2,2015-06-12 15:45:23,,,
1547,13450,official 1166 standing.jpg,official 1166 standing_thumb.jpg,/uploads/person/official 1166 standing.jpg,/uploads/person/official 1166 standing_thumb.jpg,1166,,1,2,2015-06-12 16:11:51,,,
1548,13451,official 1166 standing.jpg,official 1166 standing_thumb.jpg,/uploads/person/official 1166 standing.jpg,/uploads/person/official 1166 standing_thumb.jpg,1166,,1,2,2015-06-12 16:31:25,,,
1550,3188,monk 1166.jpg,monk 1166_thumb.jpg,/uploads/person/monk 1166.jpg,/uploads/person/monk 1166_thumb.jpg,1166,,1,2,2015-06-16 15:13:04,,,
1551,13452,layman 1165.jpg,layman 1165_thumb.jpg,/uploads/person/layman 1165.jpg,/uploads/person/layman 1165_thumb.jpg,1165,,1,2,2015-06-16 16:01:37,,,
1552,13453,monk 1166.jpg,monk 1166_thumb.jpg,/uploads/person/monk 1166.jpg,/uploads/person/monk 1166_thumb.jpg,1166,,1,2,2015-06-16 16:22:12,,,
1553,13454,monk 1206.jpg,monk 1206_thumb.jpg,/uploads/person/monk 1206.jpg,/uploads/person/monk 1206_thumb.jpg,1206,,1,2,2015-06-16 17:16:19,,,
1554,13455,monk 1206.jpg,monk 1206_thumb.jpg,/uploads/person/monk 1206.jpg,/uploads/person/monk 1206_thumb.jpg,1206,,1,2,2015-06-16 17:52:27,,,
1555,4302,monk_1206.jpg,monk_1206_thumb.jpg,/uploads/person/monk_1206.jpg,/uploads/person/monk_1206_thumb.jpg,1206,,1,233,2015-06-17 10:26:39,233,2015-06-17 10:29:11,
1556,3739,13TongkhorRinpoche.jpg,13TongkhorRinpoche_thumb.jpg,/uploads/person/13TongkhorRinpoche.jpg,/uploads/person/13TongkhorRinpoche_thumb.jpg,,Photo Courtesy Tempa Transhimalayan Heritage Arts,0,342,2015-07-21 12:48:00,342,2015-07-21 14:10:18,
1557,8651,KTL_NJP_on_Teaching_Thrones.jpg,KTL_NJP_on_Teaching_Thrones_thumb.jpg,/uploads/person/KTL_NJP_on_Teaching_Thrones.jpg,/uploads/person/KTL_NJP_on_Teaching_Thrones_thumb.jpg,,,1,233,2015-07-28 20:12:58,233,2015-07-28 20:18:39,
1558,7272,Bamda Gelek.jpg,Bamda Gelek_thumb.jpg,/uploads/person/Bamda Gelek.jpg,/uploads/person/Bamda Gelek_thumb.jpg,,http://rywiki.tsadra.org/index.php/File:BamdaGelek,1,2,2015-08-24 15:54:31,,,
1559,4348,276 sherab zangpo.jpg,276 sherab zangpo_thumb.jpg,/uploads/person/276 sherab zangpo.jpg,/uploads/person/276 sherab zangpo_thumb.jpg,276,,1,2,2015-09-04 15:38:45,,,
1560,4358,Kongtrul 65265.jpg,Kongtrul 65265_thumb.jpg,/uploads/person/Kongtrul 65265.jpg,/uploads/person/Kongtrul 65265_thumb.jpg,65265,,1,2,2015-09-09 9:51:54,2,2018-05-24 15:37:20,
1562,4358,Kongtrul 73405.jpg,Kongtrul 73405_thumb.jpg,/uploads/person/Kongtrul 73405.jpg,/uploads/person/Kongtrul 73405_thumb.jpg,73405,,0,2,2015-09-09 9:53:35,,,
1564,4358,kongtrul 799.jpg,kongtrul 799_thumb.jpg,/uploads/person/kongtrul 799.jpg,/uploads/person/kongtrul 799_thumb.jpg,799,,0,2,2015-09-09 9:54:39,,,
1565,5312,185 Yutok Yonten Gonpo.jpg,185 Yutok Yonten Gonpo_thumb.jpg,/uploads/person/185 Yutok Yonten Gonpo.jpg,/uploads/person/185 Yutok Yonten Gonpo_thumb.jpg,185,,1,2,2015-09-11 11:40:31,,,
1566,4358,Kongtrul_65265.jpg,Kongtrul_65265_thumb.jpg,/uploads/person/Kongtrul_65265.jpg,/uploads/person/Kongtrul_65265_thumb.jpg,65265,,0,233,2015-09-14 10:01:39,,,
1568,4228,Mipam Gyatso.jpg,Mipam Gyatso_thumb.jpg,/uploads/person/Mipam Gyatso.jpg,/uploads/person/Mipam Gyatso_thumb.jpg,,Courtesy of Deities and Divinities of Tibet. Use,1,342,2015-09-16 9:26:17,,,
1569,3141,Changkya-Rolpai-Dorje.jpg,Changkya-Rolpai-Dorje_thumb.jpg,/uploads/person/Changkya-Rolpai-Dorje.jpg,/uploads/person/Changkya-Rolpai-Dorje_thumb.jpg,1099,,1,342,2015-09-17 12:33:56,,,
1571,3989,30987pabongkha.jpg,30987pabongkha_thumb.jpg,/uploads/person/30987pabongkha.jpg,/uploads/person/30987pabongkha_thumb.jpg,30987,,0,2,2015-10-27 13:50:31,,,
1572,3989,Pabongkha.jpg,Pabongkha_thumb.jpg,/uploads/person/Pabongkha.jpg,/uploads/person/Pabongkha_thumb.jpg,,,1,2,2015-10-27 14:00:52,233,2015-10-27 15:34:45,
1573,3989,1120Pabongkha.jpg,1120Pabongkha_thumb.jpg,/uploads/person/1120Pabongkha.jpg,/uploads/person/1120Pabongkha_thumb.jpg,1120,,0,2,2015-10-27 14:01:39,,,
1574,7348,monk 1206.jpg,monk 1206_thumb.jpg,/uploads/person/monk 1206.jpg,/uploads/person/monk 1206_thumb.jpg,1206,,1,2,2015-11-03 10:48:43,,,
1576,10613,Sakya lama 860.jpg,Sakya lama 860_thumb.jpg,/uploads/person/Sakya lama 860.jpg,/uploads/person/Sakya lama 860_thumb.jpg,860,,1,2,2015-11-03 11:06:56,,,
1577,10633,Sakya lama 860.jpg,Sakya lama 860_thumb.jpg,/uploads/person/Sakya lama 860.jpg,/uploads/person/Sakya lama 860_thumb.jpg,860,,1,2,2015-11-03 11:28:25,,,
1578,10591,Amye Zhab 73736.jpg,Amye Zhab 73736_thumb.jpg,/uploads/person/Amye Zhab 73736.jpg,/uploads/person/Amye Zhab 73736_thumb.jpg,73736,John and Berthe Ford,1,2,2015-11-03 14:32:01,,,
1579,4249,Sakya Tridzin 29 85735.jpg,Sakya Tridzin 29 85735_thumb.jpg,/uploads/person/Sakya Tridzin 29 85735.jpg,/uploads/person/Sakya Tridzin 29 85735_thumb.jpg,85735,Los Angeles County Museum of Art,1,2,2015-11-03 15:00:37,,,
1580,10753,Trichen 30 412.jpg,Trichen 30 412_thumb.jpg,/uploads/person/Trichen 30 412.jpg,/uploads/person/Trichen 30 412_thumb.jpg,412,Rubin Museum of Art,1,2,2015-11-03 15:17:47,,,
1581,10742,Sakya Lama 90030.jpg,Sakya Lama 90030_thumb.jpg,/uploads/person/Sakya Lama 90030.jpg,/uploads/person/Sakya Lama 90030_thumb.jpg,90030,Navin Kumar,1,2,2015-11-03 16:33:02,,,
1583,10103,Shechen_Kongtrul.jpg,Shechen_Kongtrul_thumb.jpg,/uploads/person/Shechen_Kongtrul.jpg,/uploads/person/Shechen_Kongtrul_thumb.jpg,,,1,2,2015-11-12 11:00:02,,,
1584,6335,1164 king.jpg,1164 king_thumb.jpg,/uploads/person/1164 king.jpg,/uploads/person/1164 king_thumb.jpg,1164,,1,2,2016-01-07 11:20:18,,,
1585,6336,1164 king.jpg,1164 king_thumb.jpg,/uploads/person/1164 king.jpg,/uploads/person/1164 king_thumb.jpg,1164,,1,2,2016-01-07 11:41:27,,,
1586,6337,1164 king.jpg,1164 king_thumb.jpg,/uploads/person/1164 king.jpg,/uploads/person/1164 king_thumb.jpg,1164,,1,2,2016-01-08 9:59:49,,,
1587,6338,1164 king.jpg,1164 king_thumb.jpg,/uploads/person/1164 king.jpg,/uploads/person/1164 king_thumb.jpg,1164,,1,2,2016-01-08 10:16:45,,,
1588,6339,1164 king.jpg,1164 king_thumb.jpg,/uploads/person/1164 king.jpg,/uploads/person/1164 king_thumb.jpg,1164,,1,2,2016-01-08 10:41:47,,,
1589,5326,1164 good doctor.jpg,1164 good doctor_thumb.jpg,/uploads/person/1164 good doctor.jpg,/uploads/person/1164 good doctor_thumb.jpg,1164,,1,2,2016-01-15 15:08:36,,,
1590,2640,1164 good doctor.jpg,1164 good doctor_thumb.jpg,/uploads/person/1164 good doctor.jpg,/uploads/person/1164 good doctor_thumb.jpg,1164,,1,2,2016-01-15 15:27:19,,,
1591,2639,1164 good doctor.jpg,1164 good doctor_thumb.jpg,/uploads/person/1164 good doctor.jpg,/uploads/person/1164 good doctor_thumb.jpg,1164,,1,2,2016-01-15 15:42:54,,,
1592,4080,1164 good doctor.jpg,1164 good doctor_thumb.jpg,/uploads/person/1164 good doctor.jpg,/uploads/person/1164 good doctor_thumb.jpg,1164,,1,2,2016-01-15 15:56:17,,,
1593,9442,1164 good doctor.jpg,1164 good doctor_thumb.jpg,/uploads/person/1164 good doctor.jpg,/uploads/person/1164 good doctor_thumb.jpg,1164,,1,2,2016-01-15 16:23:32,,,
1594,6341,1164 king.jpg,1164 king_thumb.jpg,/uploads/person/1164 king.jpg,/uploads/person/1164 king_thumb.jpg,1164,,1,2,2016-01-22 11:30:50,,,
1595,6342,1164 king.jpg,1164 king_thumb.jpg,/uploads/person/1164 king.jpg,/uploads/person/1164 king_thumb.jpg,1164,,1,2,2016-01-22 12:00:24,,,
1596,6343,1164 king.jpg,1164 king_thumb.jpg,/uploads/person/1164 king.jpg,/uploads/person/1164 king_thumb.jpg,1164,,1,2,2016-01-22 12:23:16,,,
1597,6344,1164 king.jpg,1164 king_thumb.jpg,/uploads/person/1164 king.jpg,/uploads/person/1164 king_thumb.jpg,1164,,1,2,2016-01-22 15:52:56,,,
1598,6345,1164 king.jpg,1164 king_thumb.jpg,/uploads/person/1164 king.jpg,/uploads/person/1164 king_thumb.jpg,1164,,1,2,2016-01-22 16:10:39,,,
1599,6346,1164 king.jpg,1164 king_thumb.jpg,/uploads/person/1164 king.jpg,/uploads/person/1164 king_thumb.jpg,1164,,1,2,2016-01-29 11:53:09,,,
1600,3072,1164 king.jpg,1164 king_thumb.jpg,/uploads/person/1164 king.jpg,/uploads/person/1164 king_thumb.jpg,1164,,1,2,2016-01-29 12:15:04,,,
1601,13507,woman 1148.jpg,woman 1148_thumb.jpg,/uploads/person/woman 1148.jpg,/uploads/person/woman 1148_thumb.jpg,1148,,1,2,2016-01-29 13:19:36,,,
1602,11798,photo-19.jpg,photo-19_thumb.jpg,/uploads/person/photo-19.jpg,/uploads/person/photo-19_thumb.jpg,,http://www.shambhala.com/house-of-the-turquoise-ro,1,2,2016-01-29 13:42:02,,,
1604,9333,Yutok Tashi Dondrub.jpg,Yutok Tashi Dondrub_thumb.jpg,/uploads/person/Yutok Tashi Dondrub.jpg,/uploads/person/Yutok Tashi Dondrub_thumb.jpg,,http://www.shambhala.com/house-of-the-turquoise-ro,1,2,2016-01-29 14:08:07,,,
1605,6348,1164 king.jpg,1164 king_thumb.jpg,/uploads/person/1164 king.jpg,/uploads/person/1164 king_thumb.jpg,1164,,1,2,2016-02-04 17:09:44,,,
1606,6349,1164 king.jpg,1164 king_thumb.jpg,/uploads/person/1164 king.jpg,/uploads/person/1164 king_thumb.jpg,1164,,1,2,2016-02-04 17:19:53,,,
1607,2423,courtsey of TransHimalayan Heritage.jpg,courtsey of TransHimalayan Heritage_thumb.jpg,/uploads/person/courtsey of TransHimalayan Heritage.jpg,/uploads/person/courtsey of TransHimalayan Heritage_thumb.jpg,,TransHimalayan Heritage,1,2,2016-02-04 17:34:44,,,
1608,2423,Courtsey of Shambhala Publications.jpg,Courtsey of Shambhala Publications_thumb.jpg,/uploads/person/Courtsey of Shambhala Publications.jpg,/uploads/person/Courtsey of Shambhala Publications_thumb.jpg,,Shambala Publications,0,2,2016-02-04 17:34:59,343,2016-06-17 15:13:59,
1610,13510,Dorjiev.jpg,Dorjiev_thumb.jpg,/uploads/person/Dorjiev.jpg,/uploads/person/Dorjiev_thumb.jpg,,https://commons.wikimedia.org/wiki/File%3ADorjiev.,0,2,2016-02-06 14:38:02,233,2016-02-06 18:18:32,
1611,13510,Dorjiev-cropped.jpg,Dorjiev-cropped_thumb.jpg,/uploads/person/Dorjiev-cropped.jpg,/uploads/person/Dorjiev-cropped_thumb.jpg,,,1,233,2016-02-06 18:22:46,,,
1612,13511,monk 1206.jpg,monk 1206_thumb.jpg,/uploads/person/monk 1206.jpg,/uploads/person/monk 1206_thumb.jpg,1206,,1,2,2016-02-10 15:54:55,,,
1613,13512,1164 king.jpg,1164 king_thumb.jpg,/uploads/person/1164 king.jpg,/uploads/person/1164 king_thumb.jpg,1164,,1,2,2016-02-10 16:29:43,,,
1614,2336,monk 1166.jpg,monk 1166_thumb.jpg,/uploads/person/monk 1166.jpg,/uploads/person/monk 1166_thumb.jpg,1166,,1,2,2016-02-11 9:51:03,,,
1615,13513,monk 1206.jpg,monk 1206_thumb.jpg,/uploads/person/monk 1206.jpg,/uploads/person/monk 1206_thumb.jpg,1206,,1,2,2016-02-11 10:03:39,,,
1616,13514,1164 king.jpg,1164 king_thumb.jpg,/uploads/person/1164 king.jpg,/uploads/person/1164 king_thumb.jpg,1164,,1,2,2016-02-11 10:19:39,,,
1617,13515,1164 king.jpg,1164 king_thumb.jpg,/uploads/person/1164 king.jpg,/uploads/person/1164 king_thumb.jpg,1164,,1,2,2016-02-11 10:28:52,,,
1618,6350,1164 king.jpg,1164 king_thumb.jpg,/uploads/person/1164 king.jpg,/uploads/person/1164 king_thumb.jpg,1164,,1,2,2016-02-11 11:03:45,,,
1619,6334,1164 king.jpg,1164 king_thumb.jpg,/uploads/person/1164 king.jpg,/uploads/person/1164 king_thumb.jpg,1164,,1,2,2016-02-11 11:13:53,,,
1620,13502,monk 1166.jpg,monk 1166_thumb.jpg,/uploads/person/monk 1166.jpg,/uploads/person/monk 1166_thumb.jpg,1166,,1,2,2016-02-11 11:24:44,,,
1621,7581,monk 1206.jpg,monk 1206_thumb.jpg,/uploads/person/monk 1206.jpg,/uploads/person/monk 1206_thumb.jpg,1206,,1,2,2016-02-12 10:17:49,,,
1622,13516,official 1166.jpg,official 1166_thumb.jpg,/uploads/person/official 1166.jpg,/uploads/person/official 1166_thumb.jpg,1166,,1,2,2016-02-12 16:27:04,,,
1623,13517,1164 king.jpg,1164 king_thumb.jpg,/uploads/person/1164 king.jpg,/uploads/person/1164 king_thumb.jpg,1164,,1,2,2016-02-12 16:38:26,,,
1624,13518,1164 king.jpg,1164 king_thumb.jpg,/uploads/person/1164 king.jpg,/uploads/person/1164 king_thumb.jpg,1164,,1,2,2016-02-12 16:47:56,,,
1627,13520,layman 1166.jpg,layman 1166_thumb.jpg,/uploads/person/layman 1166.jpg,/uploads/person/layman 1166_thumb.jpg,1166,,1,2,2016-02-24 12:52:51,,,
1628,13519,layman 1165.jpg,layman 1165_thumb.jpg,/uploads/person/layman 1165.jpg,/uploads/person/layman 1165_thumb.jpg,1166,,1,2,2016-02-24 12:54:38,,,
1630,2720,monk 1166.jpg,monk 1166_thumb.jpg,/uploads/person/monk 1166.jpg,/uploads/person/monk 1166_thumb.jpg,1166,,1,2,2016-03-02 15:15:39,,,
1632,13527,1164 king.jpg,1164 king_thumb.jpg,/uploads/person/1164 king.jpg,/uploads/person/1164 king_thumb.jpg,1164,,1,2,2016-03-02 15:52:11,,,
1634,13528,monk 1166.jpg,monk 1166_thumb.jpg,/uploads/person/monk 1166.jpg,/uploads/person/monk 1166_thumb.jpg,1166,,1,2,2016-03-02 15:58:37,,,
1635,7582,monk 1206.jpg,monk 1206_thumb.jpg,/uploads/person/monk 1206.jpg,/uploads/person/monk 1206_thumb.jpg,1206,,1,2,2016-03-02 16:07:05,,,
1636,12264,monk 1166.jpg,monk 1166_thumb.jpg,/uploads/person/monk 1166.jpg,/uploads/person/monk 1166_thumb.jpg,1166,,1,2,2016-03-02 16:24:25,,,
1637,5924,monk 1166.jpg,monk 1166_thumb.jpg,/uploads/person/monk 1166.jpg,/uploads/person/monk 1166_thumb.jpg,1166,,1,2,2016-03-02 16:39:12,,,
1638,10898,monk 1206.jpg,monk 1206_thumb.jpg,/uploads/person/monk 1206.jpg,/uploads/person/monk 1206_thumb.jpg,1206,,1,2,2016-03-02 16:44:34,,,
1639,5928,monk 1166.jpg,monk 1166_thumb.jpg,/uploads/person/monk 1166.jpg,/uploads/person/monk 1166_thumb.jpg,1166,,1,2,2016-03-02 16:47:57,,,
1641,5927,monk 1166.jpg,monk 1166_thumb.jpg,/uploads/person/monk 1166.jpg,/uploads/person/monk 1166_thumb.jpg,1166,,1,2,2016-03-02 16:53:37,,,
1642,12340,monk 1206.jpg,monk 1206_thumb.jpg,/uploads/person/monk 1206.jpg,/uploads/person/monk 1206_thumb.jpg,1206,,1,2,2016-03-02 16:57:35,,,
1645,13521,Rapga (2).jpg,Rapga (2)_thumb.jpg,/uploads/person/Rapga (2).jpg,/uploads/person/Rapga (2)_thumb.jpg,,Courtesy of Carole McGranahan,1,343,2016-03-02 17:41:51,,,
1646,7681,monk 1206.jpg,monk 1206_thumb.jpg,/uploads/person/monk 1206.jpg,/uploads/person/monk 1206_thumb.jpg,1206,,1,2,2016-03-03 10:23:27,,,
1649,13523,Yampel Pangda (2).jpg,Yampel Pangda (2)_thumb.jpg,/uploads/person/Yampel Pangda (2).jpg,/uploads/person/Yampel Pangda (2)_thumb.jpg,,Carole McGranahan,0,343,2016-03-03 16:07:16,343,2016-03-03 16:23:34,
1650,13523,Yampel and Tib Trade Delegation (1).jpg,Yampel and Tib Trade Delegation (1)_thumb.jpg,/uploads/person/Yampel and Tib Trade Delegation (1).jpg,/uploads/person/Yampel and Tib Trade Delegation (1)_thumb.jpg,,Carole McGranahan,0,343,2016-03-03 16:07:38,343,2016-03-03 16:23:27,
1651,13523,Yampel.jpg,Yampel_thumb.jpg,/uploads/person/Yampel.jpg,/uploads/person/Yampel_thumb.jpg,,,1,343,2016-03-07 13:53:08,343,2016-03-07 16:51:46,
1652,13523,10478256_1579142939077638_627026012_n.jpg,10478256_1579142939077638_627026012_n_thumb.jpg,/uploads/person/10478256_1579142939077638_627026012_n.jpg,/uploads/person/10478256_1579142939077638_627026012_n_thumb.jpg,,Transhimalayan Heritage,0,343,2016-03-08 11:54:12,,,
1653,13521,10478256_1579142939077638_627026012_n.jpg,10478256_1579142939077638_627026012_n_thumb.jpg,/uploads/person/10478256_1579142939077638_627026012_n.jpg,/uploads/person/10478256_1579142939077638_627026012_n_thumb.jpg,,Transhimalayan Heritage,0,343,2016-03-08 11:58:44,,,
1654,13521,Rapga.jpg,Rapga_thumb.jpg,/uploads/person/Rapga.jpg,/uploads/person/Rapga_thumb.jpg,,Carole McGranahan,0,343,2016-03-08 12:00:37,,,
1655,13522,10478256_1579142939077638_627026012_n.jpg,10478256_1579142939077638_627026012_n_thumb.jpg,/uploads/person/10478256_1579142939077638_627026012_n.jpg,/uploads/person/10478256_1579142939077638_627026012_n_thumb.jpg,,Transhimalayan Heritage,0,343,2016-03-08 13:52:45,,,
1656,13522,Yampel.jpg,Yampel_thumb.jpg,/uploads/person/Yampel.jpg,/uploads/person/Yampel_thumb.jpg,,Transhimalayan Heritage,1,343,2016-03-08 13:53:47,,,
1657,13531,200005Bonstupa.jpg,200005Bonstupa_thumb.jpg,/uploads/person/200005Bonstupa.jpg,/uploads/person/200005Bonstupa_thumb.jpg,200005,,1,2,2016-03-10 12:05:00,,,
1658,13533,woman 1148.jpg,woman 1148_thumb.jpg,/uploads/person/woman 1148.jpg,/uploads/person/woman 1148_thumb.jpg,1148,,1,2,2016-03-11 14:54:26,,,
1659,13532,1164 king.jpg,1164 king_thumb.jpg,/uploads/person/1164 king.jpg,/uploads/person/1164 king_thumb.jpg,1164,,1,2,2016-03-11 15:05:44,,,
1660,11972,1164 king.jpg,1164 king_thumb.jpg,/uploads/person/1164 king.jpg,/uploads/person/1164 king_thumb.jpg,1164,,1,2,2016-03-11 15:14:22,,,
1661,13534,official 1166 standing.jpg,official 1166 standing_thumb.jpg,/uploads/person/official 1166 standing.jpg,/uploads/person/official 1166 standing_thumb.jpg,1166,,1,2,2016-03-18 14:03:25,,,
1662,13535,official 1166 standing.jpg,official 1166 standing_thumb.jpg,/uploads/person/official 1166 standing.jpg,/uploads/person/official 1166 standing_thumb.jpg,1166,,1,2,2016-03-18 14:11:21,,,
1663,13198,official 1166 standing.jpg,official 1166 standing_thumb.jpg,/uploads/person/official 1166 standing.jpg,/uploads/person/official 1166 standing_thumb.jpg,1166,,1,2,2016-03-18 14:15:03,2,2016-03-22 12:15:13,
1664,13536,official 1166 standing.jpg,official 1166 standing_thumb.jpg,/uploads/person/official 1166 standing.jpg,/uploads/person/official 1166 standing_thumb.jpg,1166,,1,2,2016-03-18 14:29:24,,,
1665,13537,official 1166 standing.jpg,official 1166 standing_thumb.jpg,/uploads/person/official 1166 standing.jpg,/uploads/person/official 1166 standing_thumb.jpg,1166,,1,2,2016-03-18 14:38:30,,,
1666,13538,official 1166 standing.jpg,official 1166 standing_thumb.jpg,/uploads/person/official 1166 standing.jpg,/uploads/person/official 1166 standing_thumb.jpg,1166,,1,2,2016-03-18 14:52:38,,,
1667,13539,official 1166 standing.jpg,official 1166 standing_thumb.jpg,/uploads/person/official 1166 standing.jpg,/uploads/person/official 1166 standing_thumb.jpg,1166,,1,2,2016-03-18 15:41:33,,,
1668,10415,monk 1166.jpg,monk 1166_thumb.jpg,/uploads/person/monk 1166.jpg,/uploads/person/monk 1166_thumb.jpg,1166,,1,2,2016-03-23 13:11:26,,,
1669,10414,monk 1206.jpg,monk 1206_thumb.jpg,/uploads/person/monk 1206.jpg,/uploads/person/monk 1206_thumb.jpg,1206,,1,2,2016-03-23 13:19:37,,,
1670,7613,DG3.jpg,DG3_thumb.jpg,/uploads/person/DG3.jpg,/uploads/person/DG3_thumb.jpg,,Pema Bhum,1,2,2016-03-24 12:07:08,,,
1671,7613,DG1.jpg,DG1_thumb.jpg,/uploads/person/DG1.jpg,/uploads/person/DG1_thumb.jpg,,Pema Bhum,0,2,2016-03-24 12:10:47,,,
1672,7613,DG2.jpg,DG2_thumb.jpg,/uploads/person/DG2.jpg,/uploads/person/DG2_thumb.jpg,,Pema Bhum,0,2,2016-03-24 12:10:54,2,2016-03-24 12:11:03,
1673,7613,DG4.jpg,DG4_thumb.jpg,/uploads/person/DG4.jpg,/uploads/person/DG4_thumb.jpg,,Pema Bhum,0,2,2016-03-24 12:11:12,,,
1675,12100,woman 1148.jpg,woman 1148_thumb.jpg,/uploads/person/woman 1148.jpg,/uploads/person/woman 1148_thumb.jpg,1148,,1,2,2016-03-31 15:02:49,,,
1676,13541,layman 1147.jpg,layman 1147_thumb.jpg,/uploads/person/layman 1147.jpg,/uploads/person/layman 1147_thumb.jpg,1147,,1,2,2016-03-31 16:24:05,,,
1677,13542,layman 1166.jpg,layman 1166_thumb.jpg,/uploads/person/layman 1166.jpg,/uploads/person/layman 1166_thumb.jpg,1166,,1,2,2016-03-31 16:41:13,,,
1678,13543,layman 1165.jpg,layman 1165_thumb.jpg,/uploads/person/layman 1165.jpg,/uploads/person/layman 1165_thumb.jpg,1165,,1,2,2016-03-31 16:47:08,2,2016-03-31 17:14:01,
1679,13544,woman 1148.jpg,woman 1148_thumb.jpg,/uploads/person/woman 1148.jpg,/uploads/person/woman 1148_thumb.jpg,1148,,1,2,2016-04-01 16:20:41,,,
1680,6567,1164 good doctor.jpg,1164 good doctor_thumb.jpg,/uploads/person/1164 good doctor.jpg,/uploads/person/1164 good doctor_thumb.jpg,1164,,1,2,2016-04-06 16:48:06,,,
1682,6568,1164 good doctor.jpg,1164 good doctor_thumb.jpg,/uploads/person/1164 good doctor.jpg,/uploads/person/1164 good doctor_thumb.jpg,1164,,1,2,2016-04-07 13:50:51,,,
1683,6892,1164 good doctor.jpg,1164 good doctor_thumb.jpg,/uploads/person/1164 good doctor.jpg,/uploads/person/1164 good doctor_thumb.jpg,1164,,1,2,2016-04-07 14:17:27,,,
1684,4301,Mail Attachment.jpg,Mail Attachment_thumb.jpg,/uploads/person/Mail Attachment.jpg,/uploads/person/Mail Attachment_thumb.jpg,,,1,2,2016-04-08 13:50:22,,,
1685,13545,RInchen2_5-1.jpg,RInchen2_5-1_thumb.jpg,/uploads/person/RInchen2_5-1.jpg,/uploads/person/RInchen2_5-1_thumb.jpg,,Wisdom Publications,1,2,2016-04-15 13:25:31,343,2016-04-18 13:08:04,
1686,13546,Lo Gendun (1).jpg,Lo Gendun (1)_thumb.jpg,/uploads/person/Lo Gendun (1).jpg,/uploads/person/Lo Gendun (1)_thumb.jpg,,,1,2,2016-04-15 13:41:00,,,
1687,13547,monk 1166.jpg,monk 1166_thumb.jpg,/uploads/person/monk 1166.jpg,/uploads/person/monk 1166_thumb.jpg,1166,,1,2,2016-04-15 13:55:35,,,
1688,6333,1164 king.jpg,1164 king_thumb.jpg,/uploads/person/1164 king.jpg,/uploads/person/1164 king_thumb.jpg,1164,,1,2,2016-04-15 14:17:16,,,
1689,6332,1164 king.jpg,1164 king_thumb.jpg,/uploads/person/1164 king.jpg,/uploads/person/1164 king_thumb.jpg,1164,,1,2,2016-04-15 14:45:08,,,
1690,13545,R Sadutshang.jpg,R Sadutshang_thumb.jpg,/uploads/person/R Sadutshang.jpg,/uploads/person/R Sadutshang_thumb.jpg,,Wisdom Publications,0,343,2016-04-18 13:07:23,343,2016-04-18 13:22:36,
1691,13545,UN Delegation pic.jpg,UN Delegation pic_thumb.jpg,/uploads/person/UN Delegation pic.jpg,/uploads/person/UN Delegation pic_thumb.jpg,,Wisdom Publications,0,343,2016-04-18 13:07:38,343,2016-04-18 13:08:28,
1693,13523,delegation2.jpg,delegation2_thumb.jpg,/uploads/person/delegation2.jpg,/uploads/person/delegation2_thumb.jpg,,,0,343,2016-04-21 15:47:48,,,
1695,6353,monk 1166.jpg,monk 1166_thumb.jpg,/uploads/person/monk 1166.jpg,/uploads/person/monk 1166_thumb.jpg,1166,,1,2,2016-04-22 12:20:02,,,
1696,8474,woman 1148.jpg,woman 1148_thumb.jpg,/uploads/person/woman 1148.jpg,/uploads/person/woman 1148_thumb.jpg,1148,,1,2,2016-04-22 12:40:44,,,
1699,13549,LoNyendrakS.jpg,LoNyendrakS_thumb.jpg,/uploads/person/LoNyendrakS.jpg,/uploads/person/LoNyendrakS_thumb.jpg,,,1,2,2016-04-22 15:57:09,,,
1700,13548,SadutshangFamily.jpg,SadutshangFamily_thumb.jpg,/uploads/person/SadutshangFamily.jpg,/uploads/person/SadutshangFamily_thumb.jpg,,,1,2,2016-04-22 15:58:44,,,
1701,13549,SadutshangFamily.jpeg,SadutshangFamily_thumb.jpeg,/uploads/person/SadutshangFamily.jpeg,/uploads/person/SadutshangFamily_thumb.jpeg,,,0,343,2016-04-25 18:17:57,,,
1702,13546,Lo Gendun Sadutshang.jpeg,Lo Gendun Sadutshang_thumb.jpeg,/uploads/person/Lo Gendun Sadutshang.jpeg,/uploads/person/Lo Gendun Sadutshang_thumb.jpeg,,,0,343,2016-04-25 18:33:54,,,
1703,11246,monk 1166.jpg,monk 1166_thumb.jpg,/uploads/person/monk 1166.jpg,/uploads/person/monk 1166_thumb.jpg,1166,,1,2,2016-05-04 12:17:52,,,
1704,11245,monk 1206.jpg,monk 1206_thumb.jpg,/uploads/person/monk 1206.jpg,/uploads/person/monk 1206_thumb.jpg,1206,,1,2,2016-05-04 14:33:24,,,
1705,11279,monk 1166.jpg,monk 1166_thumb.jpg,/uploads/person/monk 1166.jpg,/uploads/person/monk 1166_thumb.jpg,1166,,1,2,2016-05-04 14:41:56,,,
1706,8892,monk 1206.jpg,monk 1206_thumb.jpg,/uploads/person/monk 1206.jpg,/uploads/person/monk 1206_thumb.jpg,1206,,1,2,2016-05-04 14:52:19,,,
1707,11277,monk 1206.jpg,monk 1206_thumb.jpg,/uploads/person/monk 1206.jpg,/uploads/person/monk 1206_thumb.jpg,1206,,1,2,2016-05-04 16:32:52,,,
1708,13550,layman 1147.jpg,layman 1147_thumb.jpg,/uploads/person/layman 1147.jpg,/uploads/person/layman 1147_thumb.jpg,1147,,1,2,2016-05-13 15:22:14,,,
1709,11278,monk 1166.jpg,monk 1166_thumb.jpg,/uploads/person/monk 1166.jpg,/uploads/person/monk 1166_thumb.jpg,1166,,1,2,2016-05-13 15:32:36,,,
1710,3109,1164 good doctor.jpg,1164 good doctor_thumb.jpg,/uploads/person/1164 good doctor.jpg,/uploads/person/1164 good doctor_thumb.jpg,1164,,1,2,2016-05-13 15:40:31,,,
1711,5331,1164 good doctor.jpg,1164 good doctor_thumb.jpg,/uploads/person/1164 good doctor.jpg,/uploads/person/1164 good doctor_thumb.jpg,1164,,1,2,2016-05-13 15:52:19,,,
1712,2973,khyunggo tsel detail 200015.jpg,khyunggo tsel detail 200015_thumb.jpg,/uploads/person/khyunggo tsel detail 200015.jpg,/uploads/person/khyunggo tsel detail 200015_thumb.jpg,200015,,1,2,2016-05-20 10:25:35,,,
1713,2973,khyungpo tsel 65401.jpg,khyungpo tsel 65401_thumb.jpg,/uploads/person/khyungpo tsel 65401.jpg,/uploads/person/khyungpo tsel 65401_thumb.jpg,65401,,0,2,2016-05-20 10:26:24,,,
1714,13558,official 1166.jpg,official 1166_thumb.jpg,/uploads/person/official 1166.jpg,/uploads/person/official 1166_thumb.jpg,1166,,1,2,2016-05-20 10:43:35,,,
1715,12865,official 1166 standing.jpg,official 1166 standing_thumb.jpg,/uploads/person/official 1166 standing.jpg,/uploads/person/official 1166 standing_thumb.jpg,1166,,1,2,2016-05-20 11:21:59,,,
1716,8754,monk 1166.jpg,monk 1166_thumb.jpg,/uploads/person/monk 1166.jpg,/uploads/person/monk 1166_thumb.jpg,1166,,1,2,2016-05-20 12:38:22,,,
1717,13559,layman 1147.jpg,layman 1147_thumb.jpg,/uploads/person/layman 1147.jpg,/uploads/person/layman 1147_thumb.jpg,1147,,1,2,2016-05-26 11:48:34,,,
1718,13560,layman 1166.jpg,layman 1166_thumb.jpg,/uploads/person/layman 1166.jpg,/uploads/person/layman 1166_thumb.jpg,1166,,1,2,2016-05-26 16:11:37,,,
1719,5641,1164 good doctor.jpg,1164 good doctor_thumb.jpg,/uploads/person/1164 good doctor.jpg,/uploads/person/1164 good doctor_thumb.jpg,1164,,1,2,2016-05-26 16:53:37,2,2016-05-26 16:53:43,
1720,13561,layman 1165.jpg,layman 1165_thumb.jpg,/uploads/person/layman 1165.jpg,/uploads/person/layman 1165_thumb.jpg,1165,,1,2,2016-05-26 17:16:26,,,
1721,13562,layman 1166.jpg,layman 1166_thumb.jpg,/uploads/person/layman 1166.jpg,/uploads/person/layman 1166_thumb.jpg,1166,,1,2,2016-05-26 17:52:06,,,
1722,13563,layman 1166.jpg,layman 1166_thumb.jpg,/uploads/person/layman 1166.jpg,/uploads/person/layman 1166_thumb.jpg,1166,,1,2,2016-06-02 11:59:02,,,
1723,13564,layman 1165.jpg,layman 1165_thumb.jpg,/uploads/person/layman 1165.jpg,/uploads/person/layman 1165_thumb.jpg,1165,,1,2,2016-06-02 12:51:57,,,
1724,7462,1164 good doctor.jpg,1164 good doctor_thumb.jpg,/uploads/person/1164 good doctor.jpg,/uploads/person/1164 good doctor_thumb.jpg,1164,,1,2,2016-06-02 13:59:56,,,
1725,7521,1164 good doctor.jpg,1164 good doctor_thumb.jpg,/uploads/person/1164 good doctor.jpg,/uploads/person/1164 good doctor_thumb.jpg,1164,,1,2,2016-06-02 14:12:55,,,
1726,276,5_lhagyari_trichen_namgyal_gyatso.jpg,5_lhagyari_trichen_namgyal_gyatso_thumb.jpg,/uploads/person/5_lhagyari_trichen_namgyal_gyatso.jpg,/uploads/person/5_lhagyari_trichen_namgyal_gyatso_thumb.jpg,,,0,2,2016-06-03 11:45:15,,,
1728,2665,tsuklak-gyatso-crop.jpg,tsuklak-gyatso-crop_thumb.jpg,/uploads/person/tsuklak-gyatso-crop.jpg,/uploads/person/tsuklak-gyatso-crop_thumb.jpg,825,,1,342,2016-06-03 11:59:31,,,
1730,276,LhagyariNamgyelGyatsoandwife.jpeg,LhagyariNamgyelGyatsoandwife_thumb.jpeg,/uploads/person/LhagyariNamgyelGyatsoandwife.jpeg,/uploads/person/LhagyariNamgyelGyatsoandwife_thumb.jpeg,,,0,343,2016-06-03 12:50:07,,,
1731,276,LhagyariNamgyelGyatso.jpg,LhagyariNamgyelGyatso_thumb.jpg,/uploads/person/LhagyariNamgyelGyatso.jpg,/uploads/person/LhagyariNamgyelGyatso_thumb.jpg,,,0,343,2016-06-03 12:51:57,,,
1732,2810,sakyasribhadra-small.jpg,sakyasribhadra-small_thumb.jpg,/uploads/person/sakyasribhadra-small.jpg,/uploads/person/sakyasribhadra-small_thumb.jpg,,,0,342,2016-06-03 12:53:23,,,
1733,9572,1164 repa.jpg,1164 repa_thumb.jpg,/uploads/person/1164 repa.jpg,/uploads/person/1164 repa_thumb.jpg,1164,,1,2,2016-06-08 11:03:38,,,
1734,11796,LhagyariTsetenChodzom (1).jpg,LhagyariTsetenChodzom (1)_thumb.jpg,/uploads/person/LhagyariTsetenChodzom (1).jpg,/uploads/person/LhagyariTsetenChodzom (1)_thumb.jpg,,House of the Turquoise Roof,1,2,2016-06-10 13:33:19,,,
1735,11790,SurkhangHeadshot (1).jpg,SurkhangHeadshot (1)_thumb.jpg,/uploads/person/SurkhangHeadshot (1).jpg,/uploads/person/SurkhangHeadshot (1)_thumb.jpg,,House of the Turquoise Roof,1,2,2016-06-10 14:07:37,,,
1736,11790,SurkhangLhagyari (1).jpg,SurkhangLhagyari (1)_thumb.jpg,/uploads/person/SurkhangLhagyari (1).jpg,/uploads/person/SurkhangLhagyari (1)_thumb.jpg,,House of the Turquoise Roof,0,2,2016-06-10 14:07:46,,,
1737,4177,1164 good doctor.jpg,1164 good doctor_thumb.jpg,/uploads/person/1164 good doctor.jpg,/uploads/person/1164 good doctor_thumb.jpg,1164,,1,2,2016-06-10 15:54:38,,,
1739,8753,monk 1166.jpg,monk 1166_thumb.jpg,/uploads/person/monk 1166.jpg,/uploads/person/monk 1166_thumb.jpg,1166,,1,2,2016-06-13 16:25:07,2,2016-06-14 12:51:55,
1740,2987,Kun grol of Alex.jpg,Kun grol of Alex_thumb.jpg,/uploads/person/Kun grol of Alex.jpg,/uploads/person/Kun grol of Alex_thumb.jpg,,S.G. Karmay,1,2,2016-06-14 15:02:52,2,2016-06-14 16:16:17,
1741,6395,woman 1148.jpg,woman 1148_thumb.jpg,/uploads/person/woman 1148.jpg,/uploads/person/woman 1148_thumb.jpg,1148,,1,2,2016-06-15 12:46:57,,,
1742,5313,1164 good doctor.jpg,1164 good doctor_thumb.jpg,/uploads/person/1164 good doctor.jpg,/uploads/person/1164 good doctor_thumb.jpg,1164,,1,2,2016-06-15 12:57:11,,,
1743,276,LhagyariNamgyelGyatso1.jpg,LhagyariNamgyelGyatso1_thumb.jpg,/uploads/person/LhagyariNamgyelGyatso1.jpg,/uploads/person/LhagyariNamgyelGyatso1_thumb.jpg,,Lhagyari family,1,343,2016-06-16 15:57:38,343,2016-06-16 16:05:47,
1744,2434,1164 good doctor.jpg,1164 good doctor_thumb.jpg,/uploads/person/1164 good doctor.jpg,/uploads/person/1164 good doctor_thumb.jpg,1164,,1,2,2016-06-24 11:43:18,,,
1745,2427,1164 good doctor.jpg,1164 good doctor_thumb.jpg,/uploads/person/1164 good doctor.jpg,/uploads/person/1164 good doctor_thumb.jpg,1164,,1,2,2016-06-24 12:13:15,,,
1746,5985,1164 good doctor.jpg,1164 good doctor_thumb.jpg,/uploads/person/1164 good doctor.jpg,/uploads/person/1164 good doctor_thumb.jpg,1164,,1,2,2016-06-24 13:34:26,2,2016-06-24 13:34:30,
1747,6779,1164 good doctor.jpg,1164 good doctor_thumb.jpg,/uploads/person/1164 good doctor.jpg,/uploads/person/1164 good doctor_thumb.jpg,1164,,1,2,2016-06-24 13:57:53,,,
1748,6801,1164 good doctor.jpg,1164 good doctor_thumb.jpg,/uploads/person/1164 good doctor.jpg,/uploads/person/1164 good doctor_thumb.jpg,1164,,1,2,2016-07-01 12:03:53,,,
1749,6982,1164 good doctor.jpg,1164 good doctor_thumb.jpg,/uploads/person/1164 good doctor.jpg,/uploads/person/1164 good doctor_thumb.jpg,1164,,1,2,2016-07-01 12:25:00,,,
1752,8126,situ 09 65861.jpg,situ 09 65861_thumb.jpg,/uploads/person/situ 09 65861.jpg,/uploads/person/situ 09 65861_thumb.jpg,65861,,0,2,2016-07-20 16:17:01,,,
1754,7641,DSC_1090 (1).jpg,DSC_1090 (1)_thumb.jpg,/uploads/person/DSC_1090 (1).jpg,/uploads/person/DSC_1090 (1)_thumb.jpg,,Xavier Hazenbosch,1,2,2016-08-17 15:15:17,,,
1755,13572,DSC_1090 (1).jpg,DSC_1090 (1)_thumb.jpg,/uploads/person/DSC_1090 (1).jpg,/uploads/person/DSC_1090 (1)_thumb.jpg,,Xavier Hazenbosch,1,2,2016-08-17 15:15:58,,,
1756,13574,200005Bonstupa.jpg,200005Bonstupa_thumb.jpg,/uploads/person/200005Bonstupa.jpg,/uploads/person/200005Bonstupa_thumb.jpg,200005,,1,2,2016-09-15 15:11:19,,,
1757,8757,monk 1166.jpg,monk 1166_thumb.jpg,/uploads/person/monk 1166.jpg,/uploads/person/monk 1166_thumb.jpg,1166,,1,2,2016-09-23 13:00:46,,,
1758,10093,BodpaTulkuCOLOR (2).jpg,BodpaTulkuCOLOR (2)_thumb.jpg,/uploads/person/BodpaTulkuCOLOR (2).jpg,/uploads/person/BodpaTulkuCOLOR (2)_thumb.jpg,,Douglas Duckworth,1,2,2016-10-18 10:58:01,,,
1759,13583,TsarongDundulNamgyal (1).jpeg,TsarongDundulNamgyal (1)_thumb.jpeg,/uploads/person/TsarongDundulNamgyal (1).jpeg,/uploads/person/TsarongDundulNamgyal (1)_thumb.jpeg,,Snow Lion Publications,1,2,2016-10-19 15:54:57,,,
1761,7162,Агваанхайдүв (1).jpg,Агваанхайдүв (1)_thumb.jpg,/uploads/person/Агваанхайдүв (1).jpg,/uploads/person/Агваанхайдүв (1)_thumb.jpg,,G. Purevbat,1,2,2016-11-04 11:29:00,,,
1762,11285,monk 1166.jpg,monk 1166_thumb.jpg,/uploads/person/monk 1166.jpg,/uploads/person/monk 1166_thumb.jpg,1166,,1,2,2016-11-08 14:49:09,,,
1763,13588,hutagt2.jpg,hutagt2_thumb.jpg,/uploads/person/hutagt2.jpg,/uploads/person/hutagt2_thumb.jpg,,,1,2,2016-11-29 11:27:54,,,
1764,9305,Tsarong.jpeg,Tsarong_thumb.jpeg,/uploads/person/Tsarong.jpeg,/uploads/person/Tsarong_thumb.jpeg,,Wisdom Publications,1,343,2016-12-28 12:25:26,343,2016-12-28 12:28:44,
1766,10018,Second Penor.jpg,Second Penor_thumb.jpg,/uploads/person/Second Penor.jpg,/uploads/person/Second Penor_thumb.jpg,,Rigpawiki,1,2,2017-01-18 13:35:42,,,
1767,8202,Shantarakshita HAR188.jpg,Shantarakshita HAR188_thumb.jpg,/uploads/person/Shantarakshita HAR188.jpg,/uploads/person/Shantarakshita HAR188_thumb.jpg,188,,1,2,2017-02-08 9:32:29,,,
1768,10467,Tri Songdetsen HAR188.jpg,Tri Songdetsen HAR188_thumb.jpg,/uploads/person/Tri Songdetsen HAR188.jpg,/uploads/person/Tri Songdetsen HAR188_thumb.jpg,188,,1,2,2017-02-08 9:32:54,,,
1769,10546,monk 1206.jpg,monk 1206_thumb.jpg,/uploads/person/monk 1206.jpg,/uploads/person/monk 1206_thumb.jpg,1206,,1,2,2017-03-07 16:48:42,,,
1770,10561,har200005.jpg,har200005_thumb.jpg,/uploads/person/har200005.jpg,/uploads/person/har200005_thumb.jpg,200005,,1,2,2017-06-01 9:11:42,,,
1771,10579,2017-05-29 11-51.jpg,2017-05-29 11-51_thumb.jpg,/uploads/person/2017-05-29 11-51.jpg,/uploads/person/2017-05-29 11-51_thumb.jpg,,,1,2,2017-06-23 10:55:55,,,
1772,8472,Dungtso Repa Chima.jpg,Dungtso Repa Chima_thumb.jpg,/uploads/person/Dungtso Repa Chima.jpg,/uploads/person/Dungtso Repa Chima_thumb.jpg,,Yangti Nagpo published by Damchoe Sangpo in 1975,1,2,2017-06-28 9:59:18,,,
1773,10168,Khedrup-Norsang-Gyatso.jpg,Khedrup-Norsang-Gyatso_thumb.jpg,/uploads/person/Khedrup-Norsang-Gyatso.jpg,/uploads/person/Khedrup-Norsang-Gyatso_thumb.jpg,,http://www.wisdompubs.org/author/khedrup-norsang-g,1,2,2017-07-12 3:07:21,,,
1774,5803,71925.jpg,71925_thumb.jpg,/uploads/person/71925.jpg,/uploads/person/71925_thumb.jpg,71925,"Tibet House, New Delhi",1,2,2017-07-31 9:17:15,,,
1775,5803,94286.jpg,94286_thumb.jpg,/uploads/person/94286.jpg,/uploads/person/94286_thumb.jpg,94286,American Museum of Natural History,0,2,2017-07-31 9:19:17,,,
1776,5803,80377.jpg,80377_thumb.jpg,/uploads/person/80377.jpg,/uploads/person/80377_thumb.jpg,80377,,0,2,2017-07-31 9:19:55,,,
1777,10536,Stagtshang_Raspa.jpg,Stagtshang_Raspa_thumb.jpg,/uploads/person/Stagtshang_Raspa.jpg,/uploads/person/Stagtshang_Raspa_thumb.jpg,,Wikimedia Commons,1,342,2017-09-13 11:39:53,,,
1778,7326,Arhat2.jpg,Arhat2_thumb.jpg,/uploads/person/Arhat2.jpg,/uploads/person/Arhat2_thumb.jpg,,,1,2,2017-09-14 9:33:18,,,
1779,2854,Screen Shot 2017-09-14 at 1.41.17 PM.jpg,Screen Shot 2017-09-14 at 1.41.17 PM_thumb.jpg,/uploads/person/Screen Shot 2017-09-14 at 1.41.17 PM.jpg,/uploads/person/Screen Shot 2017-09-14 at 1.41.17 PM_thumb.jpg,50226,,1,2,2017-09-14 14:31:28,,,
1780,6874,105542771.iP16WIeC.TibetOct08065 (1).jpg,105542771.iP16WIeC.TibetOct08065 (1)_thumb.jpg,/uploads/person/105542771.iP16WIeC.TibetOct08065 (1).jpg,/uploads/person/105542771.iP16WIeC.TibetOct08065 (1)_thumb.jpg,,Jokhang Monastery,1,2,2017-09-18 9:33:25,,,
1781,6874,105542771.iP16WIeC.TibetOct08065.jpg,105542771.iP16WIeC.TibetOct08065_thumb.jpg,/uploads/person/105542771.iP16WIeC.TibetOct08065.jpg,/uploads/person/105542771.iP16WIeC.TibetOct08065_thumb.jpg,,Jokhang Monastery,0,2,2017-09-18 9:33:44,,,
1784,6874,Depa_Sonam_Rapten_and_Gushri_Khan.jpg,Depa_Sonam_Rapten_and_Gushri_Khan_thumb.jpg,/uploads/person/Depa_Sonam_Rapten_and_Gushri_Khan.jpg,/uploads/person/Depa_Sonam_Rapten_and_Gushri_Khan_thumb.jpg,,Potala Palace,0,2,2017-09-19 9:14:04,,,
1786,7732,Dola_Jigme_Kalzang.jpg,Dola_Jigme_Kalzang_thumb.jpg,/uploads/person/Dola_Jigme_Kalzang.jpg,/uploads/person/Dola_Jigme_Kalzang_thumb.jpg,,W1KG6249,1,2,2017-09-26 12:07:37,,,
1787,6351,65562.jpg,65562_thumb.jpg,/uploads/person/65562.jpg,/uploads/person/65562_thumb.jpg,65562,,1,2,2017-10-10 18:40:40,,,
1788,10480,monk 1206.jpg,monk 1206_thumb.jpg,/uploads/person/monk 1206.jpg,/uploads/person/monk 1206_thumb.jpg,1206,,1,2,2017-11-14 15:06:02,,,
1789,4000,Takphu.jpg,Takphu_thumb.jpg,/uploads/person/Takphu.jpg,/uploads/person/Takphu_thumb.jpg,,Latse Library,0,2,2017-11-22 13:25:57,2,2017-11-30 13:58:17,
1790,6470,monk 1166.jpg,monk 1166_thumb.jpg,/uploads/person/monk 1166.jpg,/uploads/person/monk 1166_thumb.jpg,p1166,,1,2,2017-11-29 15:00:45,,,
1792,2419,Screen Shot 2017-12-04 at 1.22.03 PM.jpg,Screen Shot 2017-12-04 at 1.22.03 PM_thumb.jpg,/uploads/person/Screen Shot 2017-12-04 at 1.22.03 PM.jpg,/uploads/person/Screen Shot 2017-12-04 at 1.22.03 PM_thumb.jpg,,"Latse Library Newsletter, vol. 5, page 20",1,2,2017-12-04 18:26:28,,,
1793,2419,Screen Shot 2017-12-04 at 1.22.30 PM.jpg,Screen Shot 2017-12-04 at 1.22.30 PM_thumb.jpg,/uploads/person/Screen Shot 2017-12-04 at 1.22.30 PM.jpg,/uploads/person/Screen Shot 2017-12-04 at 1.22.30 PM_thumb.jpg,,"Latse Library Newsletter, vol. 5, page 28",0,2,2017-12-04 18:26:43,,,
1794,2791,Screen Shot 2017-12-11 at 10.05.50 AM.jpg,Screen Shot 2017-12-11 at 10.05.50 AM_thumb.jpg,/uploads/person/Screen Shot 2017-12-11 at 10.05.50 AM.jpg,/uploads/person/Screen Shot 2017-12-11 at 10.05.50 AM_thumb.jpg,1206,,1,2,2017-12-11 15:07:46,,,
1796,7565,Ngadrama status of Ara Drubtob (1).jpg,Ngadrama status of Ara Drubtob (1)_thumb.jpg,/uploads/person/Ngadrama status of Ara Drubtob (1).jpg,/uploads/person/Ngadrama status of Ara Drubtob (1)_thumb.jpg,,José Cabezón,1,342,2017-12-13 17:23:42,,,
1797,7565,Sonam gyaltsen w Ara Drubtob at heart.jpg,Sonam gyaltsen w Ara Drubtob at heart_thumb.jpg,/uploads/person/Sonam gyaltsen w Ara Drubtob at heart.jpg,/uploads/person/Sonam gyaltsen w Ara Drubtob at heart_thumb.jpg,,José Cabezón,0,342,2017-12-13 17:23:54,342,2017-12-13 17:34:58,
1798,7565,Ara Stone Blessing.jpg,Ara Stone Blessing_thumb.jpg,/uploads/person/Ara Stone Blessing.jpg,/uploads/person/Ara Stone Blessing_thumb.jpg,,José Cabezón,0,342,2017-12-13 17:24:00,342,2017-12-13 17:35:07,
1799,7565,Ara Khamtsen Tibet (1).jpg,Ara Khamtsen Tibet (1)_thumb.jpg,/uploads/person/Ara Khamtsen Tibet (1).jpg,/uploads/person/Ara Khamtsen Tibet (1)_thumb.jpg,,José Cabezón,0,342,2017-12-13 17:24:08,342,2017-12-13 17:35:10,
1800,13596,Menri_Potraits-1.jpg,Menri_Potraits-1_thumb.jpg,/uploads/person/Menri_Potraits-1.jpg,/uploads/person/Menri_Potraits-1_thumb.jpg,,Samten Karmay,1,2,2017-12-14 19:46:32,,,
1801,13596,Menri Trizin and Samten Karmay.jpg,Menri Trizin and Samten Karmay_thumb.jpg,/uploads/person/Menri Trizin and Samten Karmay.jpg,/uploads/person/Menri Trizin and Samten Karmay_thumb.jpg,,Samten Karmay,0,2,2017-12-14 19:46:44,,,
1802,13596,Menri Trizin.jpg,Menri Trizin_thumb.jpg,/uploads/person/Menri Trizin.jpg,/uploads/person/Menri Trizin_thumb.jpg,,Samten Karmay,0,2,2017-12-14 19:46:53,,,
1803,1639,layman 1166.jpg,layman 1166_thumb.jpg,/uploads/person/layman 1166.jpg,/uploads/person/layman 1166_thumb.jpg,p1166,,1,2,2018-01-05 20:04:33,,,
1804,10373,Yeshe Tsogyel 633.jpg,Yeshe Tsogyel 633_thumb.jpg,/uploads/person/Yeshe Tsogyel 633.jpg,/uploads/person/Yeshe Tsogyel 633_thumb.jpg,633,,0,2,2018-01-29 14:44:38,,,
1805,13597,woman 1148.jpg,woman 1148_thumb.jpg,/uploads/person/woman 1148.jpg,/uploads/person/woman 1148_thumb.jpg,1148,,1,2,2018-02-14 15:24:17,,,
1806,9172,woman 1148.jpg,woman 1148_thumb.jpg,/uploads/person/woman 1148.jpg,/uploads/person/woman 1148_thumb.jpg,1148,,1,2,2018-02-14 15:30:06,2,2018-02-14 15:30:16,
1807,3770,woman 1148.jpg,woman 1148_thumb.jpg,/uploads/person/woman 1148.jpg,/uploads/person/woman 1148_thumb.jpg,1148,,1,2,2018-02-14 15:55:52,,,
1808,3152,Shuksep.jpg,Shuksep_thumb.jpg,/uploads/person/Shuksep.jpg,/uploads/person/Shuksep_thumb.jpg,,,1,2,2018-02-14 16:15:31,,,
1809,3152,image.jpg,image_thumb.jpg,/uploads/person/image.jpg,/uploads/person/image_thumb.jpg,,,0,2,2018-02-14 16:15:37,,,
1810,3152,Screen Shot 2018-02-14 at 11.06.26 AM.jpg,Screen Shot 2018-02-14 at 11.06.26 AM_thumb.jpg,/uploads/person/Screen Shot 2018-02-14 at 11.06.26 AM.jpg,/uploads/person/Screen Shot 2018-02-14 at 11.06.26 AM_thumb.jpg,,,0,2,2018-02-14 16:22:06,,,
1811,3152,shuksep (1).jpg,shuksep (1)_thumb.jpg,/uploads/person/shuksep (1).jpg,/uploads/person/shuksep (1)_thumb.jpg,,,0,2,2018-02-14 16:22:31,,,
1812,13598,IMG_1185 (1).jpg,IMG_1185 (1)_thumb.jpg,/uploads/person/IMG_1185 (1).jpg,/uploads/person/IMG_1185 (1)_thumb.jpg,,"Tashi Tsering, in Bodies in Balance, p. 87",1,2,2018-02-14 16:48:00,2,2018-02-14 16:50:07,
1814,2521,shar-kelden-gyatso.jpg,shar-kelden-gyatso_thumb.jpg,/uploads/person/shar-kelden-gyatso.jpg,/uploads/person/shar-kelden-gyatso_thumb.jpg,,,1,342,2018-02-28 18:02:18,,,
1816,13611,K. Dhondup.jpg,K. Dhondup_thumb.jpg,/uploads/person/K. Dhondup.jpg,/uploads/person/K. Dhondup_thumb.jpg,,Nima Bhuti,0,2,2018-03-07 17:47:37,2,2018-03-07 17:48:58,
1817,13611,K. Dhondup2.jpg,K. Dhondup2_thumb.jpg,/uploads/person/K. Dhondup2.jpg,/uploads/person/K. Dhondup2_thumb.jpg,,Nima Bhuti,1,2,2018-03-07 17:49:06,,,
1818,5644,machik-life-stories.jpg,machik-life-stories_thumb.jpg,/uploads/person/machik-life-stories.jpg,/uploads/person/machik-life-stories_thumb.jpg,349,Himalayan Art Resources,1,342,2018-03-12 18:06:31,342,2018-03-12 18:09:41,
1821,5644,machik-child.jpg,machik-child_thumb.jpg,/uploads/person/machik-child.jpg,/uploads/person/machik-child_thumb.jpg,349,Himalayan Art Resources,0,342,2018-03-12 18:33:25,,,
1822,10835,0.7 Madman of U.jpg,0.7 Madman of U_thumb.jpg,/uploads/person/0.7 Madman of U.jpg,/uploads/person/0.7 Madman of U_thumb.jpg,,NGMPP/National Archives of Nepal,0,2,2018-03-14 21:24:27,,,
1823,4000,Tagphu Pemavajra.jpg,Tagphu Pemavajra_thumb.jpg,/uploads/person/Tagphu Pemavajra.jpg,/uploads/person/Tagphu Pemavajra_thumb.jpg,,སུམ་པའི་རིག་གནས,1,2,2018-03-16 14:04:42,,,
1824,10835,dbus smyon - VFA.jpg,dbus smyon - VFA_thumb.jpg,/uploads/person/dbus smyon - VFA.jpg,/uploads/person/dbus smyon - VFA_thumb.jpg,,"Viriginia Museum of Fine Arts , 91.489",1,2,2018-03-16 14:09:53,,,
1825,13612,woman 1148.jpg,woman 1148_thumb.jpg,/uploads/person/woman 1148.jpg,/uploads/person/woman 1148_thumb.jpg,1148,,1,2,2018-03-26 15:19:21,,,
1826,13613,woman 1148.jpg,woman 1148_thumb.jpg,/uploads/person/woman 1148.jpg,/uploads/person/woman 1148_thumb.jpg,1148,,1,2,2018-03-29 13:23:15,,,
1827,13614,official 1166 standing.jpg,official 1166 standing_thumb.jpg,/uploads/person/official 1166 standing.jpg,/uploads/person/official 1166 standing_thumb.jpg,1166,,1,2,2018-04-04 21:14:40,,,
1828,13615,lady1014.jpg,lady1014_thumb.jpg,/uploads/person/lady1014.jpg,/uploads/person/lady1014_thumb.jpg,1014,,1,2,2018-04-09 13:29:30,,,
1830,2029,shongton.jpg,shongton_thumb.jpg,/uploads/person/shongton.jpg,/uploads/person/shongton_thumb.jpg,65168,,1,342,2018-05-04 17:00:08,2,2025-05-06 21:33:41,
1831,13157,image1.jpeg,image1_thumb.jpeg,/uploads/person/image1.jpeg,/uploads/person/image1_thumb.jpeg,,Dachen Kyaping,1,343,2018-05-18 15:14:15,,,
1832,3877,longdol.jpg,longdol_thumb.jpg,/uploads/person/longdol.jpg,/uploads/person/longdol_thumb.jpg,72097,Tibet House Delhi,1,342,2018-06-11 1:56:06,,,
1838,6009,AthanasiiKircheriChinamonumentis1667.jpg,AthanasiiKircheriChinamonumentis1667_thumb.jpg,/uploads/person/AthanasiiKircheriChinamonumentis1667.jpg,/uploads/person/AthanasiiKircheriChinamonumentis1667_thumb.jpg,,"Kircher, China Illustrata",0,2,2018-06-18 14:30:37,,,
1839,6009,Jaisang Depa from China Illustrata.jpg,Jaisang Depa from China Illustrata_thumb.jpg,/uploads/person/Jaisang Depa from China Illustrata.jpg,/uploads/person/Jaisang Depa from China Illustrata_thumb.jpg,,,1,2,2018-06-18 17:23:25,,,
1840,8612,zongrinpoche05.jpg,zongrinpoche05_thumb.jpg,/uploads/person/zongrinpoche05.jpg,/uploads/person/zongrinpoche05_thumb.jpg,,tsemrinpoche.com,1,2,2018-06-18 17:49:46,,,
1841,13617,taken from W3PD247.jpg,taken from W3PD247_thumb.jpg,/uploads/person/taken from W3PD247.jpg,/uploads/person/taken from W3PD247_thumb.jpg,,Collected Works of of Sprul sku tshul lo,1,2,2018-07-03 14:07:52,,,
1842,11056,Yeshe O.jpg,Yeshe O_thumb.jpg,/uploads/person/Yeshe O.jpg,/uploads/person/Yeshe O_thumb.jpg,,http://rywiki.tsadra.org/index.php/File:Lha_Lama_Y,1,2,2018-07-12 20:04:25,,,
1843,9361,7 (1).jpg,7 (1)_thumb.jpg,/uploads/person/7 (1).jpg,/uploads/person/7 (1)_thumb.jpg,,,1,2,2018-07-26 15:15:08,,,
1844,8177,fullsizeoutput_2ad.jpeg,fullsizeoutput_2ad_thumb.jpeg,/uploads/person/fullsizeoutput_2ad.jpeg,/uploads/person/fullsizeoutput_2ad_thumb.jpeg,,Stéphane Arguillère,0,2,2018-09-12 19:17:53,,,
1845,6351,Shakya_Chokden5.jpeg,Shakya_Chokden5_thumb.jpeg,/uploads/person/Shakya_Chokden5.jpeg,/uploads/person/Shakya_Chokden5_thumb.jpeg,,Professor Yaroslav Komarovski,0,342,2018-10-01 13:33:48,342,2018-10-01 13:33:55,
1847,4358,Kongtrul HAR9.jpg,Kongtrul HAR9_thumb.jpg,/uploads/person/Kongtrul HAR9.jpg,/uploads/person/Kongtrul HAR9_thumb.jpg,9,,0,2,2018-10-30 12:47:47,,,
1848,7113,monk 1206.jpg,monk 1206_thumb.jpg,/uploads/person/monk 1206.jpg,/uploads/person/monk 1206_thumb.jpg,1206,,1,2,2018-11-16 21:20:51,,,
1849,5693,Umapa-Pawo-Dorje.jpg,Umapa-Pawo-Dorje_thumb.jpg,/uploads/person/Umapa-Pawo-Dorje.jpg,/uploads/person/Umapa-Pawo-Dorje_thumb.jpg,309,,1,342,2018-12-11 16:45:24,342,2018-12-11 17:46:31,
1850,6275,monk 1206.jpg,monk 1206_thumb.jpg,/uploads/person/monk 1206.jpg,/uploads/person/monk 1206_thumb.jpg,1206,,1,2,2018-12-18 15:11:06,,,
1851,10811,WENCHENG 20505.jpg,WENCHENG 20505_thumb.jpg,/uploads/person/WENCHENG 20505.jpg,/uploads/person/WENCHENG 20505_thumb.jpg,20505,,1,2,2019-01-16 19:12:29,2,2023-01-16 14:07:51,
1852,10811,WENCHENG.jpg,WENCHENG_thumb.jpg,/uploads/person/WENCHENG.jpg,/uploads/person/WENCHENG_thumb.jpg,,"Ernst Stavro Blofeld, http://en.wikipedia.org/wiki",0,2,2019-01-16 19:12:47,,,
1853,10811,demoness.jpg,demoness_thumb.jpg,/uploads/person/demoness.jpg,/uploads/person/demoness_thumb.jpg,65719,,0,2,2019-01-16 19:30:42,342,2019-01-16 19:49:36,
1854,4086,8202.jpg,8202_thumb.jpg,/uploads/person/8202.jpg,/uploads/person/8202_thumb.jpg,8202,Jeff Watt,1,2,2019-01-23 20:58:04,,,
1855,9753,Shar-Kelden.jpg,Shar-Kelden_thumb.jpg,/uploads/person/Shar-Kelden.jpg,/uploads/person/Shar-Kelden_thumb.jpg,8310,,1,342,2019-01-29 19:55:09,342,2019-01-29 19:59:30,
1856,6493,Rongwo-Drubchen-02.jpg,Rongwo-Drubchen-02_thumb.jpg,/uploads/person/Rongwo-Drubchen-02.jpg,/uploads/person/Rongwo-Drubchen-02_thumb.jpg,8079,,0,342,2019-01-29 20:30:21,,,
1857,6493,rongwo-drubchen-profile.jpg,rongwo-drubchen-profile_thumb.jpg,/uploads/person/rongwo-drubchen-profile.jpg,/uploads/person/rongwo-drubchen-profile_thumb.jpg,8079,,1,342,2019-01-29 20:32:27,,,
1858,10280,79610.jpg,79610_thumb.jpg,/uploads/person/79610.jpg,/uploads/person/79610_thumb.jpg,79610,,0,2,2019-02-13 15:39:44,2,2019-02-13 19:09:45,
1859,10280,81056.jpg,81056_thumb.jpg,/uploads/person/81056.jpg,/uploads/person/81056_thumb.jpg,81056,,1,2,2019-02-13 19:10:05,,,
1860,10280,53050552.jpg,53050552_thumb.jpg,/uploads/person/53050552.jpg,/uploads/person/53050552_thumb.jpg,53050552,Shechen Archives,0,2,2019-02-13 19:10:27,,,
1861,5527,monk 1206.jpg,monk 1206_thumb.jpg,/uploads/person/monk 1206.jpg,/uploads/person/monk 1206_thumb.jpg,1206,,1,2,2019-03-27 16:38:26,,,
1863,9585,khenpoLhagyal.jpg,khenpoLhagyal_thumb.jpg,/uploads/person/khenpoLhagyal.jpg,/uploads/person/khenpoLhagyal_thumb.jpg,,https://catalog.orgyenkhamdroling.org/lineage/24#2,1,342,2019-05-13 15:00:15,,,
1864,2948,Tuwa woodblocks by Nicole Willock.jpeg,Tuwa woodblocks by Nicole Willock_thumb.jpeg,/uploads/person/Tuwa woodblocks by Nicole Willock.jpeg,/uploads/person/Tuwa woodblocks by Nicole Willock_thumb.jpeg,,Nicole Willock,0,2,2019-05-14 15:19:37,,,
1865,5693,umapa.jpg,umapa_thumb.jpg,/uploads/person/umapa.jpg,/uploads/person/umapa_thumb.jpg,38,,0,342,2019-06-26 14:39:06,,,
1866,9945,Choying-Khyabdel.jpg,Choying-Khyabdel_thumb.jpg,/uploads/person/Choying-Khyabdel.jpg,/uploads/person/Choying-Khyabdel_thumb.jpg,,Thinley Dorje Lama,1,342,2019-07-30 16:28:52,,,
1867,9945,Choying-Khyabdel-statue.jpg,Choying-Khyabdel-statue_thumb.jpg,/uploads/person/Choying-Khyabdel-statue.jpg,/uploads/person/Choying-Khyabdel-statue_thumb.jpg,,Thinley Dorje Lama,0,342,2019-07-30 16:41:47,,,
1868,9945,chokyab-settlement.jpg,chokyab-settlement_thumb.jpg,/uploads/person/chokyab-settlement.jpg,/uploads/person/chokyab-settlement_thumb.jpg,,Thinley Dorje Lama,0,342,2019-07-30 16:55:07,,,
1869,11741,Screen Shot 2019-07-30 at 3.52.16 PM.jpeg,Screen Shot 2019-07-30 at 3.52.16 PM_thumb.jpeg,/uploads/person/Screen Shot 2019-07-30 at 3.52.16 PM.jpeg,/uploads/person/Screen Shot 2019-07-30 at 3.52.16 PM_thumb.jpeg,,"Kailash vol 1, no. 1, facing page 14",0,2,2019-07-30 19:54:45,2,2019-07-30 19:56:23,
1871,11741,Khenchen-Dazer-3.jpg,Khenchen-Dazer-3_thumb.jpg,/uploads/person/Khenchen-Dazer-3.jpg,/uploads/person/Khenchen-Dazer-3_thumb.jpg,,Thinley Dorje Lama,1,342,2019-07-31 13:46:04,342,2019-07-31 17:18:04,
1872,11741,Khenchen-Dazer-2.jpg,Khenchen-Dazer-2_thumb.jpg,/uploads/person/Khenchen-Dazer-2.jpg,/uploads/person/Khenchen-Dazer-2_thumb.jpg,,Thinley Dorje Lama,0,342,2019-07-31 13:46:17,,,
1873,23,Ratnakara.jpg,Ratnakara_thumb.jpg,/uploads/person/Ratnakara.jpg,/uploads/person/Ratnakara_thumb.jpg,,,1,2,2019-08-09 16:21:04,2,2019-08-09 16:21:10,
1874,9574,Drime Kunga_Larger.jpg,Drime Kunga_Larger_thumb.jpg,/uploads/person/Drime Kunga_Larger.jpg,/uploads/person/Drime Kunga_Larger_thumb.jpg,,"Rnying ma rgyud 'bum, vol. 30, f. 3",1,2,2019-08-27 18:52:05,,,
1875,6678,translator-1 copy.jpg,translator-1 copy_thumb.jpg,/uploads/person/translator-1 copy.jpg,/uploads/person/translator-1 copy_thumb.jpg,,,1,343,2019-11-06 21:51:47,,,
1876,10908,translator.jpg,translator_thumb.jpg,/uploads/person/translator.jpg,/uploads/person/translator_thumb.jpg,,,1,2,2019-11-07 16:58:10,2,2019-11-07 17:11:18,
1877,10900,translator.jpg,translator_thumb.jpg,/uploads/person/translator.jpg,/uploads/person/translator_thumb.jpg,,,1,2,2019-11-08 16:55:26,,,
1878,10911,translator.jpg,translator_thumb.jpg,/uploads/person/translator.jpg,/uploads/person/translator_thumb.jpg,,,1,2,2019-11-08 20:16:11,,,
1879,10970,translator.jpg,translator_thumb.jpg,/uploads/person/translator.jpg,/uploads/person/translator_thumb.jpg,,,1,2,2019-11-15 17:01:21,,,
1880,10980,translator.jpg,translator_thumb.jpg,/uploads/person/translator.jpg,/uploads/person/translator_thumb.jpg,,,1,2,2019-11-20 17:28:53,,,
1881,10961,ImageService.jpg,ImageService_thumb.jpg,/uploads/person/ImageService.jpg,/uploads/person/ImageService_thumb.jpg,,"BDRC W1PD137842, page 7",1,2,2019-11-20 20:46:51,,,
1882,13627,translator.jpg,translator_thumb.jpg,/uploads/person/translator.jpg,/uploads/person/translator_thumb.jpg,,,1,2,2019-11-21 17:50:12,,,
1883,10981,translator.jpg,translator_thumb.jpg,/uploads/person/translator.jpg,/uploads/person/translator_thumb.jpg,,,1,2,2019-11-22 18:19:18,,,
1884,13631,translator.jpg,translator_thumb.jpg,/uploads/person/translator.jpg,/uploads/person/translator_thumb.jpg,,,1,2,2019-11-25 14:14:25,,,
1885,10982,translator.jpg,translator_thumb.jpg,/uploads/person/translator.jpg,/uploads/person/translator_thumb.jpg,,,1,2,2019-11-25 16:42:47,,,
1886,13628,Lobsang-Lhalungpa.jpg,Lobsang-Lhalungpa_thumb.jpg,/uploads/person/Lobsang-Lhalungpa.jpg,/uploads/person/Lobsang-Lhalungpa_thumb.jpg,,,1,342,2019-12-04 18:20:56,,,
1887,13628,lobsang-diki-lhalungpa-all-India-radio.jpg,lobsang-diki-lhalungpa-all-India-radio_thumb.jpg,/uploads/person/lobsang-diki-lhalungpa-all-India-radio.jpg,/uploads/person/lobsang-diki-lhalungpa-all-India-radio_thumb.jpg,,,0,342,2019-12-04 18:21:11,,,
1888,13628,Dalai_Lama_visits_LOC.jpg,Dalai_Lama_visits_LOC_thumb.jpg,/uploads/person/Dalai_Lama_visits_LOC.jpg,/uploads/person/Dalai_Lama_visits_LOC_thumb.jpg,,Library of Congress Prints & Photographs Division,0,342,2019-12-04 18:21:24,342,2020-12-10 16:16:40,Fourteenth Dalai Lama visits the Library of Congress in September 1979. Lobsang Lhalungpa helped select pechas from the collection to show His Holiness during the visit.
1889,13628,Lhalungpas-Gene-Smith-Delhi.jpg,Lhalungpas-Gene-Smith-Delhi_thumb.jpg,/uploads/person/Lhalungpas-Gene-Smith-Delhi.jpg,/uploads/person/Lhalungpas-Gene-Smith-Delhi_thumb.jpg,,,0,342,2019-12-04 19:41:29,,,
1890,13628,Sakya-Settlement-Receipt.jpg,Sakya-Settlement-Receipt_thumb.jpg,/uploads/person/Sakya-Settlement-Receipt.jpg,/uploads/person/Sakya-Settlement-Receipt_thumb.jpg,,,0,342,2019-12-04 19:41:48,,,
1891,13628,Bonpo-Foundation-Receipt.jpg,Bonpo-Foundation-Receipt_thumb.jpg,/uploads/person/Bonpo-Foundation-Receipt.jpg,/uploads/person/Bonpo-Foundation-Receipt_thumb.jpg,,,0,342,2019-12-04 19:41:57,,,
1892,13628,Lhalungpas-Harold-Talbot.jpg,Lhalungpas-Harold-Talbot_thumb.jpg,/uploads/person/Lhalungpas-Harold-Talbot.jpg,/uploads/person/Lhalungpas-Harold-Talbot_thumb.jpg,,,0,342,2019-12-04 19:42:04,,,
1893,13628,StJosephs-Lhalungpa.jpg,StJosephs-Lhalungpa_thumb.jpg,/uploads/person/StJosephs-Lhalungpa.jpg,/uploads/person/StJosephs-Lhalungpa_thumb.jpg,,,0,342,2019-12-04 21:05:42,,,
1894,13628,Lhalungpa-Living-Treasure.jpg,Lhalungpa-Living-Treasure_thumb.jpg,/uploads/person/Lhalungpa-Living-Treasure.jpg,/uploads/person/Lhalungpa-Living-Treasure_thumb.jpg,,Steve Northrop. 1998. ,0,342,2019-12-09 16:41:24,,,
1895,3736,2293 Vanaratna.jpg,2293 Vanaratna_thumb.jpg,/uploads/person/2293 Vanaratna.jpg,/uploads/person/2293 Vanaratna_thumb.jpg,2293,,1,2,2019-12-10 22:06:40,,,
1896,3736,LACMA Varanata.jpg,LACMA Varanata_thumb.jpg,/uploads/person/LACMA Varanata.jpg,/uploads/person/LACMA Varanata_thumb.jpg,,LACMA (M.77.19.3),0,2,2019-12-11 2:07:19,,,
1897,13120,Drodul Dorje Tendzin.jpg,Drodul Dorje Tendzin_thumb.jpg,/uploads/person/Drodul Dorje Tendzin.jpg,/uploads/person/Drodul Dorje Tendzin_thumb.jpg,,Lam Kezang,1,2,2019-12-11 14:29:21,,,
1898,6499,"Sakya Kambum, vol. ba, fol. 409b.jpg","Sakya Kambum, vol. ba, fol. 409b_thumb.jpg","/uploads/person/Sakya Kambum, vol. ba, fol. 409b.jpg","/uploads/person/Sakya Kambum, vol. ba, fol. 409b_thumb.jpg",,,1,2,2019-12-20 20:08:21,,,
1900,10699,zhu chen ERNST COLLECTION.jpg,zhu chen ERNST COLLECTION_thumb.jpg,/uploads/person/zhu chen ERNST COLLECTION.jpg,/uploads/person/zhu chen ERNST COLLECTION_thumb.jpg,,Sotheby's,1,2,2019-12-20 20:15:59,,,
1901,3660,translator.jpg,translator_thumb.jpg,/uploads/person/translator.jpg,/uploads/person/translator_thumb.jpg,,,1,2,2020-01-06 20:31:52,,,
1902,13634,translator.jpg,translator_thumb.jpg,/uploads/person/translator.jpg,/uploads/person/translator_thumb.jpg,,,1,2,2020-01-06 20:37:09,,,
1903,10699,W23703vol213p1001.jpg,W23703vol213p1001_thumb.jpg,/uploads/person/W23703vol213p1001.jpg,/uploads/person/W23703vol213p1001_thumb.jpg,,BDRC W23703 page 1001,0,2,2020-01-06 20:49:04,,,
1904,13635,translator.jpg,translator_thumb.jpg,/uploads/person/translator.jpg,/uploads/person/translator_thumb.jpg,,,1,2,2020-01-07 16:02:05,,,
1905,13636,translator.jpg,translator_thumb.jpg,/uploads/person/translator.jpg,/uploads/person/translator_thumb.jpg,,,1,2,2020-01-07 16:59:00,,,
1906,13638,translator.jpg,translator_thumb.jpg,/uploads/person/translator.jpg,/uploads/person/translator_thumb.jpg,,,1,2,2020-01-08 14:31:28,,,
1907,13642,translator.jpg,translator_thumb.jpg,/uploads/person/translator.jpg,/uploads/person/translator_thumb.jpg,,,1,2,2020-01-08 17:21:04,,,
1908,6374,translator.jpg,translator_thumb.jpg,/uploads/person/translator.jpg,/uploads/person/translator_thumb.jpg,,,1,2,2020-01-10 17:11:03,,,
1909,4622,Jigmengotsar.jpg,Jigmengotsar_thumb.jpg,/uploads/person/Jigmengotsar.jpg,/uploads/person/Jigmengotsar_thumb.jpg,,Han Kop,1,2,2020-01-13 20:36:32,,,
1910,6733,translator.jpg,translator_thumb.jpg,/uploads/person/translator.jpg,/uploads/person/translator_thumb.jpg,,,1,2,2020-02-24 17:00:32,,,
1912,5386,Tsurton562detail.jpg,Tsurton562detail_thumb.jpg,/uploads/person/Tsurton562detail.jpg,/uploads/person/Tsurton562detail_thumb.jpg,562,,1,2,2020-02-28 20:17:16,,,
1913,5820,905 Chennga.jpg,905 Chennga_thumb.jpg,/uploads/person/905 Chennga.jpg,/uploads/person/905 Chennga_thumb.jpg,905,,1,2,2020-03-30 16:43:23,,,
1914,5820,15543 Chennga.jpg,15543 Chennga_thumb.jpg,/uploads/person/15543 Chennga.jpg,/uploads/person/15543 Chennga_thumb.jpg,15543,,0,2,2020-03-30 16:43:42,,,
1915,6441,905 Tolungpa.jpg,905 Tolungpa_thumb.jpg,/uploads/person/905 Tolungpa.jpg,/uploads/person/905 Tolungpa_thumb.jpg,905,,1,2,2020-03-30 19:02:49,,,
1916,7090,monk HAR1206.jpg,monk HAR1206_thumb.jpg,/uploads/person/monk HAR1206.jpg,/uploads/person/monk HAR1206_thumb.jpg,1206,,1,2,2020-04-10 13:30:41,,,
1917,5822,monk HAR1206.jpg,monk HAR1206_thumb.jpg,/uploads/person/monk HAR1206.jpg,/uploads/person/monk HAR1206_thumb.jpg,1206,,1,2,2020-04-10 13:32:11,,,
1918,13633,원측wikipedia.jpg,원측wikipedia_thumb.jpg,/uploads/person/원측wikipedia.jpg,/uploads/person/원측wikipedia_thumb.jpg,,,1,2,2020-04-10 13:37:29,,,
1919,1370,90907.jpg,90907_thumb.jpg,/uploads/person/90907.jpg,/uploads/person/90907_thumb.jpg,90907,,1,2,2020-05-07 13:03:50,,,
1920,11231,Young Lamas Home School.jpg,Young Lamas Home School_thumb.jpg,/uploads/person/Young Lamas Home School.jpg,/uploads/person/Young Lamas Home School_thumb.jpg,,http://blazing-splendor.blogspot.com/2005/09/young,0,2,2020-05-12 15:42:19,2,2021-01-09 17:55:30,Trungpa at the Young Lamas Home School
1922,13648,Yab Chewang 1.jpg,Yab Chewang 1_thumb.jpg,/uploads/person/Yab Chewang 1.jpg,/uploads/person/Yab Chewang 1_thumb.jpg,,Kunzang Choden Bhutia,1,2,2020-05-27 12:06:25,,,
1923,13648,Yab Chewang 2.jpg,Yab Chewang 2_thumb.jpg,/uploads/person/Yab Chewang 2.jpg,/uploads/person/Yab Chewang 2_thumb.jpg,0,0,0,2,2020-05-27 12:13:16,,,
1924,13648,Yab Chewang 2.jpg,Yab Chewang 2_thumb.jpg,/uploads/person/Yab Chewang 2.jpg,/uploads/person/Yab Chewang 2_thumb.jpg,,Kalzang Dorjee Bhutia,0,2,2020-05-27 18:15:17,,,
1925,13648,Yab Chewang 3.jpg,Yab Chewang 3_thumb.jpg,/uploads/person/Yab Chewang 3.jpg,/uploads/person/Yab Chewang 3_thumb.jpg,,Kalzang Dorjee Bhutia,0,2,2020-05-28 12:36:59,,,
1926,5312,Yutok 8099.jpg,Yutok 8099_thumb.jpg,/uploads/person/Yutok 8099.jpg,/uploads/person/Yutok 8099_thumb.jpg,8099,,0,2,2020-06-12 18:27:08,,,
1927,5312,Yutok 34042.jpg,Yutok 34042_thumb.jpg,/uploads/person/Yutok 34042.jpg,/uploads/person/Yutok 34042_thumb.jpg,34042,,0,2,2020-06-12 18:27:24,,,
1929,7473,Mongolian official 674.jpg,Mongolian official 674_thumb.jpg,/uploads/person/Mongolian official 674.jpg,/uploads/person/Mongolian official 674_thumb.jpg,674,,1,2,2020-07-08 17:03:36,,,
1930,13650,monk 1206.jpg,monk 1206_thumb.jpg,/uploads/person/monk 1206.jpg,/uploads/person/monk 1206_thumb.jpg,1206,,1,2,2020-07-13 16:17:38,,,
1933,12838,Tsembupa.jpg,Tsembupa_thumb.jpg,/uploads/person/Tsembupa.jpg,/uploads/person/Tsembupa_thumb.jpg,86433,,1,2,2020-07-20 16:35:44,,,
1936,9594,monk 1166.jpg,monk 1166_thumb.jpg,/uploads/person/monk 1166.jpg,/uploads/person/monk 1166_thumb.jpg,1166,,1,2,2020-08-04 19:52:03,,,
1937,3274,Purchok3.jpg,Purchok3_thumb.jpg,/uploads/person/Purchok3.jpg,/uploads/person/Purchok3_thumb.jpg,,Karl Ryavec,1,2,2020-08-04 19:54:18,,,
1939,13652,Bakula2.jpg,Bakula2_thumb.jpg,/uploads/person/Bakula2.jpg,/uploads/person/Bakula2_thumb.jpg,,,0,2,2020-08-11 16:38:09,,,
1943,13655,Meu Chogtse and Tsetan .jpg,Meu Chogtse and Tsetan _thumb.jpg,/uploads/person/Meu Chogtse and Tsetan .jpg,/uploads/person/Meu Chogtse and Tsetan _thumb.jpg,,,0,2,2020-08-13 20:32:55,2,2020-08-25 13:31:26,"Pelgon Trinle Rabten (left), Tseten Zhabdrung (center) and Gyarong Choktse Gyelpo (right) at the White Stupa in Beijing"
1944,13655,meugyalpo.jpg,meugyalpo_thumb.jpg,/uploads/person/meugyalpo.jpg,/uploads/person/meugyalpo_thumb.jpg,,,1,342,2020-08-19 1:07:13,,,
1946,13655,meugyalpo-DL-PL.jpg,meugyalpo-DL-PL_thumb.jpg,/uploads/person/meugyalpo-DL-PL.jpg,/uploads/person/meugyalpo-DL-PL_thumb.jpg,,,0,342,2020-08-24 17:07:25,342,2020-08-24 19:31:56,"Tenth Panchen Lama, Meu Gyelpo, Fourteenth Dalai Lama, Chone Gyelpo, Apa Alok (Left to Right)"
1947,13652,Bakula-Khambolama-Dalai Lama-UB-1979.jpg,Bakula-Khambolama-Dalai Lama-UB-1979_thumb.jpg,/uploads/person/Bakula-Khambolama-Dalai Lama-UB-1979.jpg,/uploads/person/Bakula-Khambolama-Dalai Lama-UB-1979_thumb.jpg,,Sonam Wangchuk Shakspo,0,342,2020-08-26 2:14:21,342,2020-08-26 2:24:53,"Bakula Rinpoche, Khambo Lama S. Gombojav and the Fourteenth Dalai Lama in Ulaanbaatar in 1979"
1948,13652,Bakula- Pethub-1940.jpg,Bakula- Pethub-1940_thumb.jpg,/uploads/person/Bakula- Pethub-1940.jpg,/uploads/person/Bakula- Pethub-1940_thumb.jpg,,Sonam Wangchuk Shakspo,1,342,2020-08-26 2:28:49,,,Bakula Rinpoche on the throne of Pethub Monastery in 1940 after his return from Lhasa
1949,13652,Nehru-Bakula.jpg,Nehru-Bakula_thumb.jpg,/uploads/person/Nehru-Bakula.jpg,/uploads/person/Nehru-Bakula_thumb.jpg,,Sonam Wangchuk Shakspo,0,342,2020-08-26 2:36:31,342,2020-08-26 2:43:32,Bakula Rinpoche and Pandit Nehru
1950,13652,Bakula-Rinpoche-Relics-Leh-1950.jpg,Bakula-Rinpoche-Relics-Leh-1950_thumb.jpg,/uploads/person/Bakula-Rinpoche-Relics-Leh-1950.jpg,/uploads/person/Bakula-Rinpoche-Relics-Leh-1950_thumb.jpg,,Sonam Wangchuk Shakspo,0,342,2020-08-26 2:44:37,,,"Bakula Rinpoche with relics of the Buddha in Leh, 1950"
1951,13652,bakula-leh-1989.jpg,bakula-leh-1989_thumb.jpg,/uploads/person/bakula-leh-1989.jpg,/uploads/person/bakula-leh-1989_thumb.jpg,,Sonam Wangchuk Shakspo,0,342,2020-08-26 14:30:47,,,"Bakula Rinpoche addressing a public gathering at the Polo Ground, Leh, in support of Union Territory status for Ladakh. Also pictured is Rigzing Jora, Ven. Thiksey Rinpoche and Thupstan Chhewang"
1952,13652,Bakula-Rinpoche-Panchen-Lama-Kathmandu-1986.jpg,Bakula-Rinpoche-Panchen-Lama-Kathmandu-1986_thumb.jpg,/uploads/person/Bakula-Rinpoche-Panchen-Lama-Kathmandu-1986.jpg,/uploads/person/Bakula-Rinpoche-Panchen-Lama-Kathmandu-1986_thumb.jpg,,Sonam Wangchuk Shakspo,0,342,2020-08-26 14:41:48,,,"Bakula Rinpoche with Panchen Lama in Kathmandu, 1986."
1956,7305,Phugtal_stonba lhakhang late15th_early16thC.jpeg,Phugtal_stonba lhakhang late15th_early16thC_thumb.jpeg,/uploads/person/Phugtal_stonba lhakhang late15th_early16thC.jpeg,/uploads/person/Phugtal_stonba lhakhang late15th_early16thC_thumb.jpeg,,Rob Linrothe,1,2,2020-09-28 17:22:12,,,Sherab Zangpo portrait in the Tonpa Lhakhang at Phuktal
1957,7305,Saspol Cave 2_16thC.jpeg,Saspol Cave 2_16thC_thumb.jpeg,/uploads/person/Saspol Cave 2_16thC.jpeg,/uploads/person/Saspol Cave 2_16thC_thumb.jpeg,,Rob Linrothe,0,2,2020-09-28 17:22:26,,,"Sherab Zangpo portrait in Saspol, Ladakh"
1958,5306,Doring.jpg,Doring_thumb.jpg,/uploads/person/Doring.jpg,/uploads/person/Doring_thumb.jpg,,Gangs ljongs mi sna grags can gyi lo rgyus mdzad b,1,2,2020-10-08 18:07:18,,,A modern image of Doring Tenzin Peljor
1959,11183,woman 1148.jpg,woman 1148_thumb.jpg,/uploads/person/woman 1148.jpg,/uploads/person/woman 1148_thumb.jpg,1148,,1,2,2020-10-20 14:36:40,,,
1960,10617,1164 repa.jpg,1164 repa_thumb.jpg,/uploads/person/1164 repa.jpg,/uploads/person/1164 repa_thumb.jpg,1164,,1,2,2020-10-29 18:22:12,,,
1961,8730,monk 1166.jpg,monk 1166_thumb.jpg,/uploads/person/monk 1166.jpg,/uploads/person/monk 1166_thumb.jpg,1166,,1,2,2020-11-12 19:27:22,,,
1962,9171,woman 1148.jpg,woman 1148_thumb.jpg,/uploads/person/woman 1148.jpg,/uploads/person/woman 1148_thumb.jpg,1148,,1,2,2020-12-07 22:56:12,,,
1963,11231,Trungpa01.jpg,Trungpa01_thumb.jpg,/uploads/person/Trungpa01.jpg,/uploads/person/Trungpa01_thumb.jpg,,,0,2,2021-01-09 17:53:45,,,Young Chogyam Trungpa
1964,11231,Trungpa05.jpg,Trungpa05_thumb.jpg,/uploads/person/Trungpa05.jpg,/uploads/person/Trungpa05_thumb.jpg,,,0,2,2021-01-09 17:54:09,,,Chogyam Trungpa
1965,11231,Trungpa03.jpg,Trungpa03_thumb.jpg,/uploads/person/Trungpa03.jpg,/uploads/person/Trungpa03_thumb.jpg,,,0,2,2021-01-09 17:54:24,,,Chogyam Trungpa
1966,11231,Trungpa04.jpg,Trungpa04_thumb.jpg,/uploads/person/Trungpa04.jpg,/uploads/person/Trungpa04_thumb.jpg,,,0,2,2021-01-09 17:55:01,,,Trungpa and Diana Mukpo after their marriage
1967,11231,Trungpa02.jpg,Trungpa02_thumb.jpg,/uploads/person/Trungpa02.jpg,/uploads/person/Trungpa02_thumb.jpg,,,1,2,2021-01-10 15:59:48,,,
1968,2882,Longchenpa 64042.jpg,Longchenpa 64042_thumb.jpg,/uploads/person/Longchenpa 64042.jpg,/uploads/person/Longchenpa 64042_thumb.jpg,64042,,0,2,2021-01-14 21:38:01,,,
1969,2882,Longchenpa HAR631 Rubin F1998.9.2.jpg,Longchenpa HAR631 Rubin F1998.9.2_thumb.jpg,/uploads/person/Longchenpa HAR631 Rubin F1998.9.2.jpg,/uploads/person/Longchenpa HAR631 Rubin F1998.9.2_thumb.jpg,631,,1,2,2021-01-14 21:38:19,,,
1970,29,8th-gyara.jpg,8th-gyara_thumb.jpg,/uploads/person/8th-gyara.jpg,/uploads/person/8th-gyara_thumb.jpg,,,1,342,2021-01-29 15:26:47,,,Eighth Gyara Tulku
1971,12180,Kalu1.jpg,Kalu1_thumb.jpg,/uploads/person/Kalu1.jpg,/uploads/person/Kalu1_thumb.jpg,,,1,2,2021-02-02 19:17:23,,,
1972,12180,Kalu2.jpg,Kalu2_thumb.jpg,/uploads/person/Kalu2.jpg,/uploads/person/Kalu2_thumb.jpg,,,0,2,2021-02-02 19:17:29,,,
1973,12180,_20R6877.jpeg,_20R6877_thumb.jpeg,/uploads/person/_20R6877.jpeg,/uploads/person/_20R6877_thumb.jpeg,,Cartier Bresson,0,2,2021-02-03 20:43:29,,,This image now hangs in the Temple des Milles Bouddhas
1974,12180,fullsizeoutput_9d.jpeg,fullsizeoutput_9d_thumb.jpeg,/uploads/person/fullsizeoutput_9d.jpeg,/uploads/person/fullsizeoutput_9d_thumb.jpeg,,,0,2,2021-02-03 20:43:56,,,"Taken at Kagyu Dzong, Paris ~1985"
1975,7929,Tsarong.jpg,Tsarong_thumb.jpg,/uploads/person/Tsarong.jpg,/uploads/person/Tsarong_thumb.jpg,,"Bundesarchiv, Bild 135-BB-099-02 / Beger, Bruno  ",1,2,2021-02-15 20:09:53,,,
1976,6194,Rongzom65017.jpg,Rongzom65017_thumb.jpg,/uploads/person/Rongzom65017.jpg,/uploads/person/Rongzom65017_thumb.jpg,65017,Rubin Museum of Art,1,2,2021-02-16 15:29:07,,,
1977,7007,Ling1.jpg,Ling1_thumb.jpg,/uploads/person/Ling1.jpg,/uploads/person/Ling1_thumb.jpg,,,1,2,2021-03-09 22:26:41,,,
1978,7007,bd-fall-17-briefs.jpg,bd-fall-17-briefs_thumb.jpg,/uploads/person/bd-fall-17-briefs.jpg,/uploads/person/bd-fall-17-briefs_thumb.jpg,,,0,2,2021-03-10 15:24:24,,,"first meeting of Tibetan religious leaders in India, 1963"
1979,13666,Pawo Wangchuk Tengpa.jpg,Pawo Wangchuk Tengpa_thumb.jpg,/uploads/person/Pawo Wangchuk Tengpa.jpg,/uploads/person/Pawo Wangchuk Tengpa_thumb.jpg,,Blo bzang rgya mtsho and Ngag dbang chos ’pel,1,2,2021-03-16 14:36:36,,,
1980,13654,KCW from Lamp that enlightens narrow minds.jpg,KCW from Lamp that enlightens narrow minds_thumb.jpg,/uploads/person/KCW from Lamp that enlightens narrow minds.jpg,/uploads/person/KCW from Lamp that enlightens narrow minds_thumb.jpg,,"Namkhai Norbu, Lamp that Enlightens Narrow Minds",1,2,2021-03-16 18:36:31,,,
1981,13659,From Tibetan Yantra.jpg,From Tibetan Yantra_thumb.jpg,/uploads/person/From Tibetan Yantra.jpg,/uploads/person/From Tibetan Yantra_thumb.jpg,,Shang Shung Institute,1,2,2021-04-06 19:35:41,2,2021-04-06 19:44:33,From a painting at Shang Shung Institute
1982,5824,ཚ་ཁོ.jpg,ཚ་ཁོ_thumb.jpg,/uploads/person/ཚ་ཁོ.jpg,/uploads/person/ཚ་ཁོ_thumb.jpg,,,1,2,2021-04-08 18:32:41,,,
1983,13653,monk 1166.jpg,monk 1166_thumb.jpg,/uploads/person/monk 1166.jpg,/uploads/person/monk 1166_thumb.jpg,1166,,1,2,2021-04-21 14:30:52,,,
1984,3307,494762_L_1.jpg,494762_L_1_thumb.jpg,/uploads/person/494762_L_1.jpg,/uploads/person/494762_L_1_thumb.jpg,,,0,2,2021-05-13 14:17:58,,,
1985,3307,494762_L_3.jpg,494762_L_3_thumb.jpg,/uploads/person/494762_L_3.jpg,/uploads/person/494762_L_3_thumb.jpg,,,0,2,2021-05-13 14:18:14,,,
1986,9301,Shatra from Waddell 1905.jpg,Shatra from Waddell 1905_thumb.jpg,/uploads/person/Shatra from Waddell 1905.jpg,/uploads/person/Shatra from Waddell 1905_thumb.jpg,,,1,2,2021-06-02 13:02:33,,,
1987,5894,W3CN6510-I3CN6512_Tubten Lhundrub_Photo 2.jpeg,W3CN6510-I3CN6512_Tubten Lhundrub_Photo 2_thumb.jpeg,/uploads/person/W3CN6510-I3CN6512_Tubten Lhundrub_Photo 2.jpeg,/uploads/person/W3CN6510-I3CN6512_Tubten Lhundrub_Photo 2_thumb.jpeg,,"Dgra 'dul, 2012",1,2,2021-06-05 15:40:51,,,
1989,13677,1164 repa.jpg,1164 repa_thumb.jpg,/uploads/person/1164 repa.jpg,/uploads/person/1164 repa_thumb.jpg,1164,,1,2,2021-06-07 18:11:50,,,
1990,12553,Dampa Rinpoche.jpg,Dampa Rinpoche_thumb.jpg,/uploads/person/Dampa Rinpoche.jpg,/uploads/person/Dampa Rinpoche_thumb.jpg,,"Jackson 2003, p. 68",1,2,2021-06-07 18:42:37,,,
1991,12553,Dampa Rinpoche and Ngawang Samten.jpg,Dampa Rinpoche and Ngawang Samten_thumb.jpg,/uploads/person/Dampa Rinpoche and Ngawang Samten.jpg,/uploads/person/Dampa Rinpoche and Ngawang Samten_thumb.jpg,,"Jackson 2003, p. 68",0,2,2021-06-07 18:42:49,,,
1992,4820,Druk Khenpo 89711.jpg,Druk Khenpo 89711_thumb.jpg,/uploads/person/Druk Khenpo 89711.jpg,/uploads/person/Druk Khenpo 89711_thumb.jpg,89711,,1,2,2021-06-07 19:11:42,,,
1993,13679,monk 1166.jpg,monk 1166_thumb.jpg,/uploads/person/monk 1166.jpg,/uploads/person/monk 1166_thumb.jpg,1166,,1,2,2021-06-08 14:50:21,,,
1994,12741,monk 1206.jpg,monk 1206_thumb.jpg,/uploads/person/monk 1206.jpg,/uploads/person/monk 1206_thumb.jpg,1206,,1,2,2021-06-08 15:34:43,,,
1995,11385,Karmapa16.jpeg,Karmapa16_thumb.jpeg,/uploads/person/Karmapa16.jpeg,/uploads/person/Karmapa16_thumb.jpeg,,,1,2,2021-06-14 21:34:41,,,
1996,11385,k16-01.jpeg,k16-01_thumb.jpeg,/uploads/person/k16-01.jpeg,/uploads/person/k16-01_thumb.jpeg,,Jobst Koss,0,2,2021-06-14 21:34:50,2,2021-06-15 14:18:34,
1997,11385,Black hat.jpeg,Black hat_thumb.jpeg,/uploads/person/Black hat.jpeg,/uploads/person/Black hat_thumb.jpeg,,,0,2,2021-06-14 21:34:57,,,
1998,11385,OT-TD-Press-Photo.jpeg,OT-TD-Press-Photo_thumb.jpeg,/uploads/person/OT-TD-Press-Photo.jpeg,/uploads/person/OT-TD-Press-Photo_thumb.jpeg,,,0,2,2021-06-14 21:35:17,,,
2002,11385,Karmapa16_3_gross.jpeg,Karmapa16_3_gross_thumb.jpeg,/uploads/person/Karmapa16_3_gross.jpeg,/uploads/person/Karmapa16_3_gross_thumb.jpeg,,an employee of the Austrian Buddhist society,0,2,2021-06-14 22:06:18,,,
2003,11385,K16 and Freda Bedi.jpeg,K16 and Freda Bedi_thumb.jpeg,/uploads/person/K16 and Freda Bedi.jpeg,/uploads/person/K16 and Freda Bedi_thumb.jpeg,,Alice S. Kandell - https://www.loc.gov/item/201,0,2,2021-06-14 22:07:50,,,The Sixteenth Karmapa with Freda Bedi
2004,13683,Jampa Lhalungpa.jpg,Jampa Lhalungpa_thumb.jpg,/uploads/person/Jampa Lhalungpa.jpg,/uploads/person/Jampa Lhalungpa_thumb.jpg,,,1,2,2021-06-21 15:06:16,,,Samphe Lhalungpa
2005,13683,jampa-lhalungpa3.jpg,jampa-lhalungpa3_thumb.jpg,/uploads/person/jampa-lhalungpa3.jpg,/uploads/person/jampa-lhalungpa3_thumb.jpg,,,0,2,2021-06-21 15:06:30,,,Samphe Lhalungpa
2006,13683,jampa-lhalungpa1.jpg,jampa-lhalungpa1_thumb.jpg,/uploads/person/jampa-lhalungpa1.jpg,/uploads/person/jampa-lhalungpa1_thumb.jpg,,,0,2,2021-06-21 15:06:43,,,Samphe Lhalungpa
2010,8906,"Karma Chopel at a Paris event, from Dgra 'dul.jpg","Karma Chopel at a Paris event, from Dgra 'dul_thumb.jpg","/uploads/person/Karma Chopel at a Paris event, from Dgra 'dul.jpg","/uploads/person/Karma Chopel at a Paris event, from Dgra 'dul_thumb.jpg",,Dgra 'dul 2012,0,2,2021-06-28 19:17:34,,,Karma Chopel in Paris
2013,8906,Karma Chopel from Dgra 'dul.jpg,Karma Chopel from Dgra 'dul_thumb.jpg,/uploads/person/Karma Chopel from Dgra 'dul.jpg,/uploads/person/Karma Chopel from Dgra 'dul_thumb.jpg,,Dgra 'dul 2012,1,2,2021-06-28 19:20:26,,,Karma Chopel
2014,8906,Karma Chopel in Lhasa from Dgra 'dul.jpg,Karma Chopel in Lhasa from Dgra 'dul_thumb.jpg,/uploads/person/Karma Chopel in Lhasa from Dgra 'dul.jpg,/uploads/person/Karma Chopel in Lhasa from Dgra 'dul_thumb.jpg,,Dgra 'dul 2012,0,2,2021-06-28 19:20:38,,,Karma Chopel in Lhasa
2015,2541,1164 good doctor.jpg,1164 good doctor_thumb.jpg,/uploads/person/1164 good doctor.jpg,/uploads/person/1164 good doctor_thumb.jpg,1164,,1,2,2021-06-28 19:32:25,,,
2016,13686,monk 1206.jpg,monk 1206_thumb.jpg,/uploads/person/monk 1206.jpg,/uploads/person/monk 1206_thumb.jpg,1206,,1,2,2021-06-29 20:12:13,,,
2017,7881,monk 1166.jpg,monk 1166_thumb.jpg,/uploads/person/monk 1166.jpg,/uploads/person/monk 1166_thumb.jpg,1166,,1,2,2021-06-29 20:30:45,,,
2018,7882,Belmang04.jpg,Belmang04_thumb.jpg,/uploads/person/Belmang04.jpg,/uploads/person/Belmang04_thumb.jpg,,,1,2,2021-07-01 18:04:55,,,
2019,9983,Lhamo Tsering.jpg,Lhamo Tsering_thumb.jpg,/uploads/person/Lhamo Tsering.jpg,/uploads/person/Lhamo Tsering_thumb.jpg,,Amnye Machen Institute,1,2,2021-07-01 18:44:07,,,"Darjeeling, 1959"
2020,9983,Lhamo Tsering Release copy.jpg,Lhamo Tsering Release copy_thumb.jpg,/uploads/person/Lhamo Tsering Release copy.jpg,/uploads/person/Lhamo Tsering Release copy_thumb.jpg,,High Asia,0,2,2021-07-01 18:44:44,,,nine released Mustang prisoners
2021,9983,Mustang leaders (medium-res).jpg,Mustang leaders (medium-res)_thumb.jpg,/uploads/person/Mustang leaders (medium-res).jpg,/uploads/person/Mustang leaders (medium-res)_thumb.jpg,,Tenzin Sonam,0,2,2021-07-01 18:45:19,,,1966 at Kalsang Phug HQ
2022,2162,Second Gyeltsab.jpg,Second Gyeltsab_thumb.jpg,/uploads/person/Second Gyeltsab.jpg,/uploads/person/Second Gyeltsab_thumb.jpg,,,1,2,2021-07-07 18:24:19,,,
2023,13687,LM Dorje.jpg,LM Dorje_thumb.jpg,/uploads/person/LM Dorje.jpg,/uploads/person/LM Dorje_thumb.jpg,,,1,2,2021-07-14 16:18:16,,,
2024,13687,LmDorje-DawaZangmo-DikiLhalungpa.jpg,LmDorje-DawaZangmo-DikiLhalungpa_thumb.jpg,/uploads/person/LmDorje-DawaZangmo-DikiLhalungpa.jpg,/uploads/person/LmDorje-DawaZangmo-DikiLhalungpa_thumb.jpg,,,0,2,2021-07-14 16:19:09,,,"LM Dorje, Dawa Zangmo, and Diki Lhalungpa"
2025,13687,LMDorje-G-Roerich.jpg,LMDorje-G-Roerich_thumb.jpg,/uploads/person/LMDorje-G-Roerich.jpg,/uploads/person/LMDorje-G-Roerich_thumb.jpg,,,0,2,2021-07-14 16:19:50,,,"LM Dorje, George Roerich, and unnamed individuals"
2026,13687,NRoerich-LMDorje.jpg,NRoerich-LMDorje_thumb.jpg,/uploads/person/NRoerich-LMDorje.jpg,/uploads/person/NRoerich-LMDorje_thumb.jpg,,,0,2,2021-07-14 16:20:28,,,LM Dorje and Nicholas Roerich
2027,13688,Sherab Mebar.jpg,Sherab Mebar_thumb.jpg,/uploads/person/Sherab Mebar.jpg,/uploads/person/Sherab Mebar_thumb.jpg,,Complete Writings of Tulku Tsultrim Zangpo,1,2,2021-07-16 18:25:40,,,
2028,3266,Barawa.jpg,Barawa_thumb.jpg,/uploads/person/Barawa.jpg,/uploads/person/Barawa_thumb.jpg,,Marlene Erschbamer,1,2,2021-07-26 19:34:38,,,"Je Barawa, Papyuk Monastery Sikkim"
2029,13689,images (7).jpeg,images (7)_thumb.jpeg,/uploads/person/images (7).jpeg,/uploads/person/images (7)_thumb.jpeg,,,1,2,2021-07-27 14:40:26,,,
2030,13689,CR Lama.jpg,CR Lama_thumb.jpg,/uploads/person/CR Lama.jpg,/uploads/person/CR Lama_thumb.jpg,,,0,2,2021-07-27 14:54:15,,,
2031,13692,woman HAR1148.jpg,woman HAR1148_thumb.jpg,/uploads/person/woman HAR1148.jpg,/uploads/person/woman HAR1148_thumb.jpg,1148,,1,2,2021-08-11 18:09:38,,,
2032,12839,Tulku_Urgyen_Rinpoche.jpeg,Tulku_Urgyen_Rinpoche_thumb.jpeg,/uploads/person/Tulku_Urgyen_Rinpoche.jpeg,/uploads/person/Tulku_Urgyen_Rinpoche_thumb.jpeg,,,1,2,2021-08-14 20:14:38,,,
2033,12839,Tulku Urgyen.jpeg,Tulku Urgyen_thumb.jpeg,/uploads/person/Tulku Urgyen.jpeg,/uploads/person/Tulku Urgyen_thumb.jpeg,,,0,2,2021-08-14 20:14:47,,,
2034,12839,Tulku-Urgyen-Rinpoche-early-photo.jpeg,Tulku-Urgyen-Rinpoche-early-photo_thumb.jpeg,/uploads/person/Tulku-Urgyen-Rinpoche-early-photo.jpeg,/uploads/person/Tulku-Urgyen-Rinpoche-early-photo_thumb.jpeg,,,0,2,2021-08-14 20:15:12,,,
2035,13694,tenzin-chodrak.jpg,tenzin-chodrak_thumb.jpg,/uploads/person/tenzin-chodrak.jpg,/uploads/person/tenzin-chodrak_thumb.jpg,,tsho mdzad slob dpon rnam gsum gyi mdzad 'phrin,1,342,2021-09-01 13:12:44,,,Doctor Tenzin Chodrak
2036,13693,lobzang-wanggyel.jpg,lobzang-wanggyel_thumb.jpg,/uploads/person/lobzang-wanggyel.jpg,/uploads/person/lobzang-wanggyel_thumb.jpg,,tsho mdzad slob dpon rnam gsum gyi mdzad 'phrin,1,342,2021-09-01 13:30:15,342,2021-09-01 13:36:16,
2037,13693,lobzang-wanggyel-hhdl.jpg,lobzang-wanggyel-hhdl_thumb.jpg,/uploads/person/lobzang-wanggyel-hhdl.jpg,/uploads/person/lobzang-wanggyel-hhdl_thumb.jpg,,tsho mdzad slob dpon rnam gsum gyi mdzad 'phrin,0,342,2021-09-01 13:31:46,,,
2038,8342,Tonmi Sambhta.jpg,Tonmi Sambhta_thumb.jpg,/uploads/person/Tonmi Sambhta.jpg,/uploads/person/Tonmi Sambhta_thumb.jpg,65562,,1,2,2021-09-08 16:23:51,,,
2039,9761,Picture1.jpg,Picture1_thumb.jpg,/uploads/person/Picture1.jpg,/uploads/person/Picture1_thumb.jpg,,Marlene Erschbamer,0,2,2021-09-28 17:29:23,,,"Chungthang Monastery, Sikkim 2010"
2040,9761,Picture2.jpg,Picture2_thumb.jpg,/uploads/person/Picture2.jpg,/uploads/person/Picture2_thumb.jpg,,Marlene Erschbamer,1,2,2021-09-28 17:30:07,,,"Manuscript in the possession of Tashi Choling Monastery, Dharamsala 2011"
2041,9761,Picture3.jpg,Picture3_thumb.jpg,/uploads/person/Picture3.jpg,/uploads/person/Picture3_thumb.jpg,,Marlene Erschbamer,0,2,2021-09-28 17:30:30,,,"Tsangek Monastery, Sikkim 2014"
2042,9761,Picture4.jpg,Picture4_thumb.jpg,/uploads/person/Picture4.jpg,/uploads/person/Picture4_thumb.jpg,,Marlene Erschbamer,0,2,2021-09-28 17:31:05,,,"Barawa Chorten, commemorating Konchok Gyeltsen, hill above Chungthang Monastery, Sikkim 2010"
2043,4282,ganden-tri-86.jpg,ganden-tri-86_thumb.jpg,/uploads/person/ganden-tri-86.jpg,/uploads/person/ganden-tri-86_thumb.jpg,,"L.A. Waddell, Lhasa and its Mysteries",0,342,2021-11-02 20:31:27,342,2021-11-09 2:45:48,Lobzang Gyeltsen with attendants
2044,13462,woman 1148.jpg,woman 1148_thumb.jpg,/uploads/person/woman 1148.jpg,/uploads/person/woman 1148_thumb.jpg,1148,,1,2,2021-11-22 14:45:58,,,
2046,13697,Khandro Lhasa.jpg,Khandro Lhasa_thumb.jpg,/uploads/person/Khandro Lhasa.jpg,/uploads/person/Khandro Lhasa_thumb.jpg,,Terton Sogyal Trust,1,2,2021-12-14 16:21:48,2,2021-12-14 17:59:34,
2047,13697,Khandro Bhutan 1992.jpg,Khandro Bhutan 1992_thumb.jpg,/uploads/person/Khandro Bhutan 1992.jpg,/uploads/person/Khandro Bhutan 1992_thumb.jpg,,Terton Sogyal Trust,0,2,2021-12-14 16:22:06,2,2021-12-14 17:59:25,
2048,13697,khandro-tsering-chodron.jpg,khandro-tsering-chodron_thumb.jpg,/uploads/person/khandro-tsering-chodron.jpg,/uploads/person/khandro-tsering-chodron_thumb.jpg,,Shechen Archives,0,2,2021-12-14 16:31:54,2,2021-12-14 17:59:49,
2049,13697,e2889aktc-03-brauer961.jpeg,e2889aktc-03-brauer961_thumb.jpeg,/uploads/person/e2889aktc-03-brauer961.jpeg,/uploads/person/e2889aktc-03-brauer961_thumb.jpeg,,khandrotseringchodron.org,0,2,2021-12-14 16:36:32,2,2021-12-14 17:59:16,
2050,13697,Khandro Stupa France.jpg,Khandro Stupa France_thumb.jpg,/uploads/person/Khandro Stupa France.jpg,/uploads/person/Khandro Stupa France_thumb.jpg,,Terton Sogyal Trust,0,2,2021-12-14 16:41:50,2,2021-12-14 17:59:39,
2052,1659,Sanggye Nyenpa 560.jpg,Sanggye Nyenpa 560_thumb.jpg,/uploads/person/Sanggye Nyenpa 560.jpg,/uploads/person/Sanggye Nyenpa 560_thumb.jpg,560,,1,2,2022-01-19 17:52:15,,,
2053,1659,Sanggye Nyenpa 918.jpg,Sanggye Nyenpa 918_thumb.jpg,/uploads/person/Sanggye Nyenpa 918.jpg,/uploads/person/Sanggye Nyenpa 918_thumb.jpg,918,,0,2,2022-01-19 17:52:26,,,
2054,1659,Sanggye Nyenpa 562.jpg,Sanggye Nyenpa 562_thumb.jpg,/uploads/person/Sanggye Nyenpa 562.jpg,/uploads/person/Sanggye Nyenpa 562_thumb.jpg,562,,0,342,2022-01-19 19:25:57,342,2022-01-19 19:26:15,
2055,1659,SangyeNyenpaTashiPaljor.jpg,SangyeNyenpaTashiPaljor_thumb.jpg,/uploads/person/SangyeNyenpaTashiPaljor.jpg,/uploads/person/SangyeNyenpaTashiPaljor_thumb.jpg,,,0,2,2022-01-24 17:03:02,,,
2057,3485,Screenshot 2022-02-19 at 07.54.28.jpeg,Screenshot 2022-02-19 at 07.54.28_thumb.jpeg,/uploads/person/Screenshot 2022-02-19 at 07.54.28.jpeg,/uploads/person/Screenshot 2022-02-19 at 07.54.28_thumb.jpeg,,,1,2,2022-02-23 15:16:05,,,From Tubten Chodar 2008
2058,13698,Samten Gyatso.jpeg,Samten Gyatso_thumb.jpeg,/uploads/person/Samten Gyatso.jpeg,/uploads/person/Samten Gyatso_thumb.jpeg,,Jangbhu,1,2,2022-02-23 15:40:14,,,
2061,13698,dge rgan slob sbyong.jpeg,dge rgan slob sbyong_thumb.jpeg,/uploads/person/dge rgan slob sbyong.jpeg,/uploads/person/dge rgan slob sbyong_thumb.jpeg,,Pema Bhum,0,2,2022-02-23 16:00:04,,,
2064,8,the king.jpeg,the king_thumb.jpeg,/uploads/person/the king.jpeg,/uploads/person/the king_thumb.jpeg,73434,,1,2,2022-03-03 19:18:25,,,
2065,8,the revelers.jpeg,the revelers_thumb.jpeg,/uploads/person/the revelers.jpeg,/uploads/person/the revelers_thumb.jpeg,73434,,0,2,2022-03-03 19:18:39,,,
2066,13699,Jampel Rinchen.jpeg,Jampel Rinchen_thumb.jpeg,/uploads/person/Jampel Rinchen.jpeg,/uploads/person/Jampel Rinchen_thumb.jpeg,,"Charles Bell Collection, World Museum, Liverpool",0,2,2022-03-04 19:32:44,,,"Hastings House, Calcutta, 1910"
2067,13699,"Hastings House, Calcutta, 1910.jpeg","Hastings House, Calcutta, 1910_thumb.jpeg","/uploads/person/Hastings House, Calcutta, 1910.jpeg","/uploads/person/Hastings House, Calcutta, 1910_thumb.jpeg",,"Charles Bell Collection, World Museum, Liverpool",0,2,2022-03-04 19:33:01,,,"Hastings House, Calcutta, 1910"
2068,13700,Sheltonpage299detail.jpeg,Sheltonpage299detail_thumb.jpeg,/uploads/person/Sheltonpage299detail.jpeg,/uploads/person/Sheltonpage299detail_thumb.jpeg,,A. L. Shelton,1,2,2022-03-04 20:02:35,,,Dorje Sengge
2069,13700,Sheltonpage299.jpg,Sheltonpage299_thumb.jpg,/uploads/person/Sheltonpage299.jpg,/uploads/person/Sheltonpage299_thumb.jpg,,A. L. Shelton,0,2,2022-03-04 20:03:17,,,"The king of Derge, his two wives, and members of the household"
2070,9343,official 1166 standing.jpg,official 1166 standing_thumb.jpg,/uploads/person/official 1166 standing.jpg,/uploads/person/official 1166 standing_thumb.jpg,1166,,1,2,2022-03-04 20:27:56,,,
2071,13701,Jago Tobden.jpeg,Jago Tobden_thumb.jpeg,/uploads/person/Jago Tobden.jpeg,/uploads/person/Jago Tobden_thumb.jpeg,,Namkhai Norbu p26,1,2,2022-03-04 21:05:27,,,Jago Tobden
2072,11290,Tsewang Dudul.jpeg,Tsewang Dudul_thumb.jpeg,/uploads/person/Tsewang Dudul.jpeg,/uploads/person/Tsewang Dudul_thumb.jpeg,,A. L. Shelton,1,2,2022-03-07 16:04:03,,,Jigme Tsewang Dudul
2073,11290,Sheltonpage299.jpg,Sheltonpage299_thumb.jpg,/uploads/person/Sheltonpage299.jpg,/uploads/person/Sheltonpage299_thumb.jpg,,A. L. Shelton,0,2,2022-03-07 16:04:49,,,"The king of Derge, his two wives, and members of the household"
2074,5805,Polhane from Lin2011p64.jpg,Polhane from Lin2011p64_thumb.jpg,/uploads/person/Polhane from Lin2011p64.jpg,/uploads/person/Polhane from Lin2011p64_thumb.jpg,,"Lin, 2011, page 64",1,2,2022-03-22 20:08:44,,,
2075,5805,Kapstein 2013 p 103.jpeg,Kapstein 2013 p 103_thumb.jpeg,/uploads/person/Kapstein 2013 p 103.jpeg,/uploads/person/Kapstein 2013 p 103_thumb.jpeg,,"Kapstein 2013, p. 103",0,2,2022-03-22 20:09:49,,,
2076,8507,Picture1.jpg,Picture1_thumb.jpg,/uploads/person/Picture1.jpg,/uploads/person/Picture1_thumb.jpg,,"Rab brtan dge legs phun tshogs 2015, frontispiece",1,2,2022-05-02 14:48:27,,,
2077,12500,monk 1206.jpg,monk 1206_thumb.jpg,/uploads/person/monk 1206.jpg,/uploads/person/monk 1206_thumb.jpg,1206,,1,2,2022-05-05 14:40:33,,,
2078,13707,monk 1206.jpg,monk 1206_thumb.jpg,/uploads/person/monk 1206.jpg,/uploads/person/monk 1206_thumb.jpg,1206,,1,2,2022-05-05 18:34:40,,,
2079,2069,monk 1166.jpg,monk 1166_thumb.jpg,/uploads/person/monk 1166.jpg,/uploads/person/monk 1166_thumb.jpg,1166,,1,2,2022-05-06 19:32:59,,,
2080,12743,monk 1206.jpg,monk 1206_thumb.jpg,/uploads/person/monk 1206.jpg,/uploads/person/monk 1206_thumb.jpg,1206,,1,2,2022-05-06 19:49:54,,,
2081,12742,monk 1206.jpg,monk 1206_thumb.jpg,/uploads/person/monk 1206.jpg,/uploads/person/monk 1206_thumb.jpg,1206,,1,2,2022-05-06 20:16:19,,,
2084,9047,Pema Kunzang Rangdrol frontispiece.jpg,Pema Kunzang Rangdrol frontispiece_thumb.jpg,/uploads/person/Pema Kunzang Rangdrol frontispiece.jpg,/uploads/person/Pema Kunzang Rangdrol frontispiece_thumb.jpg,,Gsung 'bum pad+ma kun bzang rang grol,1,2,2022-06-01 19:59:28,,,
2085,12171,Lobzang Dorje.jpg,Lobzang Dorje_thumb.jpg,/uploads/person/Lobzang Dorje.jpg,/uploads/person/Lobzang Dorje_thumb.jpg,,Gsung 'bum blo bzang rdo rje,1,2,2022-06-01 20:02:24,,,
2086,2418,Tsatrul rinpoche.jpeg,Tsatrul rinpoche_thumb.jpeg,/uploads/person/Tsatrul rinpoche.jpeg,/uploads/person/Tsatrul rinpoche_thumb.jpeg,,Aoki 1920,1,2,2022-06-15 13:31:19,,,
2087,2418,Tsatrul(left)　Tada(right).jpeg,Tsatrul(left)　Tada(right)_thumb.jpeg,/uploads/person/Tsatrul(left)　Tada(right).jpeg,/uploads/person/Tsatrul(left)　Tada(right)_thumb.jpeg,,Aoki 1920,0,2,2022-06-15 13:32:28,,,Tsatrul (left) and Tada
2088,13718,IMG_0690.jpeg,IMG_0690_thumb.jpeg,/uploads/person/IMG_0690.jpeg,/uploads/person/IMG_0690_thumb.jpeg,,"Lin 2006, p. 111",1,2,2022-06-27 14:02:00,,,
2090,13720,woman 1148.jpg,woman 1148_thumb.jpg,/uploads/person/woman 1148.jpg,/uploads/person/woman 1148_thumb.jpg,1148,,1,2,2022-06-27 14:55:55,,,
2091,13721,monk 1206.jpg,monk 1206_thumb.jpg,/uploads/person/monk 1206.jpg,/uploads/person/monk 1206_thumb.jpg,1206,,1,2,2022-06-27 15:11:52,,,
2092,10355,dezhung-rinpoche.jpeg,dezhung-rinpoche_thumb.jpeg,/uploads/person/dezhung-rinpoche.jpeg,/uploads/person/dezhung-rinpoche_thumb.jpeg,,,1,2,2022-06-28 15:49:10,,,
2093,10355,IMG-6889.jpeg,IMG-6889_thumb.jpeg,/uploads/person/IMG-6889.jpeg,/uploads/person/IMG-6889_thumb.jpeg,,,0,2,2022-06-28 15:49:26,,,
2094,10355,IMG-6890.jpeg,IMG-6890_thumb.jpeg,/uploads/person/IMG-6890.jpeg,/uploads/person/IMG-6890_thumb.jpeg,,,0,2,2022-06-28 15:49:33,,,
2095,10355,Sakya Seattle arrival .jpg,Sakya Seattle arrival _thumb.jpg,/uploads/person/Sakya Seattle arrival .jpg,/uploads/person/Sakya Seattle arrival _thumb.jpg,,Dachen Kyaping,0,2,2022-06-29 14:43:44,,,The arrival of the Sakya family in Seattle
2096,13722,tibetan-officers-1920-2.jpg,tibetan-officers-1920-2_thumb.jpg,/uploads/person/tibetan-officers-1920-2.jpg,/uploads/person/tibetan-officers-1920-2_thumb.jpg,,Tsarong 2000,0,2,2022-06-30 14:02:55,,,
2097,13722,charles-bell-military-aristocrats.jpg,charles-bell-military-aristocrats_thumb.jpg,/uploads/person/charles-bell-military-aristocrats.jpg,/uploads/person/charles-bell-military-aristocrats_thumb.jpg,,Bell 1946,0,2,2022-06-30 14:03:30,,,
2098,13722,tibetan-officers-1920.jpg,tibetan-officers-1920_thumb.jpg,/uploads/person/tibetan-officers-1920.jpg,/uploads/person/tibetan-officers-1920_thumb.jpg,,Tsarong 2000,0,2,2022-06-30 14:03:56,,,
2099,13722,tibetan-officers-1920.jpg,tibetan-officers-1920_thumb.jpg,/uploads/person/tibetan-officers-1920.jpg,/uploads/person/tibetan-officers-1920_thumb.jpg,,Tsarong 2000,0,2,2022-06-30 14:04:08,,,
2100,13722,Drumpa.jpg,Drumpa_thumb.jpg,/uploads/person/Drumpa.jpg,/uploads/person/Drumpa_thumb.jpg,,Tsarong 2000,1,2,2022-06-30 14:05:35,,,
2101,13723,Mr. and Mrs. Pemba. 1959:1960 in Darjeeling.jpg,Mr. and Mrs. Pemba. 1959:1960 in Darjeeling_thumb.jpg,/uploads/person/Mr. and Mrs. Pemba. 1959:1960 in Darjeeling.jpg,/uploads/person/Mr. and Mrs. Pemba. 1959:1960 in Darjeeling_thumb.jpg,,Pemba family,0,2,2022-06-30 19:07:25,,,
2102,13723,Pemba family with Rinchen Dolma Taring.jpg,Pemba family with Rinchen Dolma Taring_thumb.jpg,/uploads/person/Pemba family with Rinchen Dolma Taring.jpg,/uploads/person/Pemba family with Rinchen Dolma Taring_thumb.jpg,,,0,2,2022-06-30 19:07:45,342,2022-07-01 2:08:59,Pemba family with Rinchen Dolma Taring
2103,13723,Tsewang Pemba with Tenzing Sherpa and second wife.,Tsewang Pemba with Tenzing Sherpa and second wife_thumb.jpg,/uploads/person/Tsewang Pemba with Tenzing Sherpa and second wife.,/uploads/person/Tsewang Pemba with Tenzing Sherpa and second wife_thumb.jpg,,Pemba family,0,2,2022-06-30 19:07:57,,,
2105,13724,marlampa-chamchung1.jpg,marlampa-chamchung1_thumb.jpg,/uploads/person/marlampa-chamchung1.jpg,/uploads/person/marlampa-chamchung1_thumb.jpg,,"Women of Tibet, p. 132.",0,2,2022-06-30 19:46:48,342,2023-02-06 16:58:38,
2106,13724,marlampa-chamchung2.jpg,marlampa-chamchung2_thumb.jpg,/uploads/person/marlampa-chamchung2.jpg,/uploads/person/marlampa-chamchung2_thumb.jpg,,"Women of Tibet, p. 150.",1,2,2022-06-30 19:47:15,342,2023-02-06 16:57:55,
2107,13723,Pemba-portrait.jpg,Pemba-portrait_thumb.jpg,/uploads/person/Pemba-portrait.jpg,/uploads/person/Pemba-portrait_thumb.jpg,,,1,342,2022-06-30 19:52:54,,,
2108,13625,tsarong-pema-dolkar-1937.jpg,tsarong-pema-dolkar-1937_thumb.jpg,/uploads/person/tsarong-pema-dolkar-1937.jpg,/uploads/person/tsarong-pema-dolkar-1937_thumb.jpg,,Frederick Spencer Chapman,1,2,2022-06-30 20:33:50,342,2024-02-09 15:41:20,"Lhasa, New Year, 1937"
2109,13625,Tsarong-Lhacham-Headdress-Bernard.jpg,Tsarong-Lhacham-Headdress-Bernard_thumb.jpg,/uploads/person/Tsarong-Lhacham-Headdress-Bernard.jpg,/uploads/person/Tsarong-Lhacham-Headdress-Bernard_thumb.jpg,,"Bernard, 1952",0,2,2022-06-30 20:34:45,342,2023-03-23 19:30:19,
2110,3955,khyenrab-norbu.jpg,khyenrab-norbu_thumb.jpg,/uploads/person/khyenrab-norbu.jpg,/uploads/person/khyenrab-norbu_thumb.jpg,,,1,342,2022-07-18 20:19:29,,,Khyenrab Norbu
2111,8354,blo gros rgyal mtshan from sung bum.jpeg,blo gros rgyal mtshan from sung bum_thumb.jpeg,/uploads/person/blo gros rgyal mtshan from sung bum.jpeg,/uploads/person/blo gros rgyal mtshan from sung bum_thumb.jpeg,,Art Engle,1,2,2022-07-26 14:07:32,2,2022-07-26 14:08:04,
2112,8354,Lodro Gyeltsen.jpeg,Lodro Gyeltsen_thumb.jpeg,/uploads/person/Lodro Gyeltsen.jpeg,/uploads/person/Lodro Gyeltsen_thumb.jpeg,,Art Engle,0,2,2022-07-26 14:07:49,,,
2113,12403,tsultrim-nyima.jpg,tsultrim-nyima_thumb.jpg,/uploads/person/tsultrim-nyima.jpg,/uploads/person/tsultrim-nyima_thumb.jpg,,Neema Tashi,1,342,2022-08-16 11:22:08,,,Statue of Lama Tsultrim Nyima at Samtsanling Monastery
2114,6076,Lotsawa-Pakpa-Sherab.jpg,Lotsawa-Pakpa-Sherab_thumb.jpg,/uploads/person/Lotsawa-Pakpa-Sherab.jpg,/uploads/person/Lotsawa-Pakpa-Sherab_thumb.jpg,,Stanzin Dhongag,1,342,2022-08-22 18:12:43,,,
2118,8156,Kachen-Lochen-Zotpa.jpg,Kachen-Lochen-Zotpa_thumb.jpg,/uploads/person/Kachen-Lochen-Zotpa.jpg,/uploads/person/Kachen-Lochen-Zotpa_thumb.jpg,,,1,342,2022-11-02 15:23:53,,,
2119,13738,monk 1166.jpg,monk 1166_thumb.jpg,/uploads/person/monk 1166.jpg,/uploads/person/monk 1166_thumb.jpg,,,1,342,2022-11-02 15:37:08,,,
2120,13737,Geshe-Ngawang-Jungne.jpg,Geshe-Ngawang-Jungne_thumb.jpg,/uploads/person/Geshe-Ngawang-Jungne.jpg,/uploads/person/Geshe-Ngawang-Jungne_thumb.jpg,,,1,342,2022-11-02 15:38:07,,,
2121,8156,kachen-lochen-zotpa-stupa.jpg,kachen-lochen-zotpa-stupa_thumb.jpg,/uploads/person/kachen-lochen-zotpa-stupa.jpg,/uploads/person/kachen-lochen-zotpa-stupa_thumb.jpg,,Neema Tashi,0,342,2022-11-04 13:44:59,,,Stupa containing relics of Kachen Lochen Zotpa at Thikse Monastery
2122,13740,monk 1206.jpg,monk 1206_thumb.jpg,/uploads/person/monk 1206.jpg,/uploads/person/monk 1206_thumb.jpg,1206,,1,2,2022-11-04 20:16:01,,,
2123,13743,monk 1206.jpg,monk 1206_thumb.jpg,/uploads/person/monk 1206.jpg,/uploads/person/monk 1206_thumb.jpg,1206,,1,2,2022-11-17 16:46:34,,,
2127,13723,pembas-hopkinson.jpg,pembas-hopkinson_thumb.jpg,/uploads/person/pembas-hopkinson.jpg,/uploads/person/pembas-hopkinson_thumb.jpg,,Arthur J. Hopkinson,0,342,2022-11-28 16:07:47,342,2022-11-28 16:17:22,"Tsewang Yishey Pemba's parents photographed by Hopkinson, British Trade Agent, 1927-28. Collection of British Museum, 2015, OA+.456."
2128,13744,Lama Chimpa Gyatso as a monk in 1951.jpeg,Lama Chimpa Gyatso as a monk in 1951_thumb.jpeg,/uploads/person/Lama Chimpa Gyatso as a monk in 1951.jpeg,/uploads/person/Lama Chimpa Gyatso as a monk in 1951_thumb.jpeg,,,1,2,2022-12-01 13:14:25,,,
2130,13744,lamachimpa.jpg,lamachimpa_thumb.jpg,/uploads/person/lamachimpa.jpg,/uploads/person/lamachimpa_thumb.jpg,,Barbara Gerke,0,2,2022-12-05 14:02:14,,,
2131,8650,KTL-NJPTeachingThrones.jpg,KTL-NJPTeachingThrones_thumb.jpg,/uploads/person/KTL-NJPTeachingThrones.jpg,/uploads/person/KTL-NJPTeachingThrones_thumb.jpg,,,0,342,2022-12-12 16:09:02,,,
2132,13745,Kunzang Tendron 2.jpeg,Kunzang Tendron 2_thumb.jpeg,/uploads/person/Kunzang Tendron 2.jpeg,/uploads/person/Kunzang Tendron 2_thumb.jpeg,,David Jackson 2020 page 175,1,2,2022-12-13 17:05:46,,,
2133,13745,Kunzang Tendron.jpeg,Kunzang Tendron_thumb.jpeg,/uploads/person/Kunzang Tendron.jpeg,/uploads/person/Kunzang Tendron_thumb.jpeg,,David Jackson 2020 page 196,0,2,2022-12-13 17:06:21,,,
2134,5489,Zhamar 04.jpeg,Zhamar 04_thumb.jpeg,/uploads/person/Zhamar 04.jpeg,/uploads/person/Zhamar 04_thumb.jpeg,,Rubin Museum C2006.66.1,1,2,2023-01-11 14:23:43,,,
2135,13747,1164 repa.jpg,1164 repa_thumb.jpg,/uploads/person/1164 repa.jpg,/uploads/person/1164 repa_thumb.jpg,,1164,1,2,2023-01-11 18:05:07,,,
2137,13749,1164 repa.jpg,1164 repa_thumb.jpg,/uploads/person/1164 repa.jpg,/uploads/person/1164 repa_thumb.jpg,1164,,1,2,2023-01-11 18:09:15,,,
2138,13748,monk 1206.jpg,monk 1206_thumb.jpg,/uploads/person/monk 1206.jpg,/uploads/person/monk 1206_thumb.jpg,1206,,1,2,2023-01-11 18:09:40,,,
2139,13750,woman 1148.jpg,woman 1148_thumb.jpg,/uploads/person/woman 1148.jpg,/uploads/person/woman 1148_thumb.jpg,1148,,1,2,2023-01-11 18:10:55,,,
2140,11003,Pelyul-Choktrul-2.jpg,Pelyul-Choktrul-2_thumb.jpg,/uploads/person/Pelyul-Choktrul-2.jpg,/uploads/person/Pelyul-Choktrul-2_thumb.jpg,,,0,342,2023-01-20 14:52:01,,,
2141,13773,Gelongma Pelmo 40.jpeg,Gelongma Pelmo 40_thumb.jpeg,/uploads/person/Gelongma Pelmo 40.jpeg,/uploads/person/Gelongma Pelmo 40_thumb.jpeg,40,Rubin Museum of Art F1997.1.6,1,2,2023-01-20 15:39:57,,,
2143,5644,Machik 717.jpeg,Machik 717_thumb.jpeg,/uploads/person/Machik 717.jpeg,/uploads/person/Machik 717_thumb.jpeg,717,Rubin P1998.21.5,0,2,2023-02-23 14:28:53,,,
2144,5644,Machik.jpg,Machik_thumb.jpg,/uploads/person/Machik.jpg,/uploads/person/Machik_thumb.jpg,717,Rubin Museum of Art,0,342,2023-02-27 15:08:28,,,
2145,7297,"Damcho, MacDonald page 181.jpeg","Damcho, MacDonald page 181_thumb.jpeg","/uploads/person/Damcho, MacDonald page 181.jpeg","/uploads/person/Damcho, MacDonald page 181_thumb.jpeg",,,0,2,2023-03-01 15:45:54,,,
2146,7297,"Damcho, MacDonald page 181 detail.jpeg","Damcho, MacDonald page 181 detail_thumb.jpeg","/uploads/person/Damcho, MacDonald page 181 detail.jpeg","/uploads/person/Damcho, MacDonald page 181 detail_thumb.jpeg",,,1,2,2023-03-01 15:47:17,,,
2148,3822,Panchen Lama.jpg,Panchen Lama_thumb.jpg,/uploads/person/Panchen Lama.jpg,/uploads/person/Panchen Lama_thumb.jpg,,,0,2,2023-03-13 19:43:12,,,
2149,3822,Ninth Panchen.jpg,Ninth Panchen_thumb.jpg,/uploads/person/Ninth Panchen.jpg,/uploads/person/Ninth Panchen_thumb.jpg,,"Sven Hedin, 1907, in Trans-Himalaya",0,2,2023-03-13 19:44:17,,,
2150,13805,tseyang-reting-2006.jpg,tseyang-reting-2006_thumb.jpg,/uploads/person/tseyang-reting-2006.jpg,/uploads/person/tseyang-reting-2006_thumb.jpg,,,0,342,2023-03-22 22:32:35,,,"Tseyang Sadutshang in Reting, 2006."
2151,13805,sadutshang-family.jpg,sadutshang-family_thumb.jpg,/uploads/person/sadutshang-family.jpg,/uploads/person/sadutshang-family_thumb.jpg,,,0,342,2023-03-22 22:44:13,,,Rinchen and Tseyang Sadutshang with their children
2152,13805,tseyang-portrait.jpg,tseyang-portrait_thumb.jpg,/uploads/person/tseyang-portrait.jpg,/uploads/person/tseyang-portrait_thumb.jpg,,,1,342,2023-03-22 22:44:54,342,2023-03-22 22:45:00,"Tseyang Sadutsang photographed in Calcutta, 1956"
2153,13805,tseyang-1.jpg,tseyang-1_thumb.jpg,/uploads/person/tseyang-1.jpg,/uploads/person/tseyang-1_thumb.jpg,,,0,342,2023-03-22 22:46:56,342,2023-03-22 23:23:29,Tseyang in Lhasa at sixteen
2154,13805,tseyang-engagement.jpg,tseyang-engagement_thumb.jpg,/uploads/person/tseyang-engagement.jpg,/uploads/person/tseyang-engagement_thumb.jpg,,,0,342,2023-03-22 22:49:00,,,Tseyang seated on the far right at age 14 after her engagement
2155,13805,rinchen-tseyang-sadutshang.jpg,rinchen-tseyang-sadutshang_thumb.jpg,/uploads/person/rinchen-tseyang-sadutshang.jpg,/uploads/person/rinchen-tseyang-sadutshang_thumb.jpg,,,0,342,2023-03-22 23:14:28,342,2023-03-23 13:32:42,Rinchen and Tseyang Sadutshang in Kalimpong in the 1960s
2156,13788,woman 1148.jpg,woman 1148_thumb.jpg,/uploads/person/woman 1148.jpg,/uploads/person/woman 1148_thumb.jpg,1148,,1,2,2023-03-23 19:31:39,,,
2157,13787,layman 1147.jpg,layman 1147_thumb.jpg,/uploads/person/layman 1147.jpg,/uploads/person/layman 1147_thumb.jpg,1147,,1,2,2023-03-23 19:56:36,,,
2158,13803,Durdroane Jacksonp347.jpeg,Durdroane Jacksonp347_thumb.jpeg,/uploads/person/Durdroane Jacksonp347.jpeg,/uploads/person/Durdroane Jacksonp347_thumb.jpeg,,Jackson 2020 p 347,1,2,2023-03-23 20:20:05,,,
2159,13794,woman 1148.jpg,woman 1148_thumb.jpg,/uploads/person/woman 1148.jpg,/uploads/person/woman 1148_thumb.jpg,1148,,1,2,2023-03-23 20:32:51,,,
2160,12479,CHOGYE10.jpg,CHOGYE10_thumb.jpg,/uploads/person/CHOGYE10.jpg,/uploads/person/CHOGYE10_thumb.jpg,,,1,2,2023-03-24 16:16:31,,,
2161,12479,Gongmap18.jpeg,Gongmap18_thumb.jpeg,/uploads/person/Gongmap18.jpeg,/uploads/person/Gongmap18_thumb.jpeg,,Gongma Rinpoche page 18,0,2,2023-03-24 16:17:48,,,
2162,8975,NgagkiWangpo.jpg,NgagkiWangpo_thumb.jpg,/uploads/person/NgagkiWangpo.jpg,/uploads/person/NgagkiWangpo_thumb.jpg,65864,,1,342,2023-04-05 14:29:32,,,
2165,13809,Mayumla Tsering Wangmo.jpg,Mayumla Tsering Wangmo_thumb.jpg,/uploads/person/Mayumla Tsering Wangmo.jpg,/uploads/person/Mayumla Tsering Wangmo_thumb.jpg,,Terton Sogyal Trust,1,2,2023-04-20 11:47:00,,,
2168,13809,23 with young Dzogchen Rinpoche.jpg,23 with young Dzogchen Rinpoche_thumb.jpg,/uploads/person/23 with young Dzogchen Rinpoche.jpg,/uploads/person/23 with young Dzogchen Rinpoche_thumb.jpg,,Estate of Gyalyum Kunzang Dechen Tsomo Namgyal,0,2,2023-04-20 11:48:34,,,"Tsering Wangmo with Tsewang Paljor, Khandro Tsering Chodron, and Dzogchen Rinpoche"
2169,13809,280 with Tsewang Paljor and Khandro.jpg,280 with Tsewang Paljor and Khandro_thumb.jpg,/uploads/person/280 with Tsewang Paljor and Khandro.jpg,/uploads/person/280 with Tsewang Paljor and Khandro_thumb.jpg,,Estate of Gyalyum Kunzang Dechen Tsomo Namgyal,0,2,2023-04-20 11:49:22,2,2023-04-20 11:52:37,Tsering Wangmo with Tsewang Paljor and Khandro Tsering Chodron
2170,13809,Mayum Tsering Wangmo with Tsewang Paljor.jpg,Mayum Tsering Wangmo with Tsewang Paljor_thumb.jpg,/uploads/person/Mayum Tsering Wangmo with Tsewang Paljor.jpg,/uploads/person/Mayum Tsering Wangmo with Tsewang Paljor_thumb.jpg,,Terton Sogyal Trust,0,2,2023-04-20 11:50:59,,,Tsering Wangmo with Tsewang Paljor
2171,13809,Tsewang Paljor Mayum Tsering Wangmo and Khandro.jp,Tsewang Paljor Mayum Tsering Wangmo and Khandro_thumb.jpg,/uploads/person/Tsewang Paljor Mayum Tsering Wangmo and Khandro.jp,/uploads/person/Tsewang Paljor Mayum Tsering Wangmo and Khandro_thumb.jpg,,Terton Sogyal Trust,0,2,2023-04-20 12:02:05,,,Tsering Wangmo with Tsewang Paljor and Khandro Tsering Chodron
2172,4224,monk 1166.jpg,monk 1166_thumb.jpg,/uploads/person/monk 1166.jpg,/uploads/person/monk 1166_thumb.jpg,1166,,1,2,2023-04-20 15:58:37,,,
2173,12745,monk 1166.jpg,monk 1166_thumb.jpg,/uploads/person/monk 1166.jpg,/uploads/person/monk 1166_thumb.jpg,1166,,1,2,2023-04-20 19:06:19,,,
2174,10203,monk 1206.jpg,monk 1206_thumb.jpg,/uploads/person/monk 1206.jpg,/uploads/person/monk 1206_thumb.jpg,1206,,1,2,2023-04-20 19:26:54,,,
2175,13249,monk 1206.jpg,monk 1206_thumb.jpg,/uploads/person/monk 1206.jpg,/uploads/person/monk 1206_thumb.jpg,1206,,1,2,2023-04-20 19:41:07,,,
2176,13246,monk 1206.jpg,monk 1206_thumb.jpg,/uploads/person/monk 1206.jpg,/uploads/person/monk 1206_thumb.jpg,1206,,1,2,2023-04-24 15:00:36,,,
2177,13797,layman 1165.jpg,layman 1165_thumb.jpg,/uploads/person/layman 1165.jpg,/uploads/person/layman 1165_thumb.jpg,1165,,1,2,2023-04-24 15:09:43,,,
2178,13795,monk 1166.jpg,monk 1166_thumb.jpg,/uploads/person/monk 1166.jpg,/uploads/person/monk 1166_thumb.jpg,1166,,1,2,2023-04-24 15:33:22,,,
2179,13796,monk 1166.jpg,monk 1166_thumb.jpg,/uploads/person/monk 1166.jpg,/uploads/person/monk 1166_thumb.jpg,1166,,1,2,2023-04-24 15:51:50,,,
2180,13708,woman 1148.jpg,woman 1148_thumb.jpg,/uploads/person/woman 1148.jpg,/uploads/person/woman 1148_thumb.jpg,1148,,1,2,2023-05-11 13:23:52,,,
2181,13810,Unknown.jpeg,Unknown_thumb.jpeg,/uploads/person/Unknown.jpeg,/uploads/person/Unknown_thumb.jpeg,,,1,2,2023-05-12 15:42:11,,,
2183,2945,3.jpeg,3_thumb.jpeg,/uploads/person/3.jpeg,/uploads/person/3_thumb.jpeg,,,1,2,2023-05-18 15:30:56,,,
2184,2945,5.jpeg,5_thumb.jpeg,/uploads/person/5.jpeg,/uploads/person/5_thumb.jpeg,,,0,2,2023-05-18 15:31:02,,,
2185,11158,monk 1206.jpg,monk 1206_thumb.jpg,/uploads/person/monk 1206.jpg,/uploads/person/monk 1206_thumb.jpg,1206,,1,2,2023-06-02 18:14:21,,,
2186,13806,monk 1166.jpg,monk 1166_thumb.jpg,/uploads/person/monk 1166.jpg,/uploads/person/monk 1166_thumb.jpg,1166,,1,2,2023-06-05 16:22:17,,,
2187,13793,monk 1206.jpg,monk 1206_thumb.jpg,/uploads/person/monk 1206.jpg,/uploads/person/monk 1206_thumb.jpg,1206,,1,2,2023-06-05 16:45:39,,,
2188,12613,monk 1206.jpg,monk 1206_thumb.jpg,/uploads/person/monk 1206.jpg,/uploads/person/monk 1206_thumb.jpg,1206,,1,2,2023-06-05 19:27:54,,,
2189,13647,monk 1206.jpg,monk 1206_thumb.jpg,/uploads/person/monk 1206.jpg,/uploads/person/monk 1206_thumb.jpg,1206,,1,2,2023-06-05 21:44:51,,,
2190,13798,monk 1206.jpg,monk 1206_thumb.jpg,/uploads/person/monk 1206.jpg,/uploads/person/monk 1206_thumb.jpg,1206,,1,2,2023-06-05 21:56:30,,,
2191,13248,monk 1166.jpg,monk 1166_thumb.jpg,/uploads/person/monk 1166.jpg,/uploads/person/monk 1166_thumb.jpg,1166,,1,2,2023-06-06 13:04:04,,,
2192,13789,layman 1147.jpg,layman 1147_thumb.jpg,/uploads/person/layman 1147.jpg,/uploads/person/layman 1147_thumb.jpg,1147,,1,2,2023-06-06 13:26:32,,,
2193,4310,Zimwok05Jackson2011p21.jpeg,Zimwok05Jackson2011p21_thumb.jpeg,/uploads/person/Zimwok05Jackson2011p21.jpeg,/uploads/person/Zimwok05Jackson2011p21_thumb.jpeg,,Jackson 2011 p. 21,1,2,2023-06-06 14:22:31,,,
2194,13811,From Talbott.jpeg,From Talbott_thumb.jpeg,/uploads/person/From Talbott.jpeg,/uploads/person/From Talbott_thumb.jpeg,,"Talbott, Tendrel",1,2,2023-06-07 19:53:32,,,
2195,13812,Singyang.jpg,Singyang_thumb.jpg,/uploads/person/Singyang.jpg,/uploads/person/Singyang_thumb.jpg,,"Kunzang Choden Bhutia, 2023",1,2,2023-06-15 12:56:44,,,
2196,13690,Khangchenne_Siegel_Dieter_Schuh.jpg,Khangchenne_Siegel_Dieter_Schuh_thumb.jpg,/uploads/person/Khangchenne_Siegel_Dieter_Schuh.jpg,/uploads/person/Khangchenne_Siegel_Dieter_Schuh_thumb.jpg,,Dieter Schuh,1,2,2023-06-15 16:02:29,,,
2197,12981,Chagdud Tulku.jpeg,Chagdud Tulku_thumb.jpeg,/uploads/person/Chagdud Tulku.jpeg,/uploads/person/Chagdud Tulku_thumb.jpeg,,Chagdudgonpa.org,1,2,2023-06-16 19:17:15,,,
2199,8456,1164 repa.jpg,1164 repa_thumb.jpg,/uploads/person/1164 repa.jpg,/uploads/person/1164 repa_thumb.jpg,1164,,1,2,2023-06-20 14:12:11,,,
2200,8455,woman 1148.jpg,woman 1148_thumb.jpg,/uploads/person/woman 1148.jpg,/uploads/person/woman 1148_thumb.jpg,1148,,1,2,2023-06-20 14:22:33,,,
2201,8454,layman 1166.jpg,layman 1166_thumb.jpg,/uploads/person/layman 1166.jpg,/uploads/person/layman 1166_thumb.jpg,1166,,1,2,2023-06-21 13:57:29,,,
2202,13811,gyurda-footprint.jpg,gyurda-footprint_thumb.jpg,/uploads/person/gyurda-footprint.jpg,/uploads/person/gyurda-footprint_thumb.jpg,,Samphe Lhalungpa,0,342,2023-06-28 15:08:47,,,Lama Gyurdrak's Footprint left in stone 
2203,13811,gyurda-lhalungpa-delhi.jpg,gyurda-lhalungpa-delhi_thumb.jpg,/uploads/person/gyurda-lhalungpa-delhi.jpg,/uploads/person/gyurda-lhalungpa-delhi_thumb.jpg,,Samphe Lhalungpa,0,342,2023-06-28 15:09:23,342,2023-06-28 15:10:04,Lama Gyurdrak (left) in Delhi with Lobsang P. Lhalungpa (right)
2204,13811,gyurda-delhi.jpg,gyurda-delhi_thumb.jpg,/uploads/person/gyurda-delhi.jpg,/uploads/person/gyurda-delhi_thumb.jpg,,Samphe Lhalungpa,0,342,2023-06-28 15:13:26,,,Lama Gyurdrak in Delhi
2205,1721,woman 1148.jpg,woman 1148_thumb.jpg,/uploads/person/woman 1148.jpg,/uploads/person/woman 1148_thumb.jpg,1148,,1,2,2023-07-06 14:15:50,,,
2206,1719,woman 1148.jpg,woman 1148_thumb.jpg,/uploads/person/woman 1148.jpg,/uploads/person/woman 1148_thumb.jpg,1148,,1,2,2023-07-06 14:26:18,,,
2208,3627,woman 1148.jpg,woman 1148_thumb.jpg,/uploads/person/woman 1148.jpg,/uploads/person/woman 1148_thumb.jpg,1148,,1,2,2023-07-07 20:32:02,2,2023-07-07 20:40:01,
2210,13816,3.jpeg,3_thumb.jpeg,/uploads/person/3.jpeg,/uploads/person/3_thumb.jpeg,,Dhondup T. Rekjong,1,2,2023-07-18 21:14:31,342,2023-07-19 0:47:41,Pema Tseden in Chicago (2019)
2211,13816,PT_2016.jpeg,PT_2016_thumb.jpeg,/uploads/person/PT_2016.jpeg,/uploads/person/PT_2016_thumb.jpeg,,The Latse Project,0,342,2023-07-19 0:49:07,,,"Pema Tseden at a reading of his collected short stories organized by Latse Library, held in Jackson Heights, NY (2016)"
2212,13816,pema-tseden-old-dog.jpg,pema-tseden-old-dog_thumb.jpg,/uploads/person/pema-tseden-old-dog.jpg,/uploads/person/pema-tseden-old-dog_thumb.jpg,,Latse Journal 7,0,342,2023-07-19 0:50:12,342,2023-09-19 19:08:03,"Dukar Tsering, Pema Tseden, Sonthar Gyal (L-R) on the set of Old Dog (2011)"
2213,13816,pema-tseden-chicago.jpg,pema-tseden-chicago_thumb.jpg,/uploads/person/pema-tseden-chicago.jpg,/uploads/person/pema-tseden-chicago_thumb.jpg,,Dhondup T. Rekjong,0,342,2023-07-19 0:51:15,,,Pema Tseden in Chicago for the North American premier of Balloon (2019)
2214,13816,tibetan-filmmakers.jpg,tibetan-filmmakers_thumb.jpg,/uploads/person/tibetan-filmmakers.jpg,/uploads/person/tibetan-filmmakers_thumb.jpg,,Kristina DyLiacco,0,342,2023-07-19 0:52:11,342,2023-07-19 15:51:44,"Khashem Gyal, Pema Tseden, Pema Tashi, Sonthar Gyal (L-R) at the Museum of the American Indian in New York City (2014)"
2215,13816,pema-tseden-procession.jpg,pema-tseden-procession_thumb.jpg,/uploads/person/pema-tseden-procession.jpg,/uploads/person/pema-tseden-procession_thumb.jpg,,Rindor,0,342,2023-07-19 0:52:43,342,2023-07-19 12:52:27,"Procession for Pema Tseden around the Jokhang, Lhasa, 2023"
2216,13816,pema-tseden-tharlo-moma.jpg,pema-tseden-tharlo-moma_thumb.jpg,/uploads/person/pema-tseden-tharlo-moma.jpg,/uploads/person/pema-tseden-tharlo-moma_thumb.jpg,,The Latse Project,0,342,2023-07-19 1:17:23,342,2023-07-19 15:53:49,"Tenzin Gelek, Pema Tseden, La Frances Hui (L-R). Pema Tseden in a post-screening discussion for his film, Tharlo, MoMA (2016)"
2217,13816,2.jpg,2_thumb.jpg,/uploads/person/2.jpg,/uploads/person/2_thumb.jpg,,Dhondup T. Rekjong,0,342,2023-07-19 3:09:55,,,Pema Tseden in Chicago for the North American premier of Balloon (2019)
2218,12439,Picture1.jpg,Picture1_thumb.jpg,/uploads/person/Picture1.jpg,/uploads/person/Picture1_thumb.jpg,,Jürgen C. Aschoff,0,2,2023-08-01 19:04:16,,,T.Y. Tashigang packaging precious pills in his dispensary in Delhi.
2219,12439,Picture2.jpg,Picture2_thumb.jpg,/uploads/person/Picture2.jpg,/uploads/person/Picture2_thumb.jpg,,Jürgen C. Aschoff,0,2,2023-08-01 19:04:43,,,Amchi Tashigang in his personal library in Delhi.
2220,12439,Picture1.jpeg,Picture1_thumb.jpeg,/uploads/person/Picture1.jpeg,/uploads/person/Picture1_thumb.jpeg,,,1,2,2023-08-01 19:05:47,,,
2221,7004,geshe-wangyal.jpeg,geshe-wangyal_thumb.jpeg,/uploads/person/geshe-wangyal.jpeg,/uploads/person/geshe-wangyal_thumb.jpeg,,,1,2,2023-08-11 15:46:55,,,
2222,13817,Gönpo Wangyal.jpeg,Gönpo Wangyal_thumb.jpeg,/uploads/person/Gönpo Wangyal.jpeg,/uploads/person/Gönpo Wangyal_thumb.jpeg,,Sprul sku tshul lo 2014,1,2,2023-08-14 15:54:08,,,
2224,13790,lady1014.jpg,lady1014_thumb.jpg,/uploads/person/lady1014.jpg,/uploads/person/lady1014_thumb.jpg,1014,,1,2,2023-08-14 17:11:49,,,
2225,13791,1164 king.jpg,1164 king_thumb.jpg,/uploads/person/1164 king.jpg,/uploads/person/1164 king_thumb.jpg,1164,,1,2,2023-08-14 17:15:06,,,
2226,11428,layman 1147.jpg,layman 1147_thumb.jpg,/uploads/person/layman 1147.jpg,/uploads/person/layman 1147_thumb.jpg,1147,,1,2,2023-08-17 15:46:43,,,
2227,13819,woman 1148.jpg,woman 1148_thumb.jpg,/uploads/person/woman 1148.jpg,/uploads/person/woman 1148_thumb.jpg,1148,,1,2,2023-08-24 15:19:07,,,
2228,10320,woman 1148.jpg,woman 1148_thumb.jpg,/uploads/person/woman 1148.jpg,/uploads/person/woman 1148_thumb.jpg,1148,,1,2,2023-08-24 15:46:10,,,
2229,10319,woman 1148.jpg,woman 1148_thumb.jpg,/uploads/person/woman 1148.jpg,/uploads/person/woman 1148_thumb.jpg,1148,,1,2,2023-08-24 15:54:12,,,
2230,13820,Kunzang Dechen copy.jpeg,Kunzang Dechen copy_thumb.jpeg,/uploads/person/Kunzang Dechen copy.jpeg,/uploads/person/Kunzang Dechen copy_thumb.jpeg,,,1,2,2023-08-28 13:48:03,,,
2231,13820,Kunzang Dechen.jpeg,Kunzang Dechen_thumb.jpeg,/uploads/person/Kunzang Dechen.jpeg,/uploads/person/Kunzang Dechen_thumb.jpeg,,,0,2,2023-08-28 13:48:56,2,2023-08-28 13:51:11,Kunzang Dechen with Chokyi Nyima Rinpoche
2232,8972,Penor Rinpoche.jpeg,Penor Rinpoche_thumb.jpeg,/uploads/person/Penor Rinpoche.jpeg,/uploads/person/Penor Rinpoche_thumb.jpeg,,Palri Pema Od Ling,1,2,2023-08-30 16:25:50,,,
2233,8972,Penor Rinpoche at Namdroling.jpeg,Penor Rinpoche at Namdroling_thumb.jpeg,/uploads/person/Penor Rinpoche at Namdroling.jpeg,/uploads/person/Penor Rinpoche at Namdroling_thumb.jpeg,,Namdroling Monastery,0,2,2023-08-30 16:26:38,,,
2234,12765,Gyatrul_Rinpoche2.jpeg,Gyatrul_Rinpoche2_thumb.jpeg,/uploads/person/Gyatrul_Rinpoche2.jpeg,/uploads/person/Gyatrul_Rinpoche2_thumb.jpeg,,Vimala Treasures,1,2,2023-08-30 17:09:11,,,
2237,13823,monk 1206.jpg,monk 1206_thumb.jpg,/uploads/person/monk 1206.jpg,/uploads/person/monk 1206_thumb.jpg,1206,,1,2,2023-08-31 16:00:20,,,
2239,13825,monk 1206.jpg,monk 1206_thumb.jpg,/uploads/person/monk 1206.jpg,/uploads/person/monk 1206_thumb.jpg,1206,,1,2,2023-08-31 16:24:07,,,
2241,2424,R-XV-38_detail.jpeg,R-XV-38_detail_thumb.jpeg,/uploads/person/R-XV-38_detail.jpeg,/uploads/person/R-XV-38_detail_thumb.jpeg,,Phoebe Apperson Hearst Anthropological Museum,1,2,2023-09-08 20:28:45,2,2023-09-08 20:29:44,"Theos Bernard, Summer 1937, image R-XV-38"
2242,2424,R-XV-38.jpeg,R-XV-38_thumb.jpeg,/uploads/person/R-XV-38.jpeg,/uploads/person/R-XV-38_thumb.jpeg,,Phoebe Apperson Hearst Anthropological Museum,0,2,2023-09-08 20:30:33,,,"Theos Bernard, Summer 1937, image R-XV-38"
2243,2424,P079-1-A.jpeg,P079-1-A_thumb.jpeg,/uploads/person/P079-1-A.jpeg,/uploads/person/P079-1-A_thumb.jpeg,,"What Tibet Was, p.7",0,2,2023-09-08 20:33:50,,,circa 1935
2245,2424,Horkhang with his wife and children.jpeg,Horkhang with his wife and children_thumb.jpeg,/uploads/person/Horkhang with his wife and children.jpeg,/uploads/person/Horkhang with his wife and children_thumb.jpeg,,Byams pa bstan dar,0,2,2023-09-08 20:36:45,,,Horkhang with wife and children
2246,2424,Horkhang.jpeg,Horkhang_thumb.jpeg,/uploads/person/Horkhang.jpeg,/uploads/person/Horkhang_thumb.jpeg,,"Hor khang bsod nams dpal 'bar gyi gsung rtsom, i",0,2,2023-09-08 20:37:50,,,
2247,2950,Takser Rinpoche at IU.jpeg,Takser Rinpoche at IU_thumb.jpeg,/uploads/person/Takser Rinpoche at IU.jpeg,/uploads/person/Takser Rinpoche at IU_thumb.jpeg,,IU P0027611,0,2,2023-09-15 11:35:34,2,2023-09-15 11:36:36,circa 1966
2248,2950,Takser Rinpoche.jpeg,Takser Rinpoche_thumb.jpeg,/uploads/person/Takser Rinpoche.jpeg,/uploads/person/Takser Rinpoche_thumb.jpeg,,IU P0027615,1,2,2023-09-15 11:38:02,,,"October 6, 1970"
2249,2950,"Takser Rinpoche, Indiana University.jpeg","Takser Rinpoche, Indiana University_thumb.jpeg","/uploads/person/Takser Rinpoche, Indiana University.jpeg","/uploads/person/Takser Rinpoche, Indiana University_thumb.jpeg",,IU P0027612,0,2,2023-09-15 11:38:40,,,"March 10, 1972"
2250,10019,dudjom1.jpg,dudjom1_thumb.jpg,/uploads/person/dudjom1.jpg,/uploads/person/dudjom1_thumb.jpg,,,1,2,2023-09-15 15:53:33,,,
2254,3208,jamyang namkha gyaltsen.jpg,jamyang namkha gyaltsen_thumb.jpg,/uploads/person/jamyang namkha gyaltsen.jpg,/uploads/person/jamyang namkha gyaltsen_thumb.jpg,,,1,2,2023-09-19 11:55:11,,,
2255,11437,Picture1.jpg,Picture1_thumb.jpg,/uploads/person/Picture1.jpg,/uploads/person/Picture1_thumb.jpg,,Takten Labrang,1,2,2023-09-19 16:23:12,342,2023-10-18 22:39:17,The Ninth Bogd Jebtsundampa Khutugtu
2256,11252,Shamarpa.jpg,Shamarpa_thumb.jpg,/uploads/person/Shamarpa.jpg,/uploads/person/Shamarpa_thumb.jpg,,,1,2,2023-09-19 17:05:50,,,
2257,10029,Thinley Norbu Rinpoche.jpg,Thinley Norbu Rinpoche_thumb.jpg,/uploads/person/Thinley Norbu Rinpoche.jpg,/uploads/person/Thinley Norbu Rinpoche_thumb.jpg,,,1,2,2023-09-19 17:09:02,,,
2258,13831,Rato Rinpoche.jpeg,Rato Rinpoche_thumb.jpeg,/uploads/person/Rato Rinpoche.jpeg,/uploads/person/Rato Rinpoche_thumb.jpeg,,,1,2,2023-09-19 19:47:49,,,
2259,13832,"Geshe Sopa, 1978, Carol Royce-Wilder LYWA.jpeg","Geshe Sopa, 1978, Carol Royce-Wilder LYWA_thumb.jpeg","/uploads/person/Geshe Sopa, 1978, Carol Royce-Wilder LYWA.jpeg","/uploads/person/Geshe Sopa, 1978, Carol Royce-Wilder LYWA_thumb.jpeg",,"Carol Royce-Wilder, 1978, LYWA",1,2,2023-09-19 20:03:13,,,
2260,13833,Gelek_Rimpoche.jpeg,Gelek_Rimpoche_thumb.jpeg,/uploads/person/Gelek_Rimpoche.jpeg,/uploads/person/Gelek_Rimpoche_thumb.jpeg,,Jewel Heart,1,2,2023-09-19 20:13:09,,,
2261,1746,Gelek_Rimpoche.jpeg,Gelek_Rimpoche_thumb.jpeg,/uploads/person/Gelek_Rimpoche.jpeg,/uploads/person/Gelek_Rimpoche_thumb.jpeg,,Jewel Heart,1,2,2023-09-20 14:06:40,,,
2262,8182,Khenpo Brothers.jpeg,Khenpo Brothers_thumb.jpeg,/uploads/person/Khenpo Brothers.jpeg,/uploads/person/Khenpo Brothers_thumb.jpeg,,,0,2,2023-09-20 19:57:04,,,
2263,13834,Tharchin Amitabha Foundation.jpeg,Tharchin Amitabha Foundation_thumb.jpeg,/uploads/person/Tharchin Amitabha Foundation.jpeg,/uploads/person/Tharchin Amitabha Foundation_thumb.jpeg,,Amitabha Foundation,0,2,2023-09-22 14:04:31,,,
2264,13834,Tharchin Dharma Treasures.jpeg,Tharchin Dharma Treasures_thumb.jpeg,/uploads/person/Tharchin Dharma Treasures.jpeg,/uploads/person/Tharchin Dharma Treasures_thumb.jpeg,,Dharma Treasures,1,2,2023-09-22 14:04:48,,,
2266,13810,Lama Lodro Rabsel with Lama Dribdel kudung.jpg,Lama Lodro Rabsel with Lama Dribdel kudung_thumb.jpg,/uploads/person/Lama Lodro Rabsel with Lama Dribdel kudung.jpg,/uploads/person/Lama Lodro Rabsel with Lama Dribdel kudung_thumb.jpg,,,0,2,2023-09-25 13:53:20,,,Minyak lama Lodro Rabsel with the kudung in Dolho Dungkhar
2267,9278,Namkhai Norbu.jpeg,Namkhai Norbu_thumb.jpeg,/uploads/person/Namkhai Norbu.jpeg,/uploads/person/Namkhai Norbu_thumb.jpeg,,,0,2,2023-09-26 15:40:50,,,
2268,13828,woman 1148.jpg,woman 1148_thumb.jpg,/uploads/person/woman 1148.jpg,/uploads/person/woman 1148_thumb.jpg,1148,,1,2,2023-10-17 16:17:16,,,
2269,11437,Jebtsundampa-1.jpg,Jebtsundampa-1_thumb.jpg,/uploads/person/Jebtsundampa-1.jpg,/uploads/person/Jebtsundampa-1_thumb.jpg,,Takten Labrang,0,342,2023-10-19 0:03:59,,,"Young Jebtsundamba Khutugtu, Tibet, 1940s"
2270,11437,Jebtsundampa-3.jpg,Jebtsundampa-3_thumb.jpg,/uploads/person/Jebtsundampa-3.jpg,/uploads/person/Jebtsundampa-3_thumb.jpg,,Oohnoin Batsaihan,0,342,2023-10-19 0:04:57,,,"Seal offered to the Jebtsundampa Khutugtu, 1999"
2271,11437,Jebtsundampa-4.jpg,Jebtsundampa-4_thumb.jpg,/uploads/person/Jebtsundampa-4.jpg,/uploads/person/Jebtsundampa-4_thumb.jpg,,Oohnoin Batsaihan,0,342,2023-10-19 0:05:30,,,"Seal offered to the Jebtsundampa Khutugtu, 2011"
2272,11437,Jebtsundampa-5.jpg,Jebtsundampa-5_thumb.jpg,/uploads/person/Jebtsundampa-5.jpg,/uploads/person/Jebtsundampa-5_thumb.jpg,,Hishigtiin Myaraigombo,0,342,2023-10-19 0:06:03,,,"The Ninth Jebtsundampa Khutugtu, Simla, India "
2273,11437,Jebtsundampa-6.jpg,Jebtsundampa-6_thumb.jpg,/uploads/person/Jebtsundampa-6.jpg,/uploads/person/Jebtsundampa-6_thumb.jpg,,Hishigtiin Myaraigombo,0,342,2023-10-19 0:06:59,,,"The Jebtsundampa Khutugtu with Mongolian students Takten Puntsok Choling, Shimla, India, 2008"
2274,11437,Jebtsundampa-7.jpg,Jebtsundampa-7_thumb.jpg,/uploads/person/Jebtsundampa-7.jpg,/uploads/person/Jebtsundampa-7_thumb.jpg,,Oohnoin Batsaihan,0,342,2023-10-19 0:07:40,,,"The Ninth Jebtsundamba Khutugtu, President Tsahiagiin Elbegdorj and abbot Dembereliin Choijamts at the ceremony of Mongolian citizenship, Presidential Palace 2010"
2275,11437,Jebtsundampa-8.jpg,Jebtsundampa-8_thumb.jpg,/uploads/person/Jebtsundampa-8.jpg,/uploads/person/Jebtsundampa-8_thumb.jpg,,Gandantegchenling Monastery,0,342,2023-10-19 0:08:30,,,"Enthronement ceremony, Gandantegchenling monastery, 2011"
2276,11437,Jebtsundampa-2.jpg,Jebtsundampa-2_thumb.jpg,/uploads/person/Jebtsundampa-2.jpg,/uploads/person/Jebtsundampa-2_thumb.jpg,,Oohnoin Batsaihan,0,342,2023-10-19 0:12:20,,,"Enthronement ceremony Dharmasala,1992 "
2277,13836,monk 1166.jpg,monk 1166_thumb.jpg,/uploads/person/monk 1166.jpg,/uploads/person/monk 1166_thumb.jpg,1166,,0,2,2023-10-23 18:09:17,,,
2279,13837,monk 1206.jpg,monk 1206_thumb.jpg,/uploads/person/monk 1206.jpg,/uploads/person/monk 1206_thumb.jpg,1206,,1,2,2023-10-23 18:15:28,,,
2280,13838,monk 1166.jpg,monk 1166_thumb.jpg,/uploads/person/monk 1166.jpg,/uploads/person/monk 1166_thumb.jpg,1166,,1,2,2023-10-23 18:25:33,,,
2281,13839,monk 1206.jpg,monk 1206_thumb.jpg,/uploads/person/monk 1206.jpg,/uploads/person/monk 1206_thumb.jpg,1206,,1,2,2023-10-23 18:29:50,,,
2282,13840,monk 1206.jpg,monk 1206_thumb.jpg,/uploads/person/monk 1206.jpg,/uploads/person/monk 1206_thumb.jpg,1206,,1,2,2023-10-23 18:40:21,,,
2283,13841,monk 1206.jpg,monk 1206_thumb.jpg,/uploads/person/monk 1206.jpg,/uploads/person/monk 1206_thumb.jpg,1206,,1,2,2023-10-23 18:46:57,,,
2284,13842,monk 1166.jpg,monk 1166_thumb.jpg,/uploads/person/monk 1166.jpg,/uploads/person/monk 1166_thumb.jpg,1166,,1,2,2023-10-23 18:53:58,,,
2287,13843,Dudjom_Sangyum_Kusho_Tseten_Yudron (1).jpeg,Dudjom_Sangyum_Kusho_Tseten_Yudron (1)_thumb.jpeg,/uploads/person/Dudjom_Sangyum_Kusho_Tseten_Yudron (1).jpeg,/uploads/person/Dudjom_Sangyum_Kusho_Tseten_Yudron (1)_thumb.jpeg,,Shambhala Publications,0,2,2023-10-27 14:49:52,,,Tseten Yudron with Thinley Norbu Rinpoche (left) and Phende Norbu Rinpoche (right)
2289,13843,Dudjom_Sangyum_Kusho_Tseten_Yudron (2).jpeg,Dudjom_Sangyum_Kusho_Tseten_Yudron (2)_thumb.jpeg,/uploads/person/Dudjom_Sangyum_Kusho_Tseten_Yudron (2).jpeg,/uploads/person/Dudjom_Sangyum_Kusho_Tseten_Yudron (2)_thumb.jpeg,,Shambhala Publications,1,2,2023-10-27 14:54:42,,,
2290,12446,Screenshot 2023-10-27 at 8.41.00 AM.jpeg,Screenshot 2023-10-27 at 8.41.00 AM_thumb.jpeg,/uploads/person/Screenshot 2023-10-27 at 8.41.00 AM.jpeg,/uploads/person/Screenshot 2023-10-27 at 8.41.00 AM_thumb.jpeg,90721,,1,2,2023-10-27 19:19:36,,,
2292,9895,Khenpo_Ngakchung_2.jpg,Khenpo_Ngakchung_2_thumb.jpg,/uploads/person/Khenpo_Ngakchung_2.jpg,/uploads/person/Khenpo_Ngakchung_2_thumb.jpg,,,0,2,2023-11-07 15:34:10,,,
2294,9895,Ngawang Pelzang.jpeg,Ngawang Pelzang_thumb.jpeg,/uploads/person/Ngawang Pelzang.jpeg,/uploads/person/Ngawang Pelzang_thumb.jpeg,,,1,2,2023-11-07 15:34:38,2,2023-11-07 15:34:56,
2295,11731,Ngawang Trinle.jpg,Ngawang Trinle_thumb.jpg,/uploads/person/Ngawang Trinle.jpg,/uploads/person/Ngawang Trinle_thumb.jpg,,,1,2,2023-11-10 20:55:48,,,
2296,13850,Khandro Bumo.jpg,Khandro Bumo_thumb.jpg,/uploads/person/Khandro Bumo.jpg,/uploads/person/Khandro Bumo_thumb.jpg,,"Pistono, Fearless in Tibet",1,2,2023-11-13 21:47:21,,,
2297,13702,layman 1165.jpg,layman 1165_thumb.jpg,/uploads/person/layman 1165.jpg,/uploads/person/layman 1165_thumb.jpg,,1165,1,2,2023-11-15 15:58:07,,,
2298,13703,lady1014.jpg,lady1014_thumb.jpg,/uploads/person/lady1014.jpg,/uploads/person/lady1014_thumb.jpg,1014,,1,2,2023-11-15 15:59:32,,,
2300,4691,katok-getse.jpg,katok-getse_thumb.jpg,/uploads/person/katok-getse.jpg,/uploads/person/katok-getse_thumb.jpg,,,1,342,2023-12-06 17:32:17,342,2023-12-06 17:41:20,"Collected Works of Katok Getse Mahapandita, si khron tang deb tshogs pa, 2014"
2301,13822,geshe-mila.jpg,geshe-mila_thumb.jpg,/uploads/person/geshe-mila.jpg,/uploads/person/geshe-mila_thumb.jpg,,Neema Tashi,1,342,2023-12-07 18:38:14,,,Geshe Mila detail from a mural in Mangyu village
2302,13822,20220614_155126.jpg,20220614_155126_thumb.jpg,/uploads/person/20220614_155126.jpg,/uploads/person/20220614_155126_thumb.jpg,,Neema Tashi,0,342,2023-12-07 18:41:44,,,Shrine in Mangyu village with portrait of Geshe Mila
2303,13821,konchok-sonam.jpg,konchok-sonam_thumb.jpg,/uploads/person/konchok-sonam.jpg,/uploads/person/konchok-sonam_thumb.jpg,,,1,342,2023-12-07 19:18:27,,,"dkon mchog bsod nams kyi me tshe'i lo rgyus, J & K Academy of Art, Culture and Languages, 2007."
2304,13824,konchok-tokdrol.jpg,konchok-tokdrol_thumb.jpg,/uploads/person/konchok-tokdrol.jpg,/uploads/person/konchok-tokdrol_thumb.jpg,,,1,342,2023-12-07 19:25:07,,,
2305,13824,konchok-tokdrol-drigung-chetsang.jpg,konchok-tokdrol-drigung-chetsang_thumb.jpg,/uploads/person/konchok-tokdrol-drigung-chetsang.jpg,/uploads/person/konchok-tokdrol-drigung-chetsang_thumb.jpg,,Neema Tashi,0,342,2023-12-07 19:30:32,,,Konchok Tokdrol with Drigung Chetsang
2308,9688,Dudjom Lingpa 4706.jpeg,Dudjom Lingpa 4706_thumb.jpeg,/uploads/person/Dudjom Lingpa 4706.jpeg,/uploads/person/Dudjom Lingpa 4706_thumb.jpeg,4706,,1,2,2023-12-13 15:19:48,,,
2309,9105,Dudul Dorje.jpeg,Dudul Dorje_thumb.jpeg,/uploads/person/Dudul Dorje.jpeg,/uploads/person/Dudul Dorje_thumb.jpeg,,Joseph McClellan,1,2,2023-12-18 14:56:33,2,2023-12-18 21:12:48,
2314,9105,dorje-dudul.jpg,dorje-dudul_thumb.jpg,/uploads/person/dorje-dudul.jpg,/uploads/person/dorje-dudul_thumb.jpg,,Joseph McClellan,0,342,2023-12-18 20:26:54,,,Dudul Dorje depicted on a Katok Monastery Mural
2316,13853,Queen 58989.jpeg,Queen 58989_thumb.jpeg,/uploads/person/Queen 58989.jpeg,/uploads/person/Queen 58989_thumb.jpeg,58989,Rubin Museum of Art C2012.4.4,1,2,2023-12-19 14:01:36,,,
2320,13857,monk 1206.jpg,monk 1206_thumb.jpg,/uploads/person/monk 1206.jpg,/uploads/person/monk 1206_thumb.jpg,1206,,1,2,2024-01-08 14:55:25,,,
2321,13858,monk 1206.jpg,monk 1206_thumb.jpg,/uploads/person/monk 1206.jpg,/uploads/person/monk 1206_thumb.jpg,1206,,1,2,2024-01-08 14:59:03,,,
2325,13855,monk 1206.jpg,monk 1206_thumb.jpg,/uploads/person/monk 1206.jpg,/uploads/person/monk 1206_thumb.jpg,1206,,1,2,2024-01-08 15:56:51,,,
2326,3436,I3CN79220015.jpeg,I3CN79220015_thumb.jpeg,/uploads/person/I3CN79220015.jpeg,/uploads/person/I3CN79220015_thumb.jpeg,,"mdo mkhyen brtse ye shes rdo rje'i gsung 'bum, vol",1,2,2024-01-10 17:38:17,,,
2327,13859,KagyuTulku_7.jpg,KagyuTulku_7_thumb.jpg,/uploads/person/KagyuTulku_7.jpg,/uploads/person/KagyuTulku_7_thumb.jpg,,Marlene Erschbamer,1,2,2024-01-12 13:51:26,,,
2328,9764,KagyuTulku_3_Papyuk.jpg,KagyuTulku_3_Papyuk_thumb.jpg,/uploads/person/KagyuTulku_3_Papyuk.jpg,/uploads/person/KagyuTulku_3_Papyuk_thumb.jpg,,Marlene Erschbamer,1,2,2024-01-12 13:57:03,2,2024-01-12 13:57:39,statue kept at Tsangek Monastry
2329,9764,KagyuTulku_3_Tsangek.jpg,KagyuTulku_3_Tsangek_thumb.jpg,/uploads/person/KagyuTulku_3_Tsangek.jpg,/uploads/person/KagyuTulku_3_Tsangek_thumb.jpg,,Marlene Erschbamer,0,2,2024-01-12 13:57:32,,,statue kept at Papyuk Monastery
2330,13856,KagyuTulku_4_Papyuk.jpg,KagyuTulku_4_Papyuk_thumb.jpg,/uploads/person/KagyuTulku_4_Papyuk.jpg,/uploads/person/KagyuTulku_4_Papyuk_thumb.jpg,,Marlene Erschbamer,1,2,2024-01-12 14:00:39,,,
2331,13860,monk 1166.jpg,monk 1166_thumb.jpg,/uploads/person/monk 1166.jpg,/uploads/person/monk 1166_thumb.jpg,1166,,1,2,2024-01-18 21:09:16,,,
2332,10647,monk 1206.jpg,monk 1206_thumb.jpg,/uploads/person/monk 1206.jpg,/uploads/person/monk 1206_thumb.jpg,1206,,1,2,2024-01-18 21:22:04,,,
2333,13861,monk 1206.jpg,monk 1206_thumb.jpg,/uploads/person/monk 1206.jpg,/uploads/person/monk 1206_thumb.jpg,1206,,1,2,2024-01-18 21:38:30,,,
2334,13862,monk 1206.jpg,monk 1206_thumb.jpg,/uploads/person/monk 1206.jpg,/uploads/person/monk 1206_thumb.jpg,1206,,1,2,2024-01-18 21:48:24,,,
2335,2803,jangsem.jpg,jangsem_thumb.jpg,/uploads/person/jangsem.jpg,/uploads/person/jangsem_thumb.jpg,86433,,1,342,2024-01-19 0:01:40,,,
2336,8592,monk 1206.jpg,monk 1206_thumb.jpg,/uploads/person/monk 1206.jpg,/uploads/person/monk 1206_thumb.jpg,,,1,2,2024-01-23 17:06:22,,,
2338,7254,Third Getse.jpg,Third Getse_thumb.jpg,/uploads/person/Third Getse.jpg,/uploads/person/Third Getse_thumb.jpg,,"Nyingma Kathok Buddhist Centre, Singapore",1,2,2024-01-24 19:39:22,,,
2339,2992,"TLongsel Nyingpo, Ronis 2004.jpg","TLongsel Nyingpo, Ronis 2004_thumb.jpg","/uploads/person/TLongsel Nyingpo, Ronis 2004.jpg","/uploads/person/TLongsel Nyingpo, Ronis 2004_thumb.jpg",,"Jann Ronis, 2004",1,2,2024-01-24 21:38:42,2,2024-01-24 21:39:20,
2340,2992,CRW_0477.jpeg,CRW_0477_thumb.jpeg,/uploads/person/CRW_0477.jpeg,/uploads/person/CRW_0477_thumb.jpeg,,"Jann Ronis, 2004",0,2,2024-01-24 21:38:58,,,
2341,2992,CRW_0481.jpeg,CRW_0481_thumb.jpeg,/uploads/person/CRW_0481.jpeg,/uploads/person/CRW_0481_thumb.jpeg,,"Jann Ronis, 2004",0,2,2024-01-24 21:39:12,,,
2342,2992,Longsel Nyingpo 996.jpeg,Longsel Nyingpo 996_thumb.jpeg,/uploads/person/Longsel Nyingpo 996.jpeg,/uploads/person/Longsel Nyingpo 996_thumb.jpeg,996,Rubin Museum acc.# P2000.22.5,0,2,2024-01-25 13:26:20,,,
2343,2992,Longsel Nyingpo 98939.jpeg,Longsel Nyingpo 98939_thumb.jpeg,/uploads/person/Longsel Nyingpo 98939.jpeg,/uploads/person/Longsel Nyingpo 98939_thumb.jpeg,98939,,0,2,2024-01-25 13:27:34,,,
2344,8539,Sonam Deutsen 98939.jpeg,Sonam Deutsen 98939_thumb.jpeg,/uploads/person/Sonam Deutsen 98939.jpeg,/uploads/person/Sonam Deutsen 98939_thumb.jpeg,98939,,1,2,2024-01-25 14:07:20,,,
2345,13863,65340 Virupa.jpeg,65340 Virupa_thumb.jpeg,/uploads/person/65340 Virupa.jpeg,/uploads/person/65340 Virupa_thumb.jpeg,65340,Rubin Museum of Art C2004.14.1,0,2,2024-01-25 17:27:30,,,
2346,13863,Zhamar 04 91444.jpeg,Zhamar 04 91444_thumb.jpeg,/uploads/person/Zhamar 04 91444.jpeg,/uploads/person/Zhamar 04 91444_thumb.jpeg,91444,,0,2,2024-01-25 17:27:53,,,
2347,13863,Vanaratna Kronos.jpeg,Vanaratna Kronos_thumb.jpeg,/uploads/person/Vanaratna Kronos.jpeg,/uploads/person/Vanaratna Kronos_thumb.jpeg,,Kronos Collections,0,2,2024-01-25 17:30:38,,,
2348,13863,P1994.15.1.jpeg,P1994.15.1_thumb.jpeg,/uploads/person/P1994.15.1.jpeg,/uploads/person/P1994.15.1_thumb.jpeg,,Rubin Museum of Art P1994.15.1,1,2,2024-01-25 17:34:16,,,
2349,13863,Vajradhara 31346.jpeg,Vajradhara 31346_thumb.jpeg,/uploads/person/Vajradhara 31346.jpeg,/uploads/person/Vajradhara 31346_thumb.jpeg,31346,,0,2,2024-01-25 18:06:05,,,
2350,12982,Khenpo Dorje3.jpg,Khenpo Dorje3_thumb.jpg,/uploads/person/Khenpo Dorje3.jpg,/uploads/person/Khenpo Dorje3_thumb.jpg,,,1,2,2024-01-25 18:48:27,,,
2351,12982,Khenpo Dorje 1.jpg,Khenpo Dorje 1_thumb.jpg,/uploads/person/Khenpo Dorje 1.jpg,/uploads/person/Khenpo Dorje 1_thumb.jpg,,,0,2,2024-01-25 18:48:46,,,
2352,12982,Khenpo Dorje2.jpg,Khenpo Dorje2_thumb.jpg,/uploads/person/Khenpo Dorje2.jpg,/uploads/person/Khenpo Dorje2_thumb.jpg,,,0,2,2024-01-25 18:48:55,,,
2353,3936,drigung-lotsawa.jpg,drigung-lotsawa_thumb.jpg,/uploads/person/drigung-lotsawa.jpg,/uploads/person/drigung-lotsawa_thumb.jpg,,"ngo sprod rgyud gsum gsal byed, mi rigs dpe skrun",1,342,2024-01-26 14:57:08,,,
2355,40,A_593-04-10.jpg,A_593-04-10_thumb.jpg,/uploads/person/A_593-04-10.jpg,/uploads/person/A_593-04-10_thumb.jpg,,,1,2,2024-01-26 18:06:35,,,
2356,3417,Rinchen Lingpa.jpeg,Rinchen Lingpa_thumb.jpeg,/uploads/person/Rinchen Lingpa.jpeg,/uploads/person/Rinchen Lingpa_thumb.jpeg,,"BDRC W8LS32728, image 705",1,2,2024-01-29 15:39:25,2,2024-01-29 15:40:35,
2357,13864,official 1166 standing.jpg,official 1166 standing_thumb.jpg,/uploads/person/official 1166 standing.jpg,/uploads/person/official 1166 standing_thumb.jpg,1166,,1,2,2024-01-29 19:18:08,,,
2358,13865,official 1166 standing.jpg,official 1166 standing_thumb.jpg,/uploads/person/official 1166 standing.jpg,/uploads/person/official 1166 standing_thumb.jpg,1166,,1,2,2024-01-29 20:44:44,,,
2359,13866,1164 good doctor.jpg,1164 good doctor_thumb.jpg,/uploads/person/1164 good doctor.jpg,/uploads/person/1164 good doctor_thumb.jpg,1164,,1,2,2024-01-29 20:57:09,,,
2360,13867,monk 1206.jpg,monk 1206_thumb.jpg,/uploads/person/monk 1206.jpg,/uploads/person/monk 1206_thumb.jpg,1206,,1,2,2024-01-29 21:32:19,,,
2361,13868,official 1166 standing.jpg,official 1166 standing_thumb.jpg,/uploads/person/official 1166 standing.jpg,/uploads/person/official 1166 standing_thumb.jpg,1166,,1,2,2024-01-29 22:02:32,,,
2362,9083,Apang Terton Holly Gayley 2006.jpg,Apang Terton Holly Gayley 2006_thumb.jpg,/uploads/person/Apang Terton Holly Gayley 2006.jpg,/uploads/person/Apang Terton Holly Gayley 2006_thumb.jpg,,"Holly Gayley, 2006",1,2,2024-01-30 20:08:17,,,
2363,1628,Machik Jobum.jpeg,Machik Jobum_thumb.jpeg,/uploads/person/Machik Jobum.jpeg,/uploads/person/Machik Jobum_thumb.jpeg,,"Dzam thang mkhan po, p. 77",0,2,2024-02-01 21:01:32,342,2025-05-27 22:36:17,
2364,13869,"Trandruk bell, Tucci fig. 5.jpeg","Trandruk bell, Tucci fig. 5_thumb.jpeg","/uploads/person/Trandruk bell, Tucci fig. 5.jpeg","/uploads/person/Trandruk bell, Tucci fig. 5_thumb.jpeg",,,1,2,2024-02-02 20:39:21,,,"Tucci, fig. 5"
2366,13870,Sanggye Gyeltsen 98406.jpeg,Sanggye Gyeltsen 98406_thumb.jpeg,/uploads/person/Sanggye Gyeltsen 98406.jpeg,/uploads/person/Sanggye Gyeltsen 98406_thumb.jpeg,98406,,1,2,2024-02-05 18:19:53,,,
2368,2918,dawa-gyeltsen.jpg,dawa-gyeltsen_thumb.jpg,/uploads/person/dawa-gyeltsen.jpg,/uploads/person/dawa-gyeltsen_thumb.jpg,80085,,1,2,2024-02-05 19:20:10,,,
2369,2958,Lopon_Tenzin_Namdak_Rimpoche.jpg,Lopon_Tenzin_Namdak_Rimpoche_thumb.jpg,/uploads/person/Lopon_Tenzin_Namdak_Rimpoche.jpg,/uploads/person/Lopon_Tenzin_Namdak_Rimpoche_thumb.jpg,,,1,2,2024-02-07 15:55:17,,,
2370,40,Acharya Sempa Dorje.jpeg,Acharya Sempa Dorje_thumb.jpeg,/uploads/person/Acharya Sempa Dorje.jpeg,/uploads/person/Acharya Sempa Dorje_thumb.jpeg,,,0,2,2024-02-09 15:47:29,,,
2371,40,DSC00160.jpeg,DSC00160_thumb.jpeg,/uploads/person/DSC00160.jpeg,/uploads/person/DSC00160_thumb.jpeg,,,0,2,2024-02-09 15:47:38,,,
2372,10019,Dudjom_and_Chatral_Sangye_Dorje.jpg,Dudjom_and_Chatral_Sangye_Dorje_thumb.jpg,/uploads/person/Dudjom_and_Chatral_Sangye_Dorje.jpg,/uploads/person/Dudjom_and_Chatral_Sangye_Dorje_thumb.jpg,,,0,2,2024-02-12 16:01:16,,,
2374,10019,Dudjom_with_crown.jpg,Dudjom_with_crown_thumb.jpg,/uploads/person/Dudjom_with_crown.jpg,/uploads/person/Dudjom_with_crown_thumb.jpg,,,0,2,2024-02-12 16:01:35,,,
2375,10019,img05.jpg,img05_thumb.jpg,/uploads/person/img05.jpg,/uploads/person/img05_thumb.jpg,,,0,2,2024-02-12 16:01:40,,,
2377,10019,DudjomRinpocheKalimpong.jpg,DudjomRinpocheKalimpong_thumb.jpg,/uploads/person/DudjomRinpocheKalimpong.jpg,/uploads/person/DudjomRinpocheKalimpong_thumb.jpg,,,0,2,2024-02-12 16:01:58,,,
2378,10019,DR.jpeg,DR_thumb.jpeg,/uploads/person/DR.jpeg,/uploads/person/DR_thumb.jpeg,,,0,2,2024-02-12 16:02:39,,,
2381,10019,Dudjom.jpg,Dudjom_thumb.jpg,/uploads/person/Dudjom.jpg,/uploads/person/Dudjom_thumb.jpg,,"Namgyal Institute of Tibetology, Sikkim",0,2,2024-02-12 16:08:31,,,With Prince Paldor Namgyal and Maharani Kunzang Dechen Tshomo Namgyal
2382,13877,woman 1148.jpg,woman 1148_thumb.jpg,/uploads/person/woman 1148.jpg,/uploads/person/woman 1148_thumb.jpg,1148,,1,2,2024-02-20 20:10:54,,,
2383,13878,woman 1148.jpg,woman 1148_thumb.jpg,/uploads/person/woman 1148.jpg,/uploads/person/woman 1148_thumb.jpg,1148,,1,2,2024-02-20 20:46:46,,,
2384,13879,Khordong Choktrul Gyurme Dorje.jpg,Khordong Choktrul Gyurme Dorje_thumb.jpg,/uploads/person/Khordong Choktrul Gyurme Dorje.jpg,/uploads/person/Khordong Choktrul Gyurme Dorje_thumb.jpg,,Chi med nor bu,1,2,2024-03-05 15:47:00,,,
2385,13616,nangsa.jpg,nangsa_thumb.jpg,/uploads/person/nangsa.jpg,/uploads/person/nangsa_thumb.jpg,,,0,342,2024-03-07 16:43:50,,,"snang sa 'od 'bum gyi rnam thar, 2004, BDRC WA4CZ332381"
2386,13882,woman 1148.jpg,woman 1148_thumb.jpg,/uploads/person/woman 1148.jpg,/uploads/person/woman 1148_thumb.jpg,1148,,1,2,2024-04-10 14:30:45,,,
2387,13883,woman 1148.jpg,woman 1148_thumb.jpg,/uploads/person/woman 1148.jpg,/uploads/person/woman 1148_thumb.jpg,1148,,1,2,2024-04-15 20:15:48,,,
2391,13884,IMG_4719.jpeg,IMG_4719_thumb.jpeg,/uploads/person/IMG_4719.jpeg,/uploads/person/IMG_4719_thumb.jpeg,,,0,2,2024-04-23 19:43:30,,,
2392,13884,IMG_4725.jpeg,IMG_4725_thumb.jpeg,/uploads/person/IMG_4725.jpeg,/uploads/person/IMG_4725_thumb.jpeg,,,0,2,2024-04-23 19:43:37,,,
2393,13884,IMG_4744.jpeg,IMG_4744_thumb.jpeg,/uploads/person/IMG_4744.jpeg,/uploads/person/IMG_4744_thumb.jpeg,,,0,2,2024-04-23 19:43:44,,,
2394,13884,Fourth Katok Getse.jpeg,Fourth Katok Getse_thumb.jpeg,/uploads/person/Fourth Katok Getse.jpeg,/uploads/person/Fourth Katok Getse_thumb.jpeg,,,1,2,2024-04-24 12:47:38,,,
2395,13884,Getse04.jpeg,Getse04_thumb.jpeg,/uploads/person/Getse04.jpeg,/uploads/person/Getse04_thumb.jpeg,,,0,2,2024-04-24 12:47:45,,,
2396,13139,AyuKhandroMerigar.jpeg,AyuKhandroMerigar_thumb.jpeg,/uploads/person/AyuKhandroMerigar.jpeg,/uploads/person/AyuKhandroMerigar_thumb.jpeg,,"Merigar, Italy",1,2,2024-05-23 14:14:10,,,
2397,13885,Khandro_Ogyan_Tsomo.jpg,Khandro_Ogyan_Tsomo_thumb.jpg,/uploads/person/Khandro_Ogyan_Tsomo.jpg,/uploads/person/Khandro_Ogyan_Tsomo_thumb.jpg,,,1,2,2024-05-23 15:06:03,,,
2398,12980,Arik_Rinpoche.jpg,Arik_Rinpoche_thumb.jpg,/uploads/person/Arik_Rinpoche.jpg,/uploads/person/Arik_Rinpoche_thumb.jpg,,Mathew Pistono,1,2,2024-05-28 21:21:18,,,
2400,12980,Arik Tulku.jpeg,Arik Tulku_thumb.jpeg,/uploads/person/Arik Tulku.jpeg,/uploads/person/Arik Tulku_thumb.jpeg,,Joseph McClellan,0,2,2024-05-29 12:33:25,,,Statue at Yachen Gar
2401,13886,Choza-from-Charles-2400-001.jpg,Choza-from-Charles-2400-001_thumb.jpg,/uploads/person/Choza-from-Charles-2400-001.jpg,/uploads/person/Choza-from-Charles-2400-001_thumb.jpg,,Charles Ramble,1,2,2024-05-29 12:40:21,,,
2402,13888,Choza.jpg,Choza_thumb.jpg,/uploads/person/Choza.jpg,/uploads/person/Choza_thumb.jpg,,Charles Ramble,1,2,2024-06-18 15:51:58,,,
2403,13888,Choza-Bonmo.jpg,Choza-Bonmo_thumb.jpg,/uploads/person/Choza-Bonmo.jpg,/uploads/person/Choza-Bonmo_thumb.jpg,,Geshe Monlam Wanggyel,0,2,2024-06-18 15:53:24,,,"The Heart Essence of the Khandro, p. 16"
2404,9469,top-figure.jpeg,top-figure_thumb.jpeg,/uploads/person/top-figure.jpeg,/uploads/person/top-figure_thumb.jpeg,,,1,2,2024-06-27 16:02:47,,,private collection
2405,9278,NamkhaiNorbu.jpeg,NamkhaiNorbu_thumb.jpeg,/uploads/person/NamkhaiNorbu.jpeg,/uploads/person/NamkhaiNorbu_thumb.jpeg,,"Garab, 15 November 2015",0,2,2024-07-23 13:26:15,,,
2409,9278,NN Rome.jpg,NN Rome_thumb.jpg,/uploads/person/NN Rome.jpg,/uploads/person/NN Rome_thumb.jpg,,,0,2,2024-07-23 15:56:27,,,
2410,0,Baggi_ HR_ ©DSC_0641.jpg,Baggi_ HR_ ©DSC_0641_thumb.jpg,/uploads/person/Baggi_ HR_ ©DSC_0641.jpg,/uploads/person/Baggi_ HR_ ©DSC_0641_thumb.jpg,,Baggi,0,2,2024-07-31 18:24:52,,,
2411,0,Baggi_ HR_ ©DSC_0641.jpg,Baggi_ HR_ ©DSC_0641_thumb.jpg,/uploads/person/Baggi_ HR_ ©DSC_0641.jpg,/uploads/person/Baggi_ HR_ ©DSC_0641_thumb.jpg,,Baggi,0,2,2024-07-31 18:25:34,,,
2412,0,Baggi_ HR_ ©DSC_0641.jpg,Baggi_ HR_ ©DSC_0641_thumb.jpg,/uploads/person/Baggi_ HR_ ©DSC_0641.jpg,/uploads/person/Baggi_ HR_ ©DSC_0641_thumb.jpg,,Baggi,0,2,2024-08-01 20:28:05,,,
2413,9278,Baggi_ HR_ ©DSC_0641.jpeg,Baggi_ HR_ ©DSC_0641_thumb.jpeg,/uploads/person/Baggi_ HR_ ©DSC_0641.jpeg,/uploads/person/Baggi_ HR_ ©DSC_0641_thumb.jpeg,,Baggi,1,2,2024-08-01 20:30:01,,,
2414,9278,Elena Ihilcik.jpeg,Elena Ihilcik_thumb.jpeg,/uploads/person/Elena Ihilcik.jpeg,/uploads/person/Elena Ihilcik_thumb.jpeg,,Elena Ihilcik,0,2,2024-08-01 20:30:28,,,
2415,9278,Liane Graf-ChNN 39.jpeg,Liane Graf-ChNN 39_thumb.jpeg,/uploads/person/Liane Graf-ChNN 39.jpeg,/uploads/person/Liane Graf-ChNN 39_thumb.jpeg,,Liane Graf,0,2,2024-08-01 20:30:42,,,
2416,9278,Roma 1961.jpg,Roma 1961_thumb.jpg,/uploads/person/Roma 1961.jpg,/uploads/person/Roma 1961_thumb.jpg,,,0,2,2024-08-01 20:37:32,,,"Lanciotti, Geshe Jampel Singe, Lobsang Samten, Chögyal Namkhai Norbu, Petech, IsMEO, Rome, 1961"
2417,2953,10th-Panchen-Lama.jpeg,10th-Panchen-Lama_thumb.jpeg,/uploads/person/10th-Panchen-Lama.jpeg,/uploads/person/10th-Panchen-Lama_thumb.jpeg,,,0,2,2024-08-05 22:18:12,,,
2418,2953,image-10th-Panchen-Lama.jpeg,image-10th-Panchen-Lama_thumb.jpeg,/uploads/person/image-10th-Panchen-Lama.jpeg,/uploads/person/image-10th-Panchen-Lama_thumb.jpeg,,,1,2,2024-08-05 22:18:23,,,
2419,2953,Penchen.jpeg,Penchen_thumb.jpeg,/uploads/person/Penchen.jpeg,/uploads/person/Penchen_thumb.jpeg,,,0,2,2024-08-05 22:18:33,,,
2420,2953,Panchen Lama 1.jpeg,Panchen Lama 1_thumb.jpeg,/uploads/person/Panchen Lama 1.jpeg,/uploads/person/Panchen Lama 1_thumb.jpeg,,,0,2,2024-08-05 22:18:45,,,
2421,2953,panchen-lama-wife-daughter-209x300.jpeg,panchen-lama-wife-daughter-209x300_thumb.jpeg,/uploads/person/panchen-lama-wife-daughter-209x300.jpeg,/uploads/person/panchen-lama-wife-daughter-209x300_thumb.jpeg,,,0,2,2024-08-05 22:19:51,,,
2422,3822,9.PanchenLama_inChina1934.jpeg,9.PanchenLama_inChina1934_thumb.jpeg,/uploads/person/9.PanchenLama_inChina1934.jpeg,/uploads/person/9.PanchenLama_inChina1934_thumb.jpeg,,,1,2,2024-08-06 14:51:42,,,
2423,3822,Screen Shot 2022-09-28 at 10.35.52 AM.jpeg,Screen Shot 2022-09-28 at 10.35.52 AM_thumb.jpeg,/uploads/person/Screen Shot 2022-09-28 at 10.35.52 AM.jpeg,/uploads/person/Screen Shot 2022-09-28 at 10.35.52 AM_thumb.jpeg,,,0,2,2024-08-06 14:53:37,,,
2424,3822,9thPanchen.jpeg,9thPanchen_thumb.jpeg,/uploads/person/9thPanchen.jpeg,/uploads/person/9thPanchen_thumb.jpeg,,,0,2,2024-08-06 14:54:23,,,
2428,2953,Panchen1964.jpeg,Panchen1964_thumb.jpeg,/uploads/person/Panchen1964.jpeg,/uploads/person/Panchen1964_thumb.jpeg,,,0,2,2024-08-06 22:13:29,,,"Struggle session, 1964"
2429,3004,Tennyi Lingpa.jpeg,Tennyi Lingpa_thumb.jpeg,/uploads/person/Tennyi Lingpa.jpeg,/uploads/person/Tennyi Lingpa_thumb.jpeg,,Michael Burroughs,1,2,2024-08-19 21:16:05,,,
2430,10298,Gyelse Lekpa.jpg,Gyelse Lekpa_thumb.jpg,/uploads/person/Gyelse Lekpa.jpg,/uploads/person/Gyelse Lekpa_thumb.jpg,,"jam dbyangs rdo rje, vol. 1, p. 197",1,2,2024-08-21 20:43:48,,,
2431,4935,monk 1206.jpg,monk 1206_thumb.jpg,/uploads/person/monk 1206.jpg,/uploads/person/monk 1206_thumb.jpg,1206,,1,2,2024-08-21 21:00:19,,,
2432,4909,Princess_Pema_Sal.jpg,Princess_Pema_Sal_thumb.jpg,/uploads/person/Princess_Pema_Sal.jpg,/uploads/person/Princess_Pema_Sal_thumb.jpg,,,1,2,2024-09-05 19:26:38,,,
2434,13540,lhaimetok.jpg,lhaimetok_thumb.jpg,/uploads/person/lhaimetok.jpg,/uploads/person/lhaimetok_thumb.jpg,,,1,342,2024-10-09 14:15:20,342,2025-05-27 22:19:47,Original artwork kindly commissioned and provided by Dagmo Kalden
2436,13895,101_0407.jpeg,101_0407_thumb.jpeg,/uploads/person/101_0407.jpeg,/uploads/person/101_0407_thumb.jpeg,,,1,2,2024-11-13 21:49:00,,,
2438,13895,VenerableKhanpoThuptenAndPupil.jpeg,VenerableKhanpoThuptenAndPupil_thumb.jpeg,/uploads/person/VenerableKhanpoThuptenAndPupil.jpeg,/uploads/person/VenerableKhanpoThuptenAndPupil_thumb.jpeg,,Marilyn Silverstone,0,2,2024-11-13 21:50:23,,,
2440,13799,aniruddh-mahathera.jpeg,aniruddh-mahathera_thumb.jpeg,/uploads/person/aniruddh-mahathera.jpeg,/uploads/person/aniruddh-mahathera_thumb.jpeg,,,1,2,2024-11-13 22:29:08,,,"In Burma, 1937"
2441,13894,dekyi-chodron.jpg,dekyi-chodron_thumb.jpg,/uploads/person/dekyi-chodron.jpg,/uploads/person/dekyi-chodron_thumb.jpg,73434,,1,342,2024-11-15 18:56:16,342,2024-11-15 19:11:54,
2442,13895,Vajrasattva Khanpo Thupten.jpeg,Vajrasattva Khanpo Thupten_thumb.jpeg,/uploads/person/Vajrasattva Khanpo Thupten.jpeg,/uploads/person/Vajrasattva Khanpo Thupten_thumb.jpeg,,Private Collection,0,2,2024-11-19 15:03:36,,,Silk appliqué by Rahor Khanpo Thupten
2443,8583,1DrubchenChöyingRangdrol1Skal1.jpeg,1DrubchenChöyingRangdrol1Skal1_thumb.jpeg,/uploads/person/1DrubchenChöyingRangdrol1Skal1.jpeg,/uploads/person/1DrubchenChöyingRangdrol1Skal1_thumb.jpeg,,Gerd Manusch,1,2,2024-12-13 17:06:57,,,
2444,6010,Mawo5Son1NamkaPal.jpg,Mawo5Son1NamkaPal_thumb.jpg,/uploads/person/Mawo5Son1NamkaPal.jpg,/uploads/person/Mawo5Son1NamkaPal_thumb.jpg,,Gerd Manusch,1,2,2024-12-20 15:14:17,,,
2445,5999,Mawo5N1_1NyangralNÖ.jpg,Mawo5N1_1NyangralNÖ_thumb.jpg,/uploads/person/Mawo5N1_1NyangralNÖ.jpg,/uploads/person/Mawo5N1_1NyangralNÖ_thumb.jpg,,Gerd Manusch,0,2,2024-12-20 15:16:26,,,
2446,13208,"Bell, 1928.jpeg","Bell, 1928_thumb.jpeg","/uploads/person/Bell, 1928.jpeg","/uploads/person/Bell, 1928_thumb.jpeg",,Rabten Lebcha,0,2,2024-12-20 16:38:59,,,"Samding Monastery, 1920"
2447,13208,BM 1613079461.jpeg,BM 1613079461_thumb.jpeg,/uploads/person/BM 1613079461.jpeg,/uploads/person/BM 1613079461_thumb.jpeg,,British Library,0,2,2024-12-20 16:39:32,,,"Arthur Hopkinson, 1927"
2448,13208,Hopkinson detail.jpeg,Hopkinson detail_thumb.jpeg,/uploads/person/Hopkinson detail.jpeg,/uploads/person/Hopkinson detail_thumb.jpeg,,British Museum 1613079461,1,2,2024-12-20 16:42:31,,,"Hopkinson, 1927"
2449,13165,Thongjung1.jpg,Thongjung1_thumb.jpg,/uploads/person/Thongjung1.jpg,/uploads/person/Thongjung1_thumb.jpg,,Gerd Manusch,1,2,2025-01-02 12:44:10,,,
2450,4476,Zilnön_Namkhé_Dorjé.jpg,Zilnön_Namkhé_Dorjé_thumb.jpg,/uploads/person/Zilnön_Namkhé_Dorjé.jpg,/uploads/person/Zilnön_Namkhé_Dorjé_thumb.jpg,,"Namkhai Tulku Lopchan, Rigpa Wiki",1,2,2025-01-02 14:06:29,,,
2455,8579,monk 1206.jpg,monk 1206_thumb.jpg,/uploads/person/monk 1206.jpg,/uploads/person/monk 1206_thumb.jpg,1206,,1,2,2025-01-31 23:01:18,,,
2456,13896,monk 1206.jpg,monk 1206_thumb.jpg,/uploads/person/monk 1206.jpg,/uploads/person/monk 1206_thumb.jpg,1206,,1,2,2025-01-31 23:35:01,,,
2457,9203,khenpo-yonten-gonpo.jpg,khenpo-yonten-gonpo_thumb.jpg,/uploads/person/khenpo-yonten-gonpo.jpg,/uploads/person/khenpo-yonten-gonpo_thumb.jpg,,,1,342,2025-02-03 22:55:57,,,
2458,13215,samding.jpg,samding_thumb.jpg,/uploads/person/samding.jpg,/uploads/person/samding_thumb.jpg,,"The Pitt Rivers Museum, Collection of Charles Bell",1,342,2025-03-10 19:16:16,,,Photo possibly by Rabten Lepcha
2459,13214,samding.jpg,samding_thumb.jpg,/uploads/person/samding.jpg,/uploads/person/samding_thumb.jpg,,"The Pitt Rivers Museum, Collection of Charles Bell",1,342,2025-03-10 19:27:36,,,Photography possibly by Rabden Lepcha
2460,13213,samding.jpg,samding_thumb.jpg,/uploads/person/samding.jpg,/uploads/person/samding_thumb.jpg,,"The Pitt Rivers Museum, Collection of Charles Bell",1,342,2025-03-10 19:28:43,,,Photograph possibly by Rabten Lepcha
2461,13212,samding.jpg,samding_thumb.jpg,/uploads/person/samding.jpg,/uploads/person/samding_thumb.jpg,,"The Pitt Rivers Museum, Collection of Charles Bell",0,342,2025-03-10 19:37:29,,,Photography possibly by Rabten Lepcha
2463,13211,samding.jpg,samding_thumb.jpg,/uploads/person/samding.jpg,/uploads/person/samding_thumb.jpg,,"The Pitt Rivers Museum, Collection of Charles Bell",1,342,2025-03-10 19:39:43,,,Photography possibly by Rabten Lepcha
2464,13210,samding.jpg,samding_thumb.jpg,/uploads/person/samding.jpg,/uploads/person/samding_thumb.jpg,,"The Pitt Rivers Museum, Collection of Charles Bell",1,342,2025-03-10 19:40:27,,,Photography possibly by Rabten Lepcha
2465,10253,samding.jpg,samding_thumb.jpg,/uploads/person/samding.jpg,/uploads/person/samding_thumb.jpg,,"The Pitt Rivers Museum, Collection of Charles Bell",1,342,2025-03-10 19:41:07,,,Photography possibly by Rabten Lepcha
2466,13209,samding.jpg,samding_thumb.jpg,/uploads/person/samding.jpg,/uploads/person/samding_thumb.jpg,,"The Pitt Rivers Museum, Collection of Charles Bell",1,342,2025-03-10 19:42:09,,,Photography possibly by Rabten Lepcha
2467,7427,SangdaDorji1.jpeg,SangdaDorji1_thumb.jpeg,/uploads/person/SangdaDorji1.jpeg,/uploads/person/SangdaDorji1_thumb.jpeg,,,1,342,2025-03-26 14:43:07,,,
2468,7427,SangdaDorji2.jpeg,SangdaDorji2_thumb.jpeg,/uploads/person/SangdaDorji2.jpeg,/uploads/person/SangdaDorji2_thumb.jpeg,,,0,342,2025-03-26 14:43:13,,,
2469,7427,SangdaDorji3.jpeg,SangdaDorji3_thumb.jpeg,/uploads/person/SangdaDorji3.jpeg,/uploads/person/SangdaDorji3_thumb.jpeg,,Dhogon Family Collection,0,342,2025-03-26 14:44:21,342,2025-03-26 14:44:32,"Denam Dhogonpa, Sangda Dhogonpa, Jampa Chokyi Shokhang, and Dechen Dolkar Dhogonpa (L to R)"
2470,7427,SangdaDorji4.jpeg,SangdaDorji4_thumb.jpeg,/uploads/person/SangdaDorji4.jpeg,/uploads/person/SangdaDorji4_thumb.jpeg,,Dhogon Family Collection,0,342,2025-03-26 14:44:59,342,2025-03-26 14:45:08,Sangda Dorji and Thubten Lhamo
2471,7427,SangdaDorji5.jpeg,SangdaDorji5_thumb.jpeg,/uploads/person/SangdaDorji5.jpeg,/uploads/person/SangdaDorji5_thumb.jpeg,,,0,342,2025-03-26 14:45:50,342,2025-03-26 17:35:47,Sanda Dorji presenting at a calligraphy conference in Lhasa
2472,13901,Drigung Khandro by Chris Flynn.jpeg,Drigung Khandro by Chris Flynn_thumb.jpeg,/uploads/person/Drigung Khandro by Chris Flynn.jpeg,/uploads/person/Drigung Khandro by Chris Flynn_thumb.jpeg,,Chris Flynn,1,2,2025-03-26 15:28:33,,,
2473,7427,SangdaDorji6.jpg,SangdaDorji6_thumb.jpg,/uploads/person/SangdaDorji6.jpg,/uploads/person/SangdaDorji6_thumb.jpg,,https://ti.zangdiyg.cn/article/detail/id/7634.html,0,342,2025-03-26 15:55:30,342,2025-03-26 15:55:52,Calligraphy by Sangda Dorji
2474,7427,SangdaDorji7.jpg,SangdaDorji7_thumb.jpg,/uploads/person/SangdaDorji7.jpg,/uploads/person/SangdaDorji7_thumb.jpg,,https://ti.zangdiyg.cn/article/detail/id/7634.html,0,342,2025-03-26 15:55:44,,,Calligraphy by Sangda Dorji
2475,13699,Jampel Rinchen in Darjeeling.jpeg,Jampel Rinchen in Darjeeling_thumb.jpeg,/uploads/person/Jampel Rinchen in Darjeeling.jpeg,/uploads/person/Jampel Rinchen in Darjeeling_thumb.jpeg,,National Museums Liverpool 50.31.141,1,2,2025-03-27 12:51:22,2,2025-03-27 12:51:51,Jampel Rinchen in Darjeeling
2476,13903,Lama Lodro Rabsel.jpg,Lama Lodro Rabsel_thumb.jpg,/uploads/person/Lama Lodro Rabsel.jpg,/uploads/person/Lama Lodro Rabsel_thumb.jpg,,,1,2,2025-03-28 12:12:51,,,
2477,13904,Achi36277.jpg,Achi36277_thumb.jpg,/uploads/person/Achi36277.jpg,/uploads/person/Achi36277_thumb.jpg,36277,,0,2,2025-03-28 19:53:42,,,
2478,13904,36277.jpg,36277_thumb.jpg,/uploads/person/36277.jpg,/uploads/person/36277_thumb.jpg,36277,,0,2,2025-03-31 14:21:21,,,
2479,13904,36277resized.jpeg,36277resized_thumb.jpeg,/uploads/person/36277resized.jpeg,/uploads/person/36277resized_thumb.jpeg,36277,,1,2,2025-03-31 14:23:08,,,
2480,2094,Shong Loten.jpg,Shong Loten_thumb.jpg,/uploads/person/Shong Loten.jpg,/uploads/person/Shong Loten_thumb.jpg,,Gosha,1,2,2025-04-24 14:24:36,2,2025-04-24 14:25:00,Detail of Samye Monastery mural
2481,2029,Shongton.jpg,Shongton_thumb.jpg,/uploads/person/Shongton.jpg,/uploads/person/Shongton_thumb.jpg,,,0,2,2025-04-24 15:24:57,,,
2482,8194,Patsab Nyima Drak2.jpeg,Patsab Nyima Drak2_thumb.jpeg,/uploads/person/Patsab Nyima Drak2.jpeg,/uploads/person/Patsab Nyima Drak2_thumb.jpeg,,Gosha,1,2,2025-04-29 20:42:32,2,2025-05-01 13:19:29,Patsab statue at Lotsa Monastery
2483,11297,Tsere Khandro.jpg,Tsere Khandro_thumb.jpg,/uploads/person/Tsere Khandro.jpg,/uploads/person/Tsere Khandro_thumb.jpg,,,1,2,2025-05-06 20:28:13,,,
2484,5729,Sumpa Khenpo.jpeg,Sumpa Khenpo_thumb.jpeg,/uploads/person/Sumpa Khenpo.jpeg,/uploads/person/Sumpa Khenpo_thumb.jpeg,,Hanung Kim,1,2,2025-05-13 14:07:21,,,
2485,2104,chokden photo from the stupa of Gyangtse.jpg,chokden photo from the stupa of Gyangtse_thumb.jpg,/uploads/person/chokden photo from the stupa of Gyangtse.jpg,/uploads/person/chokden photo from the stupa of Gyangtse_thumb.jpg,,Gedun Rabsal,0,2,2025-05-22 21:01:48,,,
2486,2104,mangkhar-lotsawa.jpeg,mangkhar-lotsawa_thumb.jpeg,/uploads/person/mangkhar-lotsawa.jpeg,/uploads/person/mangkhar-lotsawa_thumb.jpeg,493,,1,342,2025-05-23 16:53:41,,,
2487,1628,MachikJobum.jpg,MachikJobum_thumb.jpg,/uploads/person/MachikJobum.jpg,/uploads/person/MachikJobum_thumb.jpg,,,1,342,2025-05-27 13:45:21,342,2025-05-27 22:19:26,Original artwork kindly commissioned and provided by Dagmo Kalden
2488,13566,Semarkar.jpeg,Semarkar_thumb.jpeg,/uploads/person/Semarkar.jpeg,/uploads/person/Semarkar_thumb.jpeg,,,1,342,2025-05-27 14:13:15,342,2025-05-27 22:12:45,Original artwork commissioned and kindly provided by Dagmo Kalden
2489,13815,DelokDawaDolma.jpeg,DelokDawaDolma_thumb.jpeg,/uploads/person/DelokDawaDolma.jpeg,/uploads/person/DelokDawaDolma_thumb.jpeg,,,1,342,2025-05-27 14:22:50,342,2025-05-27 22:16:08,Original artwork kindly commissioned and provided by Dagmo Kalden
2490,8459,MachikOngjo.jpeg,MachikOngjo_thumb.jpeg,/uploads/person/MachikOngjo.jpeg,/uploads/person/MachikOngjo_thumb.jpeg,,,1,342,2025-05-27 14:30:11,342,2025-05-27 22:15:36,Original artwork kindly commissioned and provided by Dagmo Kalden
2494,13719,GyariChimeDolma.jpg,GyariChimeDolma_thumb.jpg,/uploads/person/GyariChimeDolma.jpg,/uploads/person/GyariChimeDolma_thumb.jpg,,,1,342,2025-05-27 14:53:55,342,2025-05-27 22:17:21,Original artwork kindly commissioned and provided by Dagmo Kalden
2495,2504,MachikZhama.jpeg,MachikZhama_thumb.jpeg,/uploads/person/MachikZhama.jpeg,/uploads/person/MachikZhama_thumb.jpeg,,,1,342,2025-05-27 15:29:05,342,2025-05-27 22:18:55,Original artwork kindly commissioned and provided by Dagmo Kalden
2496,1720,JochamPurmo.jpeg,JochamPurmo_thumb.jpeg,/uploads/person/JochamPurmo.jpeg,/uploads/person/JochamPurmo_thumb.jpeg,,,1,342,2025-05-27 15:31:11,342,2025-05-27 22:18:28,Original artwork kindly commissioned and provided by Dagmo Kalden
2497,13616,NangsaWobum.jpeg,NangsaWobum_thumb.jpeg,/uploads/person/NangsaWobum.jpeg,/uploads/person/NangsaWobum_thumb.jpeg,,,1,342,2025-05-27 15:33:59,342,2025-05-27 22:13:34,Original artwork kindly commissioned and provided by Dagmo Kalden
2498,13509,Trimalo.jpeg,Trimalo_thumb.jpeg,/uploads/person/Trimalo.jpeg,/uploads/person/Trimalo_thumb.jpeg,,,1,342,2025-05-27 15:38:39,342,2025-05-27 22:14:08,Original artwork kindly commissioned and provided by Dagmo Kalden
2499,11508,Lhamo Lhamchung.jpg,Lhamo Lhamchung_thumb.jpg,/uploads/person/Lhamo Lhamchung.jpg,/uploads/person/Lhamo Lhamchung_thumb.jpg,,,1,2,2025-06-17 10:28:40,,,
2500,13244,Drakpa Gyeltsen 65168.jpeg,Drakpa Gyeltsen 65168_thumb.jpeg,/uploads/person/Drakpa Gyeltsen 65168.jpeg,/uploads/person/Drakpa Gyeltsen 65168_thumb.jpeg,65168,,1,2,2025-06-18 13:00:52,,,
2501,1798,Chak Lotsawa 87223.jpeg,Chak Lotsawa 87223_thumb.jpeg,/uploads/person/Chak Lotsawa 87223.jpeg,/uploads/person/Chak Lotsawa 87223_thumb.jpeg,87223,,1,2,2025-06-18 14:16:58,,,
2502,6101,Bari Lotsawa.jpg,Bari Lotsawa_thumb.jpg,/uploads/person/Bari Lotsawa.jpg,/uploads/person/Bari Lotsawa_thumb.jpg,,,1,2,2025-06-18 16:56:54,,,
2503,4647,woman 1148.jpg,woman 1148_thumb.jpg,/uploads/person/woman 1148.jpg,/uploads/person/woman 1148_thumb.jpg,1148,,1,2,2025-07-02 16:28:24,,,
2504,6879,monk 1206.jpg,monk 1206_thumb.jpg,/uploads/person/monk 1206.jpg,/uploads/person/monk 1206_thumb.jpg,1206,,1,2,2025-07-02 16:29:11,,,
2505,2511,monk 1166.jpg,monk 1166_thumb.jpg,/uploads/person/monk 1166.jpg,/uploads/person/monk 1166_thumb.jpg,1166,,1,2,2025-07-02 16:29:37,,,
2506,6328,dpyal chos kyi bzang po-Gyangtse Stupa.jpeg,dpyal chos kyi bzang po-Gyangtse Stupa_thumb.jpeg,/uploads/person/dpyal chos kyi bzang po-Gyangtse Stupa.jpeg,/uploads/person/dpyal chos kyi bzang po-Gyangtse Stupa_thumb.jpeg,,Gosha,1,2,2025-07-25 15:11:38,,,
2507,10019,DudjomRinpocheYoung.jpg,DudjomRinpocheYoung_thumb.jpg,/uploads/person/DudjomRinpocheYoung.jpg,/uploads/person/DudjomRinpocheYoung_thumb.jpg,,,0,342,2025-08-08 16:41:46,,,